# Blender 4.3.2
# www.blender.org
mtllib untitledbetaaaaaaaaaa.mtl
o gaz2975_nomg_body.081
v 42.816940 9.432858 43.045025
v 42.436745 11.351742 10.477258
v 42.435070 11.351559 38.850300
v 42.052723 13.272758 43.045025
v 42.822430 9.404831 7.782711
v 42.845798 7.619347 38.173843
v 42.845539 -0.627781 38.110165
v 42.846687 -0.678703 41.375767
v 42.848984 -7.758755 41.375778
v 42.846867 -21.731327 43.045021
v 43.125248 13.272758 43.045033
v 43.889442 9.432858 43.045033
v 43.919369 -21.731327 43.045029
v 43.920071 -21.731327 20.800068
v 43.920315 1.241329 17.944620
v 43.920238 2.397446 19.455263
v 43.920101 4.655609 19.900251
v 43.919964 6.913773 19.455263
v 43.919903 8.123718 17.944601
v 43.007427 4.655556 19.900221
v 43.007294 6.913719 19.455236
v 43.007645 1.241280 17.944593
v 43.007229 8.123665 17.944574
v 43.007168 8.579151 15.988929
v 43.919830 8.579197 15.988955
v 43.894943 9.404831 7.782711
v 43.920017 8.221565 13.721143
v 43.920017 5.237614 15.988970
v 43.007355 5.237598 15.988942
v 43.007530 4.215618 15.988955
v 43.007355 5.237598 13.680820
v 43.920193 5.254227 13.680831
v 43.920414 1.310883 13.599168
v 43.920303 4.269543 13.680766
v 43.920391 0.839680 15.988997
v 43.920197 4.242596 15.988980
v 43.007530 4.215618 13.680830
v 43.007717 0.839634 15.988970
v 43.920475 -0.654179 7.781399
v 42.847965 -0.654179 7.781399
v 42.847897 -0.180325 9.450698
v 42.847561 -21.731327 20.800068
v 42.848110 7.607719 9.451732
v 39.676285 7.607620 9.451702
v 39.673973 7.619228 38.130966
v 39.676048 -0.402985 23.708792
v 39.676060 -0.180428 9.450665
v 39.676250 -7.758759 14.131561
v 42.848076 -7.758751 14.131647
v 39.677151 -7.758755 41.375751
v 39.676018 -0.627781 38.110157
v 39.676006 -0.678757 41.375751
v 43.469761 11.541576 38.850300
v 40.686337 25.549297 10.475188
v 40.100540 28.505741 7.779892
v 43.471478 11.541759 10.477272
v 40.077534 28.586353 38.128551
v 39.028023 28.505741 7.779892
v 39.005009 28.586353 38.128544
v 39.651604 25.359264 10.475181
v 39.648579 25.359776 35.606937
v 40.683308 25.549793 35.606937
v 42.684364 15.483913 38.838482
v 41.649616 15.293892 38.838478
v 43.007565 2.397396 19.455233
vn -0.9928 -0.1200 -0.0001
vn -0.9946 -0.1036 -0.0009
vn -0.9809 -0.1947 0.0002
vn -0.9807 -0.1953 -0.0000
vn -0.9808 -0.1952 0.0001
vn -0.0000 -0.0000 1.0000
vn -0.9999 -0.0113 -0.0015
vn -1.0000 -0.0013 -0.0032
vn -1.0000 -0.0030 0.0003
vn -1.0000 -0.0010 -0.0093
vn -1.0000 -0.0000 -0.0009
vn -1.0000 0.0001 -0.0007
vn 1.0000 -0.0000 -0.0000
vn 1.0000 0.0004 0.0005
vn -0.0000 -0.8584 -0.5131
vn -0.0000 -1.0000 -0.0000
vn 1.0000 -0.0000 0.0001
vn 1.0000 0.0001 0.0001
vn 1.0000 0.0009 0.0012
vn 0.9998 0.0219 0.0006
vn 0.0001 -0.3868 -0.9222
vn -0.0000 0.0656 -0.9978
vn 0.0001 -0.0656 -0.9978
vn 1.0000 0.0029 0.0011
vn 0.0001 -0.8659 -0.5002
vn -0.0000 -0.5952 -0.8036
vn 1.0000 0.0001 -0.0000
vn 0.0001 -0.9312 -0.3644
vn 0.0001 -0.9739 -0.2268
vn 0.9998 0.0191 0.0001
vn 0.9920 0.1265 -0.0006
vn 1.0000 0.0011 -0.0030
vn -0.0000 -0.3274 0.9449
vn -0.0000 -0.5705 0.8213
vn 1.0000 0.0002 0.0001
vn 1.0000 0.0002 -0.0000
vn 0.0182 -0.9998 -0.0000
vn 0.0167 -0.9196 0.3925
vn 0.0167 -0.9197 0.3923
vn -0.0000 -1.0000 -0.0072
vn 1.0000 0.0001 -0.0002
vn 1.0000 0.0005 -0.0006
vn -0.0000 -0.0001 1.0000
vn -0.0165 0.5584 0.8294
vn -0.0295 0.9995 0.0117
vn 0.0001 -0.0000 1.0000
vn -0.0543 0.9130 0.4044
vn -0.0539 0.9130 0.4044
vn -0.0590 0.9983 -0.0000
vn -0.0000 0.9404 -0.3400
vn -0.0000 0.5495 0.8355
vn -0.0001 0.8354 0.5496
vn -0.0000 0.8779 -0.4788
vn 1.0000 0.0012 -0.0004
vn -0.0000 0.0001 -1.0000
vn -0.0000 -0.0000 -1.0000
vn -0.0000 -0.5255 -0.8508
vn -1.0000 -0.0002 0.0009
vn -1.0000 -0.0000 -0.0000
vn -1.0000 -0.0015 0.0076
vn -1.0000 0.0001 -0.0000
vn -0.0000 -0.8584 -0.5130
vn -0.9999 -0.0025 0.0127
vn -1.0000 -0.0015 0.0075
vn -0.0000 1.0000 -0.0004
vn -0.8820 0.4712 -0.0004
vn -0.9676 0.2523 -0.0002
vn -1.0000 -0.0001 -0.0000
vn -0.8716 -0.4903 -0.0000
vn -1.0000 -0.0001 -0.0002
vn -0.9665 -0.2567 -0.0000
vn -1.0000 -0.0002 -0.0000
vn -0.0004 0.2239 0.9746
vn -0.0000 0.6727 0.7399
vn -0.0000 0.9999 0.0156
vn -0.0067 -0.0051 1.0000
vn -0.0135 -0.0025 0.9999
vn -0.0067 -0.0052 1.0000
vn -0.0000 -0.0077 1.0000
vn 0.9809 0.1946 -0.0002
vn 0.9808 0.1952 -0.0000
vn 0.9809 0.1947 0.0004
vn -0.0000 -0.0001 -1.0000
vn -0.0000 0.0001 1.0000
vn -0.1806 0.9836 -0.0000
vn 0.9807 0.1953 0.0003
vn -0.0000 1.0000 -0.0027
vn -0.9807 -0.1953 -0.0003
vn -0.9809 -0.1947 -0.0004
vn -0.9809 -0.1948 -0.0003
vn -0.9807 -0.1953 -0.0004
vn 0.1806 -0.9836 -0.0000
vn 0.0543 -0.2954 -0.9538
vn 0.9808 0.1952 -0.0001
vn 0.9807 0.1954 0.0003
vn 0.0005 -0.0029 -1.0000
vn -0.0000 0.3057 0.9521
vn -0.0000 0.3899 -0.9209
vn -0.0000 0.6042 -0.7969
vt 0.415108 0.723798
vt 0.498075 0.723864
vt 0.421448 0.728467
vt 0.488206 0.728467
vt 0.498076 0.733077
vt 0.231703 0.620680
vt 0.231703 0.623498
vt 0.221612 0.623498
vt 0.486613 0.719597
vt 0.486463 0.700193
vt 0.494147 0.700073
vt 0.494147 0.683414
vt 0.498074 0.650539
vt 0.139723 0.623498
vt 0.139723 0.620680
vt 0.221612 0.620680
vt 0.879122 0.484503
vt 0.806573 0.418089
vt 0.870875 0.418096
vt 0.196816 0.627699
vt 0.138367 0.627697
vt 0.138367 0.624879
vt 0.874755 0.487844
vt 0.873467 0.494372
vt 0.874753 0.500899
vt 0.806563 0.508179
vt 0.968992 0.206001
vt 0.968992 0.199953
vt 0.971391 0.199953
vt 0.879120 0.504397
vt 0.968992 0.211087
vt 0.971391 0.206001
vt 0.986021 0.138698
vt 0.986024 0.156782
vt 0.982054 0.153603
vt 0.980884 0.147670
vt 0.971391 0.211087
vt 0.991163 0.157978
vt 0.971391 0.216364
vt 0.968992 0.216364
vt 0.884772 0.505714
vt 0.908493 0.508100
vt 0.891327 0.504682
vt 0.884773 0.496055
vt 0.971391 0.159986
vt 0.968992 0.159986
vt 0.968992 0.151205
vt 0.971391 0.151205
vt 0.991161 0.146512
vt 0.991162 0.149198
vt 0.919507 0.010880
vt 0.913442 0.010882
vt 0.913441 0.008196
vt 0.971391 0.166051
vt 0.968992 0.166051
vt 0.891445 0.496104
vt 0.891683 0.484705
vt 0.891446 0.493258
vt 0.968992 0.168688
vt 0.884775 0.483342
vt 0.884773 0.493179
vt 0.971391 0.174753
vt 0.968992 0.174753
vt 0.971391 0.168688
vt 0.919506 0.008195
vt 0.968992 0.183660
vt 0.968992 0.188906
vt 0.971391 0.183660
vt 0.971391 0.188906
vt 0.991160 0.137642
vt 0.908501 0.479027
vt 0.139315 0.619298
vt 0.139315 0.616480
vt 0.165747 0.616480
vt 0.261910 0.624882
vt 0.261910 0.627700
vt 0.165747 0.619298
vt 0.415105 0.700130
vt 0.419033 0.701245
vt 0.419035 0.719569
vt 0.445736 0.650538
vt 0.196816 0.624881
vt 0.725445 0.592390
vt 0.786376 0.592384
vt 0.786377 0.599118
vt 0.793107 0.599119
vt 0.793107 0.615641
vt 0.725535 0.599114
vt 0.756134 0.616121
vt 0.786380 0.615643
vt 0.776452 0.631723
vt 0.782178 0.635257
vt 0.792105 0.619179
vt 0.776452 0.638453
vt 0.718656 0.638455
vt 0.430046 0.683414
vt 0.718656 0.631728
vt 0.718654 0.616710
vt 0.725582 0.616602
vt 0.638034 0.892995
vt 0.638033 0.886738
vt 0.652007 0.886740
vt 0.652007 0.893000
vt 0.631589 0.892995
vt 0.631588 0.886740
vt 0.615311 0.892997
vt 0.615312 0.886736
vt 0.900704 0.514397
vt 0.818687 0.514394
vt 0.900708 0.555680
vt 0.908499 0.564393
vt 0.215940 0.619298
vt 0.276076 0.615368
vt 0.276102 0.612603
vt 0.238571 0.612693
vt 0.350649 0.613074
vt 0.820772 0.564630
vt 0.295688 0.619298
vt 0.215940 0.616480
vt 0.295688 0.616480
vt 0.486508 0.769814
vt 0.415101 0.769618
vt 0.421443 0.762071
vt 0.480575 0.762073
vt 0.172512 0.612690
vt 0.172538 0.615454
vt 0.238553 0.615457
vt 0.144225 0.612819
vt 0.818721 0.526013
vt 0.828061 0.555680
vt 0.144283 0.615582
vt 0.133659 0.612902
vt 0.806562 0.519495
vt 0.488178 0.737926
vt 0.133723 0.615665
vt 0.273965 0.620680
vt 0.273965 0.623498
vt 0.350633 0.615839
vt 0.971391 0.193905
vt 0.968992 0.193905
vt 0.982052 0.141736
s 1
usemtl body
f 5/1/1 1/2/2 2/3/3
f 1/2/2 3/4/4 2/3/3
f 1/2/2 4/5/5 3/4/4
f 11/6/6 4/7/6 1/8/6
f 6/9/7 1/2/2 5/1/1
f 1/2/2 6/9/7 7/10/8
f 7/10/8 8/11/9 1/2/2
f 1/2/10 8/11/9 9/12/11
f 9/12/11 10/13/12 1/2/10
f 1/8/6 10/14/6 13/15/6
f 1/8/6 12/16/6 11/6/6
f 13/15/6 12/16/6 1/8/6
f 15/17/13 13/18/14 14/19/13
f 14/20/15 13/21/16 10/22/16
f 13/18/14 15/17/13 16/23/17
f 13/18/14 16/23/17 17/24/18
f 13/18/14 17/24/18 18/25/19
f 13/18/14 18/25/19 12/26/20
f 18/27/21 17/28/22 20/29/23
f 12/26/20 18/25/19 19/30/24
f 19/31/25 18/27/21 21/32/26
f 20/29/23 21/32/26 18/27/21
f 22/33/27 23/34/27 21/35/27
f 22/33/27 21/35/27 20/36/27
f 21/32/26 23/37/28 19/31/25
f 24/38/27 23/34/27 22/33/27
f 23/37/28 24/39/29 25/40/29
f 25/40/29 19/31/25 23/37/28
f 25/41/30 26/42/31 12/26/20
f 12/26/20 19/30/24 25/41/30
f 26/42/31 25/41/30 27/43/32
f 27/43/32 25/41/30 28/44/18
f 29/45/33 28/46/34 25/47/6
f 25/47/6 24/48/6 29/45/33
f 30/49/35 29/50/27 22/33/27
f 29/50/27 24/38/27 22/33/27
f 31/51/36 29/52/27 30/53/35
f 29/45/37 31/54/38 32/55/39
f 32/55/40 28/46/34 29/45/33
f 28/44/18 32/56/41 27/43/32
f 33/57/42 27/43/32 32/56/41
f 34/58/27 33/57/42 32/56/41
f 34/59/43 32/55/39 31/54/38
f 35/60/13 33/57/42 34/58/27
f 34/58/27 36/61/27 35/60/13
f 30/62/44 36/63/44 34/59/45
f 31/54/46 37/64/47 34/59/48
f 34/59/48 37/64/47 30/62/49
f 30/53/35 37/65/36 31/51/36
f 35/66/6 36/63/44 30/62/44
f 14/19/13 35/60/13 15/17/13
f 14/19/13 33/57/42 35/60/13
f 15/67/50 35/66/51 38/68/52
f 30/62/6 38/68/52 35/66/51
f 38/68/52 22/69/53 15/67/50
f 38/70/27 30/49/35 22/33/27
f 33/57/42 26/42/31 27/43/32
f 33/57/42 39/71/54 26/42/31
f 39/71/54 33/57/42 14/19/13
f 39/72/55 40/73/55 5/74/56
f 40/75/57 39/76/57 14/20/15
f 5/74/56 26/77/56 39/72/55
f 40/78/58 41/79/59 43/80/60
f 41/79/59 40/78/58 42/81/61
f 14/20/15 42/82/62 40/75/57
f 43/80/60 5/1/63 40/78/58
f 5/1/1 43/80/64 6/9/7
f 6/83/65 43/84/65 44/85/66
f 44/85/55 43/86/55 41/87/55
f 44/85/66 45/88/67 6/83/65
f 45/88/67 44/85/66 46/89/68
f 44/85/66 47/90/59 46/89/68
f 41/87/55 47/90/55 44/85/55
f 46/89/68 47/90/59 48/91/69
f 49/92/57 48/91/57 47/90/57
f 47/90/57 41/93/57 49/92/57
f 48/91/69 49/94/16 9/95/16
f 9/12/11 49/96/70 42/81/61
f 42/81/61 49/96/70 41/79/59
f 46/89/68 48/91/69 50/97/71
f 9/95/16 50/97/71 48/91/69
f 52/98/72 51/99/72 50/97/71
f 51/99/72 46/89/68 50/97/71
f 8/100/73 52/101/74 50/102/6
f 50/102/6 9/103/6 8/100/73
f 7/104/75 51/105/75 52/101/74
f 52/101/74 8/100/73 7/104/75
f 51/99/72 45/88/67 46/89/68
f 6/106/76 45/107/77 51/105/78
f 51/105/78 7/104/79 6/106/76
f 42/81/61 10/13/12 9/12/11
f 10/22/16 42/82/62 14/20/15
f 56/108/80 53/109/81 26/42/31
f 53/109/81 12/26/20 26/42/31
f 54/110/82 56/108/80 26/42/31
f 26/42/31 55/111/82 54/110/82
f 55/112/83 26/77/56 5/74/56
f 2/113/84 56/114/84 54/115/84
f 53/116/85 56/114/85 2/113/85
f 54/110/82 55/111/82 57/117/86
f 57/118/87 55/112/87 58/119/87
f 5/74/56 58/119/83 55/112/83
f 58/119/87 59/120/87 57/118/87
f 59/121/88 58/122/89 60/123/90
f 58/122/89 5/1/1 60/123/90
f 59/121/88 60/123/90 61/124/91
f 62/125/92 61/126/92 60/127/92
f 5/1/1 2/3/3 60/123/90
f 54/115/84 60/127/84 2/113/84
f 60/127/92 54/115/92 62/125/92
f 61/126/93 62/125/93 63/128/93
f 63/129/94 62/130/95 57/117/86
f 62/130/95 54/110/82 57/117/86
f 64/131/96 63/128/96 53/132/96
f 63/129/94 11/133/94 53/109/81
f 63/129/94 57/117/86 11/133/94
f 63/128/93 64/131/93 61/126/93
f 64/134/5 4/5/5 59/121/88
f 64/134/5 3/4/4 4/5/5
f 53/132/96 3/135/96 64/131/96
f 64/134/5 59/121/88 61/124/91
f 57/136/97 59/137/97 4/7/97
f 4/7/97 11/6/97 57/136/97
f 53/109/81 11/133/94 12/26/20
f 2/113/85 3/138/85 53/116/85
f 22/69/53 65/139/98 16/140/99
f 22/33/27 20/36/27 65/141/27
f 16/140/99 15/67/50 22/69/53
f 65/139/98 20/29/23 17/28/22
f 17/28/22 16/140/99 65/139/98
o gaz2975_nomg_body.295
v 43.920204 4.293079 19.663336
v 43.920185 5.204468 13.786757
v 43.920204 4.322647 13.786768
v 43.920025 5.160801 19.663324
v 43.007362 5.160786 19.663294
v 43.007538 4.293064 19.663309
v 43.007530 4.322628 13.786742
v 43.007355 5.190350 13.786730
vn 1.0000 -0.0000 -0.0000
vn 1.0000 0.0002 -0.0000
vn -0.0000 -0.9969 -0.0788
vn 0.0001 -0.9603 0.2788
vn -0.0000 -0.9977 0.0684
vn -0.0001 0.9886 0.1507
vn -0.0006 0.9577 0.2877
vn -0.0004 -0.9885 -0.1509
vn -0.0000 -0.0000 -1.0000
vn -0.0000 1.0000 0.0050
vn -0.0155 0.9999 0.0074
vt 0.957862 0.002977
vt 0.942421 0.002866
vt 0.942421 0.000586
vt 0.957862 0.000660
vt 0.937903 0.321379
vt 0.937903 0.336811
vt 0.935503 0.336811
vt 0.937902 0.339089
vt 0.935503 0.339089
vt 0.935503 0.321379
vt 0.935502 0.319101
vt 0.935503 0.354522
vt 0.937903 0.354522
vt 0.937903 0.319064
s 1
usemtl body
f 67/142/100 69/143/101 66/144/101
f 66/144/101 68/145/100 67/142/100
f 68/146/102 66/147/103 71/148/104
f 66/147/103 69/149/105 70/150/106
f 70/150/106 71/148/104 66/147/103
f 71/148/104 72/151/107 68/146/102
f 68/146/102 72/151/107 73/152/108
f 73/153/109 70/150/106 69/149/105
f 69/149/110 67/154/110 73/153/109
f 73/152/108 67/155/108 68/146/108
o gaz2975_nomg_body.298
v 38.946571 3.055004 21.692457
v 39.672726 3.904457 23.130573
v 39.674782 3.253326 23.125940
v 38.944851 4.117424 21.696465
v 39.772694 2.722908 14.292193
v 39.352325 2.722908 14.292195
v 39.366940 3.055004 21.692457
v 39.385040 3.050365 13.953072
v 39.352497 4.534496 14.292253
v 39.385178 4.210484 13.953203
v 39.805420 3.050365 13.953070
v 39.805553 4.210484 13.953205
v 39.772865 4.534496 14.292253
v 39.365227 4.117424 21.696465
vn -0.8912 -0.0060 0.4535
vn -0.8919 -0.0032 0.4522
vn -0.8912 -0.0060 0.4536
vn -0.0000 -0.9906 0.1370
vn -0.9985 -0.0014 -0.0547
vn -0.9985 -0.0012 -0.0547
vn -0.9985 -0.0006 -0.0548
vn -0.0000 -0.9990 0.0448
vn -0.0000 -0.7194 -0.6946
vn -0.9954 0.0001 -0.0960
vn -0.9954 0.0001 -0.0959
vn -0.9985 0.0001 -0.0550
vn -0.0000 0.0001 -1.0000
vn -0.0000 0.7230 -0.6909
vn -0.0000 0.9984 0.0562
vn -0.0000 0.9892 0.1469
vt 0.463502 0.982601
vt 0.467016 0.982281
vt 0.467025 0.984312
vt 0.463511 0.984029
vt 0.466843 0.985053
vt 0.483404 0.984874
vt 0.483754 0.985507
vt 0.484066 0.984301
vt 0.484066 0.982104
vt 0.483404 0.981539
vt 0.484826 0.984556
vt 0.484826 0.981848
vt 0.483748 0.980905
vt 0.466825 0.981542
s 1
usemtl body
f 75/156/111 77/157/112 74/158/111
f 74/158/113 76/159/113 75/156/113
f 74/158/114 80/160/114 76/159/114
f 74/158/115 77/157/116 79/161/117
f 78/162/118 80/160/118 74/158/118
f 74/158/118 79/161/118 78/162/118
f 78/162/119 79/161/119 81/163/119
f 83/164/120 81/163/121 79/161/121
f 77/157/116 82/165/122 79/161/117
f 82/165/120 83/164/120 79/161/121
f 84/166/123 81/163/123 83/164/123
f 83/164/123 85/167/123 84/166/123
f 85/167/124 83/164/124 82/165/124
f 82/165/124 86/168/124 85/167/124
f 77/157/125 87/169/125 86/168/125
f 86/168/125 82/165/125 77/157/125
f 77/157/126 75/156/126 87/169/126
f 81/163/119 84/166/119 78/162/119
o gaz2975_nomg_body.303
v 39.060951 2.767368 35.158169
v 39.899681 2.228287 35.879868
v 39.103336 2.179024 35.884995
v 39.858604 2.816708 35.153030
v 38.261333 2.390110 34.901081
v 39.198902 1.995087 34.525669
v 39.242870 1.407494 35.252995
v 39.899693 2.091015 34.563217
v 38.964985 0.877911 34.847202
v 38.926620 1.475670 34.127686
v 37.991337 1.538914 34.232910
v 38.927807 -0.836754 31.955084
v 38.963890 -1.565334 32.548569
v 38.963654 -2.403042 31.290779
v 38.028511 -1.593437 32.571468
v 38.028267 -2.432228 31.311155
v 37.926384 -1.728573 27.779390
v 37.992668 -1.515171 31.000725
v 37.956402 -2.663677 27.817362
v 38.891777 -2.634502 27.796324
v 37.728893 -1.820015 17.067343
v 37.758179 -2.755604 17.051281
v 37.996063 -1.735149 14.739868
v 38.032303 -2.668720 14.669540
v 38.694534 -2.726154 17.098734
v 38.861767 -1.699402 27.758354
v 38.665257 -1.790569 17.114796
v 39.066433 -2.601307 14.554840
v 39.001118 -1.673759 14.662909
v 39.904629 -2.297817 13.404036
v 38.880894 -2.492680 13.567677
v 40.074520 -2.424679 14.315773
v 39.925781 -1.513515 14.470269
v 38.786507 -1.571167 13.713486
v 39.755890 -1.386654 13.558538
v 38.928062 -1.485989 30.980343
v 37.992435 -0.864857 31.977976
v 38.029701 0.941154 34.952427
v 38.306877 1.803265 35.628937
v 39.940773 1.502590 35.290035
vn -0.0439 0.7753 0.6301
vn -0.4936 0.6617 0.5644
vn -0.0469 0.6264 -0.7781
vn -0.0450 0.6281 -0.7768
vn -0.0441 0.6284 -0.7766
vn -0.0468 0.6262 -0.7782
vn 0.9219 -0.2723 -0.2756
vn 0.9218 -0.2724 -0.2758
vn 0.9219 -0.2724 -0.2756
vn 0.1380 -0.7661 -0.6277
vn 0.1385 -0.7663 -0.6274
vn 0.1382 -0.7662 -0.6276
vn -0.0444 0.6286 -0.7765
vn 0.9220 -0.2723 -0.2754
vn -0.0474 0.6247 -0.7794
vn 0.9992 0.0277 -0.0297
vn 0.9992 0.0279 -0.0301
vn 0.9992 0.0284 -0.0272
vn -0.0453 0.6257 -0.7788
vn -0.0382 0.6837 -0.7288
vn -0.0357 0.6843 -0.7283
vn -0.0363 0.6841 -0.7284
vn 0.9993 0.0293 -0.0246
vn 0.9993 0.0315 -0.0219
vn 0.0382 -0.8318 0.5538
vn 0.0380 -0.8317 0.5539
vn 0.0384 -0.8318 0.5537
vn 0.0379 -0.6846 0.7279
vn 0.0384 -0.6847 0.7278
vn 0.0377 -0.6846 0.7279
vn 0.0385 -0.8319 0.5536
vn -0.9993 -0.0312 0.0226
vn -0.4179 -0.9059 0.0687
vn -0.6837 -0.7271 0.0623
vn -0.9993 -0.0314 0.0218
vn -0.9993 -0.0315 0.0219
vn -0.9993 -0.0311 0.0226
vn -0.9993 -0.0287 0.0254
vn 0.0326 -0.9973 0.0654
vn -0.9993 -0.0313 0.0187
vn -0.7286 0.6849 0.0076
vn -0.7289 0.6846 0.0076
vn 0.0313 -0.9995 0.0080
vn -0.6844 -0.7289 0.0188
vn -0.4202 -0.9073 0.0155
vn -0.9993 -0.0316 0.0187
vn -0.9928 -0.0310 -0.1158
vn -0.9929 -0.0291 -0.1150
vn -0.9929 -0.0297 -0.1153
vn -0.9929 -0.0299 -0.1154
vn 0.0606 -0.9974 -0.0401
vn 0.0331 -0.9989 -0.0326
vn 0.0310 -0.9995 0.0080
vn 0.9993 0.0316 -0.0187
vn 0.6841 0.7291 -0.0188
vn 0.6844 0.7289 -0.0189
vn 0.9993 0.0312 -0.0207
vn 0.9993 0.0313 -0.0196
vn 0.9993 0.0313 -0.0187
vn 0.9890 0.0536 0.1380
vn 0.9889 0.0284 0.1460
vn 0.2454 -0.0951 0.9647
vn 0.0515 -0.9916 -0.1188
vn 0.1332 -0.9779 -0.1609
vn 0.1638 -0.9768 -0.1383
vn 0.2234 -0.1274 0.9664
vn -0.1589 0.9734 0.1650
vn -0.1412 0.9803 0.1378
vn -0.1589 0.9734 0.1651
vn -0.1815 0.1355 -0.9740
vn -0.7934 0.0150 -0.6086
vn -0.7933 0.0150 -0.6086
vn -0.0515 0.9916 0.1188
vn -0.0587 0.9978 0.0297
vn -0.0336 0.9985 0.0430
vn -0.0587 0.9978 0.0296
vn -0.0310 0.9995 -0.0080
vn -0.0314 0.9995 -0.0080
vn 0.9992 0.0309 -0.0233
vn -0.0326 0.9973 -0.0654
vn -0.0383 0.8318 -0.5538
vn -0.0385 0.8317 -0.5539
vn -0.0382 0.8318 -0.5538
vn -0.0380 0.8319 -0.5536
vn -0.9992 -0.0286 0.0268
vn -0.9992 -0.0280 0.0295
vn -0.9992 -0.0283 0.0297
vn -0.0384 0.6837 -0.7288
vn -0.9687 0.1618 0.1883
vn -0.9684 0.1640 0.1878
vn -0.9688 0.1612 0.1884
vn 0.0461 -0.6265 0.7780
vn 0.0473 -0.6269 0.7776
vn 0.0471 -0.6248 0.7794
vn 0.0357 -0.6842 0.7284
vn 0.0458 -0.6226 0.7812
vn -0.9690 0.1591 0.1889
vn 0.0452 -0.6282 0.7767
vn 0.1377 -0.7660 -0.6279
vn 0.0442 -0.6284 0.7766
vn 0.0439 -0.6286 0.7765
vt 0.355261 0.974872
vt 0.354493 0.972164
vt 0.353037 0.972923
vt 0.353615 0.974977
vt 0.351398 0.973532
vt 0.351149 0.971256
vt 0.350348 0.969170
vt 0.348793 0.969563
vt 0.352751 0.970386
vt 0.349087 0.971710
vt 0.341278 0.970763
vt 0.349201 0.973885
vt 0.341436 0.972918
vt 0.338277 0.970860
vt 0.338775 0.977791
vt 0.338931 0.979986
vt 0.342451 0.979541
vt 0.342016 0.977345
vt 0.350511 0.978061
vt 0.330798 0.975789
vt 0.330768 0.977939
vt 0.338600 0.975475
vt 0.305687 0.975874
vt 0.330734 0.980147
vt 0.305645 0.978138
vt 0.300466 0.975773
vt 0.300376 0.977796
vt 0.305477 0.980338
vt 0.305512 0.971423
vt 0.305552 0.973626
vt 0.330675 0.973725
vt 0.330523 0.971607
vt 0.299603 0.971436
vt 0.298892 0.979673
vt 0.299337 0.973688
vt 0.297329 0.970958
vt 0.297552 0.977634
vt 0.295369 0.977783
vt 0.296130 0.980202
vt 0.296937 0.972987
vt 0.297771 0.975601
vt 0.295728 0.975040
vt 0.338431 0.973135
vt 0.341614 0.975120
vt 0.349776 0.976025
vt 0.351888 0.975291
vt 0.352860 0.977349
vt 0.351796 0.968477
vt 0.354771 0.977355
s 1
usemtl body
f 89/170/127 91/171/127 88/172/127
f 88/172/127 90/173/127 89/170/127
f 90/173/128 88/172/128 92/174/128
f 93/175/129 88/172/130 91/171/131
f 88/172/130 93/175/129 92/174/132
f 93/175/133 94/176/134 96/177/135
f 94/176/136 93/175/137 95/178/138
f 91/171/131 95/178/139 93/175/129
f 96/177/135 97/179/140 93/175/133
f 92/174/132 93/175/129 97/179/141
f 97/179/142 96/177/143 100/180/144
f 97/179/141 98/181/145 92/174/132
f 98/181/146 97/179/147 99/182/148
f 100/180/144 99/182/149 97/179/142
f 99/182/149 100/180/144 101/183/150
f 103/184/151 101/185/152 100/186/153
f 102/187/154 100/186/155 96/188/156
f 100/186/153 102/187/157 103/184/151
f 104/189/158 106/190/159 103/184/160
f 103/184/161 105/191/162 104/189/163
f 105/191/162 103/184/161 102/187/164
f 101/185/165 103/184/160 106/190/159
f 106/190/166 104/189/167 108/192/168
f 106/190/159 107/193/165 101/185/165
f 107/193/169 106/190/170 109/194/171
f 108/192/172 109/194/171 106/190/170
f 109/194/173 108/192/174 110/195/175
f 110/195/175 111/196/176 109/194/173
f 112/197/177 109/194/178 111/196/177
f 109/194/171 112/197/179 107/193/169
f 112/198/180 114/199/181 113/200/182
f 113/200/183 107/201/184 112/198/185
f 114/199/186 112/198/187 115/202/186
f 111/196/177 115/203/177 112/197/177
f 115/202/186 116/204/186 114/199/186
f 116/204/188 115/202/188 119/205/188
f 115/203/189 111/196/189 118/206/189
f 117/207/190 119/208/190 115/203/190
f 115/203/191 118/206/191 117/207/191
f 119/205/192 120/209/192 116/204/192
f 121/210/193 116/204/194 120/209/193
f 120/209/193 122/211/195 121/210/193
f 118/206/196 121/210/196 122/211/196
f 122/211/196 117/207/196 118/206/196
f 111/196/197 110/195/197 121/210/198
f 121/210/198 118/206/198 111/196/197
f 110/195/199 116/204/199 121/210/199
f 108/192/200 114/199/201 116/204/202
f 116/204/202 110/195/202 108/192/200
f 114/199/203 108/192/168 104/189/167
f 104/189/204 113/200/182 114/199/181
f 107/201/184 113/200/183 123/212/205
f 105/191/206 123/212/206 113/200/206
f 113/200/206 104/189/206 105/191/206
f 123/212/205 101/183/150 107/201/184
f 101/183/150 123/212/205 99/182/149
f 124/213/207 99/182/208 123/212/209
f 123/212/209 105/191/210 124/213/207
f 124/213/211 102/187/164 125/214/212
f 102/187/164 124/213/211 105/191/162
f 125/214/212 98/181/213 124/213/211
f 99/182/148 124/213/214 98/181/146
f 98/181/215 125/214/216 126/215/217
f 94/216/218 126/215/219 125/214/220
f 96/188/156 125/214/221 102/187/154
f 125/214/220 96/188/222 94/216/218
f 126/215/217 92/174/223 98/181/215
f 92/174/128 126/215/128 90/173/128
f 94/216/218 90/173/224 126/215/219
f 95/178/138 127/217/225 94/176/136
f 90/173/224 94/216/218 127/218/226
f 127/218/226 89/170/227 90/173/224
o gaz2975_nomg_body.294
v 38.887192 -14.301119 38.723492
v 43.214062 -8.958229 40.099140
v 43.214066 -14.294897 40.099144
v 38.889156 -8.958229 38.723488
v 39.968479 -15.617830 38.723499
v 38.887901 -14.301117 24.874186
v 43.214062 -14.294897 23.498550
v 38.888508 -8.958229 24.874189
v 39.969185 -15.617830 24.874186
v 42.974651 -15.939577 24.874187
v 42.973946 -15.939579 38.723499
v 43.214058 -8.958229 23.498550
vn -0.3031 0.0001 0.9530
vn -0.3032 0.0002 0.9529
vn -0.3030 -0.0000 0.9530
vn -0.3033 0.0003 0.9529
vn -0.2937 -0.2412 0.9250
vn -1.0000 0.0002 -0.0000
vn -1.0000 0.0004 -0.0001
vn -0.9269 0.3752 -0.0000
vn -0.4964 -0.8681 -0.0000
vn -0.7728 -0.6346 -0.0000
vn -0.2938 -0.2412 -0.9249
vn -0.3030 -0.0000 -0.9530
vn -0.7770 0.6295 -0.0000
vn -0.3723 -0.9281 -0.0000
vn -0.1064 -0.9943 -0.0000
vn -0.0679 -0.6343 -0.7701
vn -0.0679 -0.6342 0.7701
vn -0.3031 -0.0000 -0.9530
vn -0.0000 1.0000 -0.0000
vt 0.388819 0.894119
vt 0.379191 0.894119
vt 0.379189 0.882785
vt 0.388820 0.882798
vt 0.376390 0.932508
vt 0.371129 0.938451
vt 0.375540 0.929116
vt 0.349810 0.882784
vt 0.406748 0.929117
vt 0.411158 0.938451
vt 0.405898 0.932509
vt 0.340180 0.882798
vt 0.349810 0.894118
vt 0.406364 0.938996
vt 0.375924 0.938995
vt 0.340181 0.894118
vt 0.346892 0.903294
vt 0.382109 0.903294
s 1
usemtl body
f 129/219/228 131/220/228 128/221/228
f 128/221/229 130/222/230 129/219/231
f 132/223/232 130/224/232 128/225/232
f 133/226/233 128/221/234 131/220/235
f 132/223/236 128/225/237 133/227/237
f 133/227/238 134/228/238 136/229/238
f 134/230/239 133/226/239 135/231/239
f 131/220/235 135/231/240 133/226/233
f 133/227/237 136/229/241 132/223/236
f 136/229/242 137/232/242 138/233/242
f 136/229/243 134/228/243 137/232/243
f 138/233/242 132/223/236 136/229/241
f 138/233/244 130/224/244 132/223/244
f 135/231/245 139/234/245 134/230/245
f 139/235/246 135/231/240 131/220/235
f 131/220/246 129/236/246 139/235/246
o gaz2975_nomg_body.297
v 42.811813 11.409538 39.588947
v 43.769722 15.669037 38.664272
v 42.005177 15.462688 39.579361
v 44.548664 11.752579 38.711178
v 44.531670 11.752579 39.839420
v 42.808430 11.409538 39.813465
v 43.717632 15.842724 39.827160
v 41.995159 15.495808 39.801216
v 41.551327 26.727657 36.332516
v 39.833076 26.359539 36.313412
v 41.557236 26.727665 10.475328
v 39.838982 26.359547 10.474935
v 39.886017 26.139988 10.474940
v 39.872417 26.182789 36.180626
v 41.808510 25.554783 10.475388
v 41.792671 25.602032 35.488194
vn -0.4499 -0.0917 -0.8884
vn -0.4336 -0.0970 -0.8959
vn -0.4500 -0.0916 -0.8883
vn -0.4500 -0.0917 -0.8883
vn 0.1952 -0.9808 0.0029
vn -0.0151 -0.0000 0.9999
vn -0.0584 0.2166 0.9745
vn -0.0583 0.2167 0.9745
vn -0.0731 0.2916 0.9537
vn -0.2026 0.9133 0.3533
vn -0.1997 0.9140 0.3533
vn -0.2095 0.9778 -0.0000
vn 0.0002 -0.0000 -1.0000
vn -0.2901 -0.9570 0.0015
vn -0.2912 -0.9567 0.0014
vn -0.2911 -0.9567 0.0014
vn -0.2889 -0.9573 0.0016
vn 0.9782 0.2077 0.0027
vn 0.9788 0.2045 0.0071
vn 0.9778 0.2095 0.0002
vn -0.4068 -0.3491 -0.8442
vn -0.4095 -0.3487 -0.8430
vn -0.4014 -0.3499 -0.8464
vn -0.3986 -0.3503 -0.8476
vn 0.9802 0.1974 0.0144
vn 0.9806 0.1952 0.0148
vt 0.928529 0.412889
vt 0.928529 0.423750
vt 0.933714 0.423750
vt 0.933714 0.412889
vt 0.900787 0.043613
vt 0.903162 0.038995
vt 0.900198 0.038995
vt 0.900198 0.043613
vt 0.920876 0.423750
vt 0.925526 0.423750
vt 0.925526 0.412889
vt 0.920876 0.412889
vt 0.925526 0.383009
vt 0.920876 0.383009
vt 0.925526 0.315306
vt 0.920876 0.315306
vt 0.918280 0.029005
vt 0.918280 0.028415
vt 0.913662 0.028415
vt 0.933714 0.383009
vt 0.933714 0.315306
vt 0.928529 0.315306
vt 0.913662 0.031567
vt 0.928529 0.383009
s 1
usemtl body
f 141/237/247 143/238/248 140/239/249
f 140/239/249 142/240/250 141/237/247
f 140/241/251 143/242/251 144/243/251
f 144/243/251 145/244/251 140/241/251
f 145/245/252 144/246/252 146/247/252
f 146/247/253 147/248/254 145/245/252
f 147/248/254 146/247/253 148/249/255
f 148/249/256 149/250/257 147/248/255
f 149/250/257 148/249/256 150/251/258
f 150/251/258 151/252/258 149/250/258
f 152/253/259 151/254/259 150/255/259
f 153/256/260 152/257/261 154/258/262
f 150/255/259 154/259/259 152/253/259
f 154/258/262 155/260/263 153/256/260
f 148/249/264 155/260/265 154/258/266
f 154/258/266 150/251/266 148/249/264
f 142/240/267 153/256/268 155/260/269
f 155/260/269 141/237/270 142/240/267
f 146/247/271 141/237/271 155/260/265
f 155/260/265 148/249/264 146/247/271
f 141/237/271 146/247/271 144/246/272
f 144/246/272 143/238/272 141/237/271
o gaz2975_nomg_body.299
v 46.368279 25.642368 36.769039
v 51.686626 25.032360 34.712952
v 50.781322 26.016094 35.064823
v 47.001106 25.995777 36.530518
v 46.104214 25.002560 36.877537
v 46.155804 15.433407 36.846977
v 47.077770 14.432632 36.488682
v 46.255180 25.642597 36.477364
v 46.888012 25.996006 36.238857
v 50.668228 26.016331 34.773178
v 50.732525 26.351986 34.748474
v 46.821186 26.330898 36.265106
v 46.038307 25.893475 36.561672
v 47.072361 26.330318 37.037064
v 46.289501 25.892971 37.333664
v 45.701458 25.078373 36.698196
v 45.952614 25.077869 37.470184
v 48.262524 24.763485 38.332138
v 50.105877 24.780956 37.659813
v 48.291618 15.788715 38.313732
v 50.983578 26.351444 35.520493
v 51.766254 25.922512 35.210045
v 51.862579 25.111645 34.309242
v 52.113689 25.111111 35.081249
v 51.515125 25.923061 34.438030
v 51.300262 25.669750 34.521095
v 51.573524 25.032589 34.421280
v 51.413349 25.669521 34.812759
v 51.914886 15.370750 34.278355
v 51.625095 15.463478 34.390759
v 51.542530 14.658684 34.421356
v 51.330734 14.900742 34.503590
v 51.738186 15.463245 34.682423
v 51.443836 14.900509 34.795258
v 50.824829 14.452885 35.035786
v 50.711727 14.453121 34.744137
v 50.795166 14.118259 34.711479
v 46.883816 14.097214 36.228081
v 46.964676 14.432869 36.197010
v 46.131584 14.629539 36.519386
v 46.341316 14.873905 36.438240
v 46.042721 15.433640 36.555302
v 46.454418 14.873676 36.729900
v 45.753754 15.337547 36.667343
v 45.991116 25.002789 36.585869
v 46.382675 14.628994 37.291397
v 46.004955 15.336971 37.439308
v 47.135002 14.096634 37.000072
v 50.134960 15.806145 37.641441
v 51.046268 14.117722 35.483486
v 51.793655 14.658142 35.193302
v 52.166054 15.370205 35.050365
vn -0.3607 0.0012 -0.9327
vn -0.3607 0.0010 -0.9327
vn -0.3612 0.0010 -0.9325
vn -0.3532 -0.1882 -0.9164
vn -0.2690 -0.6586 -0.7028
vn 0.4316 -0.8863 -0.1680
vn 0.4316 -0.8863 -0.1681
vn 0.8514 -0.4074 -0.3304
vn -0.3819 0.0009 -0.9242
vn -0.3627 -0.0005 -0.9319
vn 0.0044 -1.0000 -0.0025
vn -0.3268 -0.4163 -0.8485
vn -0.2613 -0.6818 -0.6833
vn -0.3615 0.0007 -0.9324
vn -0.3548 0.0034 -0.9349
vn -0.3548 0.0035 -0.9349
vn -0.3540 0.0027 -0.9352
vn -0.3557 0.0043 -0.9346
vn -0.0045 1.0000 0.0022
vn -0.3569 0.0054 -0.9341
vn -0.4405 0.8861 0.1440
vn -0.4406 0.8861 0.1439
vn -0.8688 0.4064 0.2829
vn -0.8688 0.4064 0.2830
vn -0.8688 0.4065 0.2829
vn -0.3024 0.2777 0.9118
vn -0.0458 0.6155 0.7868
vn 0.2245 0.7393 0.6348
vn 0.3427 -0.0008 0.9395
vn -0.3538 -0.0042 0.9353
vn -0.3500 -0.0031 0.9368
vn -0.3537 -0.0041 0.9354
vn 0.1912 0.8418 0.5048
vn 0.1913 0.8417 0.5050
vn 0.2245 0.7393 0.6349
vn 0.4326 0.8907 -0.1401
vn 0.4326 0.8907 -0.1400
vn 0.5504 0.5491 0.6289
vn 0.8652 0.4151 -0.2812
vn 0.7545 0.2253 0.6164
vn 0.4326 0.8906 -0.1401
vn -0.3662 0.0055 -0.9305
vn -0.3675 0.0041 -0.9300
vn -0.3611 0.0001 -0.9325
vn -0.3694 0.0024 -0.9293
vn -0.4234 -0.8911 0.1635
vn -0.3612 -0.0002 -0.9325
vn -0.8483 -0.4153 0.3286
vn -0.3786 -0.0174 -0.9254
vn -0.3613 0.0013 -0.9325
vn -0.3612 0.0013 -0.9325
vn -0.9323 -0.0062 0.3615
vn -0.9324 -0.0062 0.3615
vn -0.3612 0.0007 -0.9325
vn -0.8133 0.4887 0.3158
vn -0.8133 0.4887 0.3157
vn -0.3597 0.0010 -0.9331
vn -0.3613 0.0007 -0.9324
vn -0.3615 -0.0011 -0.9324
vn -0.5209 0.8292 0.2027
vn -0.5209 0.8292 0.2026
vn -0.3623 0.0006 -0.9321
vn -0.3623 0.0005 -0.9321
vn -0.3306 0.4162 -0.8470
vn -0.3619 0.0007 -0.9322
vn -0.3615 0.0008 -0.9324
vn -0.1747 0.8817 -0.4383
vn -0.0044 1.0000 0.0025
vn -0.3608 0.0005 -0.9326
vn -0.3608 0.0006 -0.9327
vn 0.5137 0.8347 -0.1985
vn 0.5137 0.8347 -0.1986
vn -0.3617 0.0008 -0.9323
vn -0.3619 0.0013 -0.9322
vn 0.8091 0.4972 -0.3133
vn 0.8091 0.4971 -0.3134
vn -0.3584 0.0041 -0.9336
vn -0.3618 0.0005 -0.9322
vn -0.3615 0.0004 -0.9324
vn 0.9324 0.0062 -0.3615
vn 0.9323 0.0062 -0.3615
vn -0.8255 -0.4965 0.2682
vn -0.8255 -0.4966 0.2681
vn -0.9509 -0.0061 0.3094
vn -0.8255 -0.4965 0.2683
vn -0.3563 -0.0049 0.9343
vn -0.2777 -0.3362 0.8999
vn -0.0891 -0.5721 0.8153
vn -0.5245 -0.8343 0.1700
vn -0.5245 -0.8342 0.1700
vn 0.0045 -1.0000 -0.0022
vn 0.2072 -0.8268 0.5230
vn 0.2072 -0.8269 0.5228
vn 0.2600 -0.7041 0.6607
vn 0.3404 -0.1518 0.9280
vn 0.3399 -0.1520 0.9281
vn 0.2521 -0.6951 0.6733
vn 0.3641 -0.0035 0.9313
vn 0.5319 -0.8288 -0.1736
vn 0.6858 -0.4038 0.6055
vn 0.7875 0.0021 0.6162
vn 0.7872 0.0023 0.6167
vn 0.7885 0.0015 0.6150
vn 0.9509 0.0061 -0.3093
vn 0.9509 0.0061 -0.3094
vn 0.8298 -0.4882 -0.2703
vn 0.3426 -0.0008 0.9395
vn 0.7889 0.0013 0.6145
vt 0.468750 0.227153
vt 0.452225 0.225443
vt 0.466581 0.194367
vt 0.454960 0.228207
vt 0.466848 0.228147
vt 0.467033 0.228853
vt 0.469275 0.227650
vt 0.469556 0.225357
vt 0.469383 0.197180
vt 0.454782 0.228914
vt 0.454593 0.229834
vt 0.467229 0.229770
vt 0.905217 0.309240
vt 0.892238 0.309242
vt 0.892692 0.307345
vt 0.469918 0.228349
vt 0.888969 0.307165
vt 0.890424 0.305705
vt 0.887143 0.303943
vt 0.889059 0.303448
vt 0.895151 0.301994
vt 0.899778 0.302058
vt 0.904600 0.307393
vt 0.895132 0.277832
vt 0.906902 0.305795
vt 0.910206 0.303973
vt 0.908450 0.307178
vt 0.908241 0.303504
vt 0.451889 0.228440
vt 0.452526 0.227734
vt 0.450663 0.225830
vt 0.451507 0.225612
vt 0.453046 0.227232
vt 0.450480 0.196821
vt 0.451335 0.197080
vt 0.451780 0.194503
vt 0.452395 0.195176
vt 0.452049 0.197266
vt 0.452936 0.195681
vt 0.454824 0.194426
vt 0.454617 0.193738
vt 0.454380 0.192815
vt 0.467009 0.192752
vt 0.466780 0.193677
vt 0.469626 0.194413
vt 0.469017 0.195093
vt 0.470096 0.196986
vt 0.468481 0.195603
vt 0.470948 0.196717
vt 0.471121 0.225727
vt 0.470275 0.225518
vt 0.887246 0.275506
vt 0.889031 0.272507
vt 0.890513 0.273997
vt 0.889127 0.276034
vt 0.892781 0.272199
vt 0.892316 0.270336
vt 0.905319 0.270420
vt 0.904676 0.272234
vt 0.899778 0.277840
vt 0.906945 0.274011
vt 0.908289 0.276075
vt 0.910231 0.275597
vt 0.908534 0.272613
s 1
usemtl body
f 156/261/273 157/262/274 162/263/275
f 156/261/273 158/264/276 157/262/274
f 156/261/273 159/265/277 158/264/276
f 164/266/278 159/265/278 156/261/279
f 163/267/280 156/261/280 160/268/280
f 160/268/281 156/261/273 161/269/282
f 156/261/273 162/263/275 161/269/282
f 156/261/279 163/267/279 164/266/278
f 159/265/283 164/266/284 165/270/285
f 166/271/286 165/270/285 164/266/284
f 164/266/284 167/272/287 166/271/286
f 167/272/288 164/266/289 163/267/290
f 166/273/291 167/274/291 169/275/291
f 163/267/290 168/276/292 167/272/288
f 167/274/293 168/277/294 170/278/293
f 170/278/293 169/275/293 167/274/293
f 170/278/295 168/277/296 171/279/295
f 171/279/295 172/280/297 170/278/295
f 170/278/298 172/280/298 173/281/298
f 173/281/299 169/275/299 170/278/299
f 173/281/300 174/282/300 176/283/300
f 174/282/301 173/281/301 175/284/301
f 175/284/302 173/281/303 172/280/304
f 176/283/305 169/275/306 173/281/307
f 169/275/306 176/283/305 166/273/291
f 166/273/308 176/283/309 177/285/308
f 177/285/310 176/283/310 174/282/310
f 178/286/311 180/287/311 177/285/311
f 177/285/311 179/288/311 178/286/311
f 174/282/312 179/288/312 177/285/312
f 177/285/308 180/287/313 166/273/308
f 166/271/286 180/289/314 181/290/315
f 181/290/315 180/289/314 178/291/316
f 181/290/315 165/270/317 166/271/286
f 158/264/318 165/270/318 181/290/318
f 178/291/316 182/292/319 181/290/315
f 183/293/320 181/290/320 182/292/320
f 181/290/318 183/293/318 158/264/318
f 158/264/321 183/293/321 157/262/274
f 182/292/320 157/262/320 183/293/320
f 182/292/319 178/291/316 184/294/322
f 184/294/322 185/295/323 182/292/319
f 157/262/324 182/292/324 185/295/325
f 185/295/323 184/294/322 186/296/286
f 186/296/286 187/297/326 185/295/323
f 188/298/327 185/295/328 187/297/327
f 185/295/325 188/298/325 157/262/324
f 157/262/274 188/298/329 189/299/330
f 187/297/327 189/299/327 188/298/327
f 157/262/274 189/299/330 162/263/275
f 189/299/330 190/300/331 162/263/275
f 191/301/332 190/300/332 189/299/333
f 189/299/333 187/297/333 191/301/332
f 186/296/286 192/302/334 191/301/335
f 191/301/335 187/297/326 186/296/286
f 191/301/336 192/302/337 193/303/338
f 193/303/338 194/304/339 191/301/336
f 190/300/340 191/301/336 194/304/339
f 194/304/341 193/303/342 195/305/338
f 194/304/339 162/263/340 190/300/340
f 162/263/343 194/304/343 196/306/344
f 195/305/338 196/306/345 194/304/341
f 197/307/346 196/306/345 195/305/338
f 198/308/347 196/306/348 197/307/347
f 196/306/344 198/308/344 162/263/343
f 162/263/275 198/308/349 161/269/282
f 197/307/347 161/269/347 198/308/347
f 195/305/338 199/309/346 197/307/346
f 197/307/346 199/309/346 171/310/350
f 171/310/350 200/311/351 197/307/346
f 161/269/352 197/307/352 200/311/353
f 163/267/290 200/311/351 171/310/350
f 160/268/280 200/311/280 163/267/280
f 200/311/353 160/268/353 161/269/352
f 199/312/354 195/313/355 201/314/354
f 171/279/356 199/312/356 202/315/356
f 201/314/354 202/315/357 199/312/354
f 202/315/356 172/280/356 171/279/356
f 172/280/304 202/315/358 175/284/302
f 175/284/359 202/315/359 201/314/359
f 201/314/360 203/316/360 175/284/360
f 203/316/361 201/314/361 195/313/361
f 195/313/361 193/317/362 203/316/361
f 203/316/363 193/317/363 192/318/363
f 203/316/364 205/319/365 204/320/366
f 204/320/367 175/284/368 203/316/369
f 192/318/363 205/319/365 203/316/364
f 205/319/370 206/321/370 207/322/370
f 206/321/371 205/319/371 192/318/371
f 207/322/372 204/320/372 205/319/372
f 204/320/373 207/322/374 179/288/375
f 179/288/376 207/322/377 184/323/377
f 186/324/378 184/323/378 207/322/378
f 207/322/378 206/321/378 186/324/378
f 192/318/371 186/324/371 206/321/371
f 175/284/368 204/320/367 174/282/379
f 179/288/375 174/282/380 204/320/373
f 184/323/377 178/286/376 179/288/376
f 171/310/350 168/276/292 163/267/290
f 165/270/283 158/264/276 159/265/277
o gaz2975_nomg_body.301
v 46.533817 10.109341 38.054317
v 45.185490 9.829208 37.624378
v 46.581608 9.968616 37.625145
v 45.187763 9.981609 38.055927
v 47.866482 10.575516 38.054379
v 46.629402 9.827892 38.224987
v 48.006207 10.312599 38.224983
v 48.145237 10.051983 38.053024
v 48.794392 10.830288 38.224899
v 49.010555 10.633511 38.052048
v 49.593880 12.477745 37.711483
v 49.010551 10.633511 37.712738
v 49.593884 12.477745 38.053303
v 49.297932 12.487190 38.225002
v 49.593777 26.204708 38.053528
v 49.593876 26.203106 37.711411
v 49.148960 26.193935 37.625374
v 49.499233 27.218189 37.701485
v 49.076893 27.086483 37.614662
v 48.933502 27.049244 38.046795
v 48.556400 27.504108 38.035160
v 48.633892 27.619320 37.601330
v 48.853237 27.993168 37.681961
v 47.585957 27.689838 38.020939
v 47.603809 27.826733 37.588058
v 47.632481 28.272717 37.663681
v 42.734497 27.827374 37.398270
v 42.717564 27.698330 37.805832
v 42.727253 27.982311 37.960144
v 42.744953 28.257374 37.791431
v 47.603077 27.991100 38.183720
v 48.704010 27.759289 38.199062
v 47.626366 28.281261 38.004902
v 48.850773 28.001293 38.021412
v 42.753017 28.248844 37.468529
v 49.218880 27.140224 38.214565
v 49.498684 27.223591 38.040802
v 49.297592 26.199665 38.225002
v 49.000557 12.496685 38.054123
v 49.000511 26.193012 38.054089
v 49.149242 12.491940 37.625225
v 48.683872 10.930851 37.624352
v 48.573349 11.031410 38.055969
v 47.936344 10.444061 37.625099
v 48.145233 10.051983 37.711761
v 46.726349 9.549751 38.052753
v 46.726345 9.549751 37.712017
v 45.180969 9.378052 38.052284
v 45.180977 9.378052 37.712505
v 45.183205 9.676807 38.224915
vn -0.0918 0.9411 -0.3254
vn -0.0895 0.9393 -0.3312
vn -0.0940 0.9429 -0.3196
vn -0.3123 0.8921 -0.3266
vn -0.3120 0.8920 -0.3272
vn -0.3130 0.8925 -0.3249
vn -0.0470 0.5062 0.8611
vn -0.1656 0.4728 0.8655
vn -0.1656 0.4734 0.8652
vn -0.1655 0.4712 0.8663
vn -0.1654 0.4697 0.8672
vn 0.1684 -0.4771 0.8626
vn 0.1685 -0.4786 0.8617
vn 0.1683 -0.4763 0.8630
vn -0.2740 0.4182 0.8660
vn -0.2738 0.4169 0.8667
vn -0.2743 0.4202 0.8650
vn 0.2861 -0.4354 0.8536
vn 0.2824 -0.4188 0.8630
vn 0.2861 -0.4355 0.8535
vn 0.5200 -0.1650 0.8381
vn 0.8586 -0.5127 -0.0000
vn 0.8584 -0.5129 -0.0000
vn 0.5578 -0.8300 -0.0000
vn 0.9534 -0.3016 -0.0000
vn 1.0000 -0.0000 -0.0000
vn 1.0000 -0.0000 0.0003
vn 0.4926 -0.1498 0.8573
vn 0.5018 -0.0000 0.8650
vn 0.5010 -0.0000 0.8654
vn 0.9957 0.0929 -0.0001
vn 0.9957 0.0928 -0.0001
vn 0.9957 0.0929 0.0001
vn 0.1901 0.0005 -0.9818
vn 0.1911 0.0025 -0.9816
vn 0.1904 -0.0000 -0.9817
vn 0.1954 0.0069 -0.9807
vn 0.1987 0.0089 -0.9800
vn -0.7315 -0.6147 -0.2950
vn -0.7317 -0.6142 -0.2957
vn -0.7315 -0.6149 -0.2947
vn -0.9430 -0.0782 -0.3235
vn -0.9440 -0.0801 -0.3201
vn -0.9431 -0.0783 -0.3232
vn 0.1660 0.1136 -0.9796
vn 0.1660 0.1135 -0.9796
vn 0.1661 0.1137 -0.9795
vn -0.7313 -0.6154 -0.2940
vn -0.1843 -0.9349 -0.3033
vn -0.1764 -0.9431 -0.2820
vn 0.1661 0.1138 -0.9795
vn 0.0522 0.1637 -0.9851
vn 0.0495 0.1827 -0.9819
vn 0.0256 -0.7327 -0.6801
vn 0.0116 -0.9535 -0.3011
vn 0.0116 -0.9534 -0.3014
vn 0.0337 -0.5015 -0.8645
vn -0.9985 0.0482 -0.0262
vn -0.9985 0.0483 -0.0262
vn -0.0396 -0.4760 0.8785
vn -0.0399 0.5243 0.8506
vn -0.0458 0.0130 0.9989
vn -0.1025 -0.4684 0.8776
vn -0.1150 -0.4889 0.8647
vn -0.1025 -0.4683 0.8776
vn 0.0969 0.5165 0.8508
vn -0.0397 0.5265 0.8492
vn -0.0256 0.8724 0.4882
vn -0.0256 0.8724 0.4881
vn -0.0039 0.9997 -0.0251
vn 0.0255 0.6907 -0.7227
vn 0.0255 0.6908 -0.7226
vn 0.2232 0.9746 -0.0206
vn 0.2231 0.9746 -0.0204
vn 0.2234 0.9745 -0.0215
vn 0.1128 0.5426 0.8324
vn -0.0037 0.9996 -0.0265
vn 0.0386 0.1627 -0.9859
vn 0.4112 0.3633 0.8360
vn 0.4110 0.3633 0.8361
vn 0.4117 0.3635 0.8357
vn 0.4119 0.3635 0.8356
vn 0.7684 0.6399 -0.0096
vn 0.7684 0.6399 -0.0097
vn 0.7682 0.6401 -0.0091
vn 0.2235 0.9745 -0.0217
vn 0.5155 0.0526 0.8553
vn 0.4995 0.0574 0.8644
vn 0.5154 0.0526 0.8553
vn 0.7682 0.6401 -0.0090
vn -0.4982 -0.0000 0.8670
vn -0.4987 -0.0000 0.8668
vn -0.4981 -0.0320 0.8665
vn -0.4979 -0.0321 0.8667
vn -0.4987 -0.0318 0.8662
vn -0.9449 -0.0000 -0.3272
vn -0.9448 -0.0000 -0.3275
vn -0.9421 -0.0765 -0.3264
vn -0.4990 -0.0317 0.8660
vn -0.9168 0.2669 -0.2970
vn -0.9085 0.2710 -0.3180
vn 0.2081 -0.0615 -0.9762
vn 0.1882 -0.0602 -0.9803
vn -0.8114 0.4881 -0.3215
vn -0.8115 0.4880 -0.3215
vn -0.5176 0.7944 -0.3176
vn 0.1086 -0.1641 -0.9805
vn 0.1041 -0.1614 -0.9814
vn 0.1092 -0.1644 -0.9803
vn 0.1132 -0.1668 -0.9795
vn 0.4287 -0.9035 -0.0000
vn 0.4287 -0.9034 -0.0000
vn 0.3337 -0.9427 -0.0000
vn 0.2216 -0.9751 -0.0000
vn 0.2217 -0.9751 -0.0000
vn 0.0638 -0.1816 -0.9813
vn 0.0644 -0.1825 -0.9811
vn 0.0442 -0.1884 -0.9811
vn 0.1104 -0.9939 -0.0000
vn 0.0410 -0.1889 -0.9811
vn 0.0214 -0.1959 -0.9804
vn 0.0197 -0.1919 -0.9812
vn 0.0535 -0.5121 0.8572
vn 0.0553 -0.4998 0.8644
vn -0.0507 0.4848 0.8731
vn 0.0535 -0.5122 0.8572
vn 0.1683 -0.4759 0.8632
vn -0.5177 0.7944 -0.3176
vn -0.5118 0.7946 -0.3266
vn -0.3133 0.8926 -0.3243
vn -0.5075 0.1542 0.8477
vn -0.4896 0.1438 0.8600
vn -0.5074 0.1541 0.8478
vn -0.2748 0.4231 0.8634
vn -0.4050 -0.3150 0.8584
vn -0.4044 -0.3148 0.8587
vn -0.4060 -0.3152 0.8578
vn -0.4068 -0.3154 0.8573
vt 0.973506 0.156691
vt 0.972295 0.156850
vt 0.972483 0.160449
vt 0.973675 0.160410
vt 0.972499 0.164334
vt 0.976614 0.160400
vt 0.977508 0.160373
vt 0.977651 0.156749
vt 0.976642 0.164257
vt 0.977532 0.164302
vt 0.975749 0.164201
vt 0.976501 0.166767
vt 0.975704 0.166686
vt 0.975577 0.171522
vt 0.974892 0.166677
vt 0.974656 0.171486
vt 0.974670 0.207397
vt 0.976485 0.171348
vt 0.975576 0.207445
vt 0.913747 0.002925
vt 0.913903 0.004068
vt 0.916386 0.003558
vt 0.973474 0.207213
vt 0.914472 0.005307
vt 0.916790 0.004610
vt 0.917126 0.005764
vt 0.918816 0.005566
vt 0.918765 0.004382
vt 0.921563 0.005633
vt 0.918740 0.003318
vt 0.921645 0.004446
vt 0.934363 0.005557
vt 0.921779 0.003262
vt 0.934416 0.004433
vt 0.881757 0.004553
vt 0.883281 0.004070
vt 0.883857 0.005132
vt 0.934337 0.001460
vt 0.934303 0.000613
vt 0.921435 0.000592
vt 0.883225 0.006162
vt 0.934432 0.002347
vt 0.921572 0.001475
vt 0.918511 0.000937
vt 0.918600 0.001762
vt 0.921749 0.002360
vt 0.934454 0.003270
vt 0.918690 0.002528
vt 0.882017 0.006130
vt 0.916446 0.001944
vt 0.916301 0.002762
vt 0.913959 0.001843
vt 0.977380 0.171199
vt 0.976480 0.207339
vt 0.977381 0.207255
vt 0.914179 0.000901
vt 0.972279 0.207119
vt 0.973494 0.171205
vt 0.972315 0.171060
vt 0.914924 0.006440
vt 0.916581 0.001076
vt 0.973792 0.166779
vt 0.972592 0.166801
vt 0.973679 0.164278
vt 0.974846 0.164210
vt 0.975729 0.160415
vt 0.974846 0.160429
vt 0.975768 0.156395
vt 0.974774 0.156414
vt 0.976727 0.156576
vt 0.977350 0.166861
s 1
usemtl body
f 209/325/381 211/326/382 208/327/381
f 208/327/381 210/328/383 209/325/381
f 210/328/384 208/327/385 212/329/386
f 213/330/387 208/331/387 211/332/387
f 214/333/388 212/334/389 208/331/390
f 208/331/390 213/330/391 214/333/388
f 215/335/392 214/333/393 213/330/394
f 212/334/395 214/333/396 216/336/397
f 214/333/398 215/335/399 217/337/398
f 217/337/398 216/336/400 214/333/398
f 216/336/401 217/337/401 220/338/401
f 219/339/402 217/337/403 215/335/404
f 218/340/405 220/338/405 217/337/405
f 217/337/403 219/339/402 218/340/405
f 220/338/406 218/340/406 223/341/407
f 220/338/408 221/342/408 216/336/408
f 221/342/409 220/338/409 222/343/410
f 223/341/407 222/343/407 220/338/406
f 222/344/411 223/345/412 225/346/413
f 224/347/414 223/341/415 218/340/416
f 223/345/415 224/348/414 226/349/417
f 226/349/417 225/346/418 223/345/415
f 226/349/419 227/350/420 228/351/421
f 227/350/422 226/349/423 224/348/424
f 225/346/425 226/349/426 229/352/427
f 228/351/421 229/352/428 226/349/419
f 229/352/429 228/351/430 231/353/429
f 229/352/427 230/354/431 225/346/425
f 230/354/432 229/352/433 232/355/432
f 231/353/429 232/355/429 229/352/429
f 232/355/434 231/353/435 235/356/436
f 232/355/432 233/357/432 230/354/432
f 233/357/432 232/355/434 234/358/437
f 235/356/436 234/358/437 232/355/434
f 234/359/438 235/360/439 236/361/438
f 236/362/440 235/363/440 231/364/440
f 236/361/438 237/365/438 234/359/438
f 237/366/441 236/362/442 238/367/442
f 231/364/440 238/367/442 236/362/442
f 228/368/443 239/369/444 238/367/443
f 238/367/443 231/364/445 228/368/443
f 240/370/446 238/367/446 239/369/446
f 238/367/447 240/370/448 237/366/449
f 240/370/450 233/357/451 242/371/452
f 233/357/453 240/370/454 241/372/455
f 239/369/456 241/372/456 240/370/456
f 242/371/457 237/366/449 240/370/448
f 242/373/438 234/359/438 237/365/438
f 234/358/458 242/371/452 233/357/451
f 243/374/459 244/375/460 241/372/461
f 241/372/461 239/369/462 243/374/459
f 230/354/463 241/372/464 244/375/465
f 241/372/455 230/354/466 233/357/453
f 245/376/467 222/344/468 244/375/469
f 244/375/469 243/374/467 245/376/467
f 225/346/413 244/375/413 222/344/411
f 244/375/465 225/346/470 230/354/463
f 246/377/471 221/342/471 245/378/472
f 245/378/472 247/379/472 246/377/471
f 247/380/473 245/376/474 243/374/475
f 222/343/410 245/378/410 221/342/409
f 247/381/476 224/347/476 248/382/477
f 248/382/477 246/383/477 247/381/476
f 224/348/424 247/384/478 227/350/422
f 243/374/475 227/385/479 247/380/473
f 246/383/480 248/382/481 249/386/481
f 219/339/482 249/386/482 248/382/482
f 218/340/416 248/382/416 224/347/414
f 248/382/482 218/340/483 219/339/482
f 249/386/484 250/387/485 246/383/480
f 250/387/485 249/386/484 251/388/486
f 252/389/487 251/388/488 249/386/489
f 249/386/489 219/339/490 252/389/487
f 252/389/491 215/335/492 253/390/493
f 253/390/494 254/391/495 252/389/493
f 251/388/496 252/389/497 254/391/498
f 215/335/492 252/389/491 219/339/404
f 254/391/495 253/390/494 255/392/499
f 255/392/499 256/393/499 254/391/499
f 210/328/500 254/391/498 256/393/501
f 254/391/498 210/328/500 251/388/496
f 256/393/501 209/325/502 210/328/500
f 257/394/503 255/392/504 253/390/503
f 211/332/387 257/394/505 213/330/387
f 253/390/503 213/330/506 257/394/503
f 213/330/394 253/390/507 215/335/392
f 251/388/508 212/329/509 250/387/509
f 212/329/386 251/388/510 210/328/384
f 221/342/511 246/377/512 250/395/513
f 216/336/397 250/395/514 212/334/395
f 250/395/513 216/336/511 221/342/511
f 227/385/515 243/374/516 239/369/517
f 239/369/517 228/368/518 227/385/515
o gaz2975_nomg_body.302
v 49.685371 20.912960 37.963306
v 48.854439 20.912930 37.761021
v 49.603054 20.912960 37.518871
v 48.980972 20.912930 38.147446
v 49.532879 20.912930 38.229473
v 49.532879 19.333286 38.229473
v 49.685371 19.333286 37.963306
v 48.980972 19.333256 38.147446
v 48.854439 19.333256 37.761021
v 49.603054 19.333256 37.518871
v 49.195778 19.333286 38.303696
v 49.195778 20.912930 38.303696
vn -0.0000 1.0000 -0.0000
vn -0.0000 1.0000 0.0001
vn 0.9833 -0.0000 -0.1821
vn 0.9750 -0.0000 0.2223
vn 0.9951 -0.0000 0.0985
vn 0.4485 -0.0000 0.8938
vn 0.6866 -0.0000 0.7270
vn -0.0000 -1.0000 -0.0000
vn -0.0000 -1.0000 0.0001
vn -0.9504 -0.0000 0.3112
vn -0.7825 -0.0000 0.6226
vn -0.8464 -0.0000 0.5326
vn -0.9503 -0.0000 0.3112
vn 0.0001 -1.0000 0.0001
vn -0.0090 -0.0000 1.0000
vn -0.2968 -0.0000 0.9550
vt 0.913228 0.034214
vt 0.913205 0.033146
vt 0.911293 0.033072
vt 0.911161 0.034252
vt 0.918132 0.027405
vt 0.918132 0.026217
vt 0.913981 0.026217
vt 0.911880 0.032519
vt 0.918131 0.025411
vt 0.913981 0.025411
vt 0.922873 0.006285
vt 0.923019 0.008192
vt 0.924088 0.008175
vt 0.922343 0.006892
vt 0.924048 0.006108
vt 0.913981 0.027405
vt 0.913981 0.022737
vt 0.913981 0.023806
vt 0.918131 0.023806
vt 0.918131 0.022737
vt 0.922447 0.007792
vt 0.913981 0.024504
vt 0.918131 0.024504
vt 0.912784 0.032589
s 1
usemtl body
f 259/396/519 261/397/519 258/398/520
f 258/398/519 260/399/519 259/396/519
f 260/400/521 258/401/522 264/402/523
f 262/403/520 258/398/520 261/397/519
f 258/401/522 262/404/524 263/405/525
f 263/405/525 264/402/523 258/401/522
f 264/406/526 265/407/526 266/408/526
f 265/407/526 264/406/526 263/409/526
f 266/408/526 267/410/527 264/406/526
f 264/402/521 267/411/521 260/400/521
f 266/412/528 265/413/529 261/414/530
f 261/414/531 259/415/531 266/412/531
f 263/409/526 268/416/532 265/407/526
f 265/413/529 268/417/533 269/418/534
f 269/418/534 261/414/530 265/413/529
f 261/397/519 269/419/519 262/403/520
f 262/404/524 269/418/534 268/417/533
f 268/417/533 263/405/525 262/404/524
o gaz2975_nomg_body.300
v 44.356140 10.031452 37.507912
v 44.468307 8.961193 38.214096
v 44.469891 8.964245 37.538219
v 44.353546 10.028065 38.250786
v 45.047539 10.058826 37.294571
v 44.848423 10.190273 37.891720
v 45.043404 10.053356 38.496567
v 45.472298 10.072342 37.905647
v 45.410336 9.001007 37.901249
v 45.051319 8.988831 37.345543
v 45.049210 8.983921 38.437378
vn -0.9943 -0.1062 -0.0030
vn -0.9943 -0.1068 -0.0040
vn -0.9943 -0.1062 -0.0031
vn -0.9944 -0.1061 -0.0028
vn -0.3125 -0.0463 -0.9488
vn -0.2922 -0.0583 -0.9546
vn -0.3093 0.9509 0.0033
vn -0.1152 0.9614 -0.2500
vn 0.1798 0.9703 0.1617
vn -0.1269 0.9578 0.2577
vn 0.1869 0.9707 -0.1514
vn 0.8091 -0.0492 0.5857
vn 0.8211 -0.0243 -0.5702
vn 0.8395 -0.0463 -0.5414
vn 0.8295 -0.0264 0.5579
vn -0.3555 -0.0703 0.9320
vn -0.3334 -0.0539 0.9413
vt 0.909664 0.036401
vt 0.910587 0.033735
vt 0.908725 0.033152
vt 0.907969 0.035870
vt 0.906866 0.032744
vt 0.930393 0.014162
vt 0.929428 0.012818
vt 0.928403 0.014155
vt 0.927833 0.012307
vt 0.929466 0.011155
vt 0.931046 0.012318
vt 0.904675 0.035269
vt 0.904932 0.032461
vt 0.903015 0.032394
vt 0.906396 0.035519
vt 0.902977 0.035208
vt 0.901091 0.032459
vt 0.901341 0.035269
s 1
usemtl body
f 271/420/535 273/421/536 270/422/537
f 270/422/538 272/423/538 271/420/538
f 272/423/539 270/422/540 274/424/539
f 273/425/541 275/426/541 270/427/541
f 270/427/542 275/426/542 274/428/542
f 277/429/543 275/426/543 276/430/543
f 276/430/544 275/426/544 273/425/544
f 274/428/545 275/426/545 277/429/545
f 278/431/546 277/432/546 276/433/546
f 279/434/547 274/424/547 277/432/547
f 277/432/548 278/431/548 279/434/548
f 274/424/539 279/434/539 272/423/539
f 276/433/549 280/435/549 278/431/549
f 280/435/550 276/433/551 273/436/550
f 273/436/550 271/437/550 280/435/550
o gaz2975_nomg_body.292
v 44.986298 6.825436 38.563606
v 43.442432 6.825436 36.795013
v 43.442440 6.825436 39.003376
v 44.986290 6.825436 37.234783
v 45.591885 6.825436 38.165993
v 44.986298 9.213680 38.563606
v 45.591885 9.213680 38.165993
v 45.591885 9.213680 37.632389
v 45.591885 6.825436 37.632389
v 44.986290 9.213680 37.234783
v 43.442432 9.213680 36.795013
v 43.442440 9.213680 39.003376
vn -0.0000 -1.0000 -0.0000
vn 0.2740 -0.0000 0.9617
vn 0.4091 -0.0000 0.9125
vn 0.3631 -0.0000 0.9317
vn 0.8383 -0.0000 0.5452
vn -0.0000 1.0000 -0.0000
vn 0.8383 -0.0000 -0.5452
vn 0.3632 -0.0000 -0.9317
vn 0.4090 -0.0000 -0.9125
vn 0.2740 -0.0000 -0.9617
vt 0.925986 0.014227
vt 0.924830 0.010170
vt 0.921339 0.010170
vt 0.920183 0.014227
vt 0.918311 0.021641
vt 0.918311 0.018553
vt 0.913717 0.018553
vt 0.922384 0.008579
vt 0.918311 0.017160
vt 0.913717 0.017160
vt 0.925622 0.010132
vt 0.926667 0.011723
vt 0.928070 0.011723
vt 0.918311 0.016133
vt 0.913717 0.016133
vt 0.918311 0.014740
vt 0.913717 0.014740
vt 0.923785 0.008579
vt 0.929114 0.010132
vt 0.930270 0.006075
vt 0.913717 0.011651
vt 0.924467 0.006075
vt 0.918311 0.011651
vt 0.913717 0.021641
s 1
usemtl body
f 282/438/552 284/439/552 281/440/552
f 281/440/552 283/441/552 282/438/552
f 283/442/553 281/443/554 286/444/555
f 285/445/552 281/440/552 284/439/552
f 281/443/554 285/446/556 287/447/556
f 287/447/556 286/444/555 281/443/554
f 286/448/557 287/449/557 288/450/557
f 289/451/558 288/452/558 287/447/556
f 287/447/556 285/446/556 289/451/558
f 289/451/558 284/453/559 290/454/560
f 284/439/552 289/455/552 285/445/552
f 290/454/560 288/452/558 289/451/558
f 288/450/557 290/456/557 286/448/557
f 286/448/557 290/456/557 291/457/557
f 291/458/561 290/454/560 284/453/559
f 291/457/557 292/459/557 286/448/557
f 284/453/561 282/460/561 291/458/561
f 286/444/553 292/461/553 283/442/553
o gaz2975_nomg_body.293
v 43.803883 28.569447 37.326862
v 43.352230 28.337139 37.327679
v 43.796406 28.323635 37.326874
v 43.941906 28.565273 37.749249
v 43.359703 28.582951 37.327663
v 43.215744 28.341312 37.750553
v 43.223213 28.587124 37.750546
v 43.575542 28.330379 38.011120
v 43.583015 28.576206 38.011105
v 43.934433 28.319462 37.749252
vn -0.0018 -0.0000 -1.0000
vn 0.5862 -0.0179 -0.8100
vn 0.7600 -0.0232 -0.6495
vn 0.9967 -0.0302 0.0750
vn 0.0304 0.9995 -0.0001
vn -0.9512 0.0289 -0.3073
vn -0.9965 0.0302 0.0785
vn -0.8504 0.0260 0.5255
vn -0.2333 0.0073 0.9724
vn 0.2368 -0.0071 0.9715
vn 0.8523 -0.0260 0.5225
vt 0.965132 0.001252
vt 0.965132 0.001898
vt 0.963964 0.001898
vt 0.963964 0.001252
vt 0.962797 0.001898
vt 0.921389 0.007793
vt 0.921750 0.008904
vt 0.920805 0.009590
vt 0.959293 0.001898
vt 0.959293 0.001251
vt 0.960461 0.001251
vt 0.960461 0.001898
vt 0.919860 0.008904
vt 0.961629 0.001251
vt 0.961629 0.001898
vt 0.920221 0.007793
vt 0.962797 0.001251
s 1
usemtl body
f 294/462/562 297/463/562 293/464/562
f 293/464/563 295/465/564 294/462/562
f 295/465/564 293/464/563 296/466/565
f 296/467/566 293/468/566 297/469/566
f 297/470/567 294/471/567 298/472/568
f 298/472/568 299/473/569 297/470/567
f 296/467/566 297/469/566 299/474/566
f 299/473/569 298/472/568 300/475/570
f 300/475/570 301/476/571 299/473/569
f 301/477/566 296/467/566 299/474/566
f 301/476/571 300/475/570 302/478/572
f 302/478/572 296/466/565 301/476/571
f 296/466/565 302/478/572 295/465/564
o gaz2975_nomg_body.296
v 44.161518 28.420887 36.990086
v 38.846268 28.420887 38.348106
v 38.846268 28.420887 36.990086
v 44.161526 28.420887 38.348106
v 38.846268 26.837589 36.990086
v 44.161518 28.085110 36.990086
v 44.161526 28.085110 38.348106
v 43.994705 28.085110 37.181393
v 38.846268 26.837589 37.243912
v 38.846268 28.241405 37.669094
v 38.846268 26.837589 38.094280
v 43.994705 28.085110 38.156799
v 38.846268 26.837589 38.348106
vn -0.0000 1.0000 -0.0000
vn -0.0000 -0.0000 -1.0000
vn 1.0000 -0.0000 -0.0000
vn 0.2285 -0.9735 -0.0000
vn -0.0000 -1.0000 -0.0000
vn 0.2329 -0.9511 0.2031
vn 0.0816 -0.2889 0.9539
vn 0.0816 -0.2889 -0.9539
vn -0.0303 -0.9995 -0.0000
vn 0.2241 -0.9548 -0.1954
vn 0.2355 -0.9719 -0.0000
vn -0.0000 -0.0000 1.0000
vt 0.850425 0.349538
vt 0.838229 0.342727
vt 0.836489 0.345843
vt 0.848685 0.352654
vt 0.846656 0.356287
vt 0.835718 0.345413
vt 0.836059 0.346614
vt 0.846208 0.356778
vt 0.837459 0.342297
vt 0.835581 0.344760
vt 0.836030 0.347277
vt 0.843018 0.358942
vt 0.852806 0.341416
vt 0.839210 0.341583
vt 0.852637 0.345267
vt 0.833965 0.348796
vt 0.838660 0.341956
vt 0.852454 0.345906
vt 0.836831 0.342522
s 1
usemtl body
f 304/479/573 306/480/573 303/481/573
f 303/481/573 305/482/573 304/479/573
f 307/483/574 305/482/574 303/481/574
f 308/484/575 303/481/575 306/480/575
f 303/481/574 308/485/574 307/483/574
f 311/486/576 307/483/576 308/485/576
f 306/480/575 309/487/575 308/484/575
f 310/488/577 308/484/577 309/487/577
f 308/485/578 310/489/578 311/486/578
f 310/489/579 312/490/579 311/486/579
f 312/491/580 314/492/580 313/493/580
f 310/489/581 314/494/581 312/490/581
f 314/492/582 309/495/582 315/496/582
f 309/487/577 314/497/577 310/488/577
f 315/496/583 313/493/583 314/492/583
f 304/479/584 315/496/584 309/495/584
f 309/495/584 306/480/584 304/479/584
o gaz2975_nomg_body.079
v -43.897594 8.221550 13.721128
v -43.897991 1.310867 13.599150
v -43.872513 9.404819 7.782695
v -43.897770 5.254211 13.680817
v -43.897610 5.237602 15.988954
v -43.897423 8.579182 15.988938
v -43.867035 9.432842 43.045017
v -43.897480 8.123703 17.944586
v -42.984791 8.123650 17.944559
v -42.984737 8.579136 15.988913
v -42.984924 5.237583 15.988928
v -42.984924 5.237583 13.680807
v -42.985100 4.215603 15.988938
v -42.985207 1.241264 17.944578
v -43.897892 1.241314 17.944605
v -42.985287 0.839619 15.988954
v -43.897816 2.397430 19.455244
v -42.985126 2.397381 19.455221
v -42.984856 6.913704 19.455221
v -42.984997 4.655544 19.900206
v -43.897678 4.655594 19.900236
v -43.897545 6.913757 19.455252
v -43.896954 -21.731342 43.045013
v -43.897640 -21.731342 20.800049
v -42.824444 -21.731342 43.045006
v -42.794525 9.432842 43.045010
v -42.799999 9.404819 7.782695
v -42.823376 7.619331 38.173828
v -42.414314 11.351727 10.477246
v -42.412647 11.351547 38.850285
v -42.030315 13.272743 43.045010
v -42.823120 -0.627796 38.110149
v -42.824272 -0.678719 41.375751
v -42.826569 -7.758770 41.375763
v -43.102825 13.272743 43.045017
v -43.447346 11.541561 38.850285
v -42.661949 15.483898 38.838467
v -40.055111 28.586338 38.128529
v -40.660900 25.549778 35.606922
v -40.663914 25.549282 10.475173
v -40.078102 28.505726 7.779881
v -39.005592 28.505726 7.779881
v -38.982594 28.586338 38.128536
v -41.627201 15.293877 38.838463
v -39.626171 25.359760 35.606922
v -39.629181 25.359257 10.475165
v -43.449047 11.541748 10.477261
v -42.825138 -21.731342 20.800049
v -42.825661 -7.758766 14.131635
v -39.653828 -7.758774 14.131548
v -39.654736 -7.758770 41.375744
v -39.653622 -0.403000 23.708780
v -39.653595 -0.627796 38.110149
v -39.653591 -0.678768 41.375736
v -39.651550 7.619213 38.130951
v -39.653854 7.607605 9.451685
v -42.825680 7.607704 9.451718
v -39.653641 -0.180443 9.450649
v -42.825474 -0.180340 9.450681
v -42.825542 -0.654194 7.781385
v -43.898045 -0.654194 7.781385
v -43.897976 0.839664 15.988979
v -43.897881 4.269527 13.680752
v -43.897789 4.242580 15.988967
v -42.985100 4.215603 13.680817
vn -1.0000 0.0001 -0.0005
vn -1.0000 0.0010 -0.0030
vn -1.0000 0.0005 -0.0006
vn -0.9920 0.1265 -0.0006
vn -0.9998 0.0186 0.0002
vn -1.0000 0.0001 0.0001
vn -0.0000 -0.0000 1.0000
vn -0.0002 -0.5704 0.8213
vn -0.0000 -0.3274 0.9449
vn -0.9998 0.0219 0.0010
vn -1.0000 0.0025 0.0011
vn -0.0001 -0.9312 -0.3644
vn -0.0001 -0.8659 -0.5002
vn -0.0001 -0.9739 -0.2268
vn -0.0167 -0.9197 0.3923
vn -0.0168 -0.9196 0.3925
vn -0.0182 -0.9998 -0.0000
vn -0.0000 -1.0000 -0.0072
vn -1.0000 0.0001 -0.0000
vn -1.0000 0.0002 0.0001
vn -1.0000 0.0002 -0.0000
vn -0.0000 0.8779 -0.4788
vn -0.0000 0.9404 -0.3400
vn -0.0000 0.6042 -0.7969
vn 0.0001 0.8354 0.5496
vn -0.0000 0.3899 -0.9209
vn -0.0000 -0.0656 -0.9978
vn -0.0000 0.0656 -0.9978
vn -0.0001 -0.3867 -0.9222
vn -0.0001 -0.5952 -0.8036
vn -1.0000 0.0004 0.0005
vn -1.0000 0.0012 0.0010
vn -1.0000 -0.0000 0.0001
vn -1.0000 -0.0000 -0.0000
vn -0.0000 -1.0000 -0.0000
vn 0.9928 -0.1200 0.0001
vn 0.9808 -0.1952 -0.0003
vn 0.9902 -0.1397 -0.0001
vn 1.0000 0.0001 -0.0060
vn 1.0000 -0.0013 -0.0032
vn 1.0000 -0.0016 -0.0026
vn 0.9807 -0.1953 -0.0000
vn 0.9808 -0.1952 0.0001
vn -0.0000 0.2742 0.9617
vn -0.0000 0.2091 0.9779
vn 1.0000 -0.0030 0.0003
vn 0.9999 -0.0003 -0.0159
vn 1.0000 0.0001 -0.0007
vn -0.9808 0.1952 -0.0001
vn -0.9808 0.1952 -0.0000
vn -0.9807 0.1953 0.0003
vn -0.0000 0.3057 0.9521
vn -0.9807 0.1954 0.0004
vn -0.9809 0.1947 0.0003
vn -0.9809 0.1947 0.0004
vn -0.0000 1.0000 -0.0027
vn 0.9807 -0.1953 -0.0004
vn 0.9807 -0.1953 -0.0003
vn 0.9809 -0.1948 -0.0003
vn 0.9809 -0.1947 -0.0004
vn -0.1806 -0.9836 -0.0000
vn -0.0000 0.0001 1.0000
vn -0.0543 -0.2954 -0.9538
vn -0.0005 -0.0029 -1.0000
vn -0.0000 -0.0001 -1.0000
vn -0.0000 -0.0000 -1.0000
vn -0.9809 0.1946 -0.0002
vn 0.1806 0.9836 -0.0000
vn -0.0002 0.2239 0.9746
vn 1.0000 0.0001 -0.0000
vn 1.0000 -0.0001 -0.0002
vn 0.8716 -0.4903 -0.0000
vn 0.9665 -0.2567 0.0003
vn 1.0000 -0.0001 -0.0000
vn 1.0000 -0.0002 -0.0000
vn -0.0000 0.6727 0.7399
vn -0.0000 0.9999 0.0156
vn 0.0067 -0.0052 1.0000
vn 0.0135 -0.0025 0.9999
vn 0.0068 -0.0051 1.0000
vn 0.9676 0.2523 -0.0023
vn -0.0000 -0.0077 1.0000
vn -0.0000 1.0000 -0.0004
vn 0.8820 0.4712 -0.0002
vn -0.0000 0.0001 -1.0000
vn 1.0000 -0.0000 -0.0000
vn 1.0000 -0.0002 0.0009
vn -0.0000 -0.5255 -0.8508
vn 1.0000 -0.0014 0.0072
vn 0.9999 -0.0025 0.0126
vn -1.0000 0.0012 -0.0004
vn 0.0001 0.5495 0.8355
vn 0.0165 0.5583 0.8295
vn 0.0165 0.5584 0.8294
vn 0.0295 0.9995 0.0117
vn -0.0000 -0.0001 1.0000
vn 0.0539 0.9130 0.4044
vn -0.0001 -0.0000 1.0000
vn 0.0590 0.9983 -0.0000
vt 0.721061 0.496069
vt 0.721179 0.504642
vt 0.720824 0.484677
vt 0.704023 0.508058
vt 0.727731 0.505674
vt 0.727729 0.496020
vt 0.964130 0.149840
vt 0.964130 0.159495
vt 0.961493 0.159495
vt 0.805895 0.508137
vt 0.733380 0.504358
vt 0.961493 0.215683
vt 0.964130 0.215683
vt 0.964130 0.221484
vt 0.961493 0.221484
vt 0.961493 0.149840
vt 0.964130 0.166164
vt 0.961493 0.166164
vt 0.720524 0.304874
vt 0.699326 0.299221
vt 0.708979 0.299223
vt 0.486838 0.128049
vt 0.486838 0.125096
vt 0.493506 0.125098
vt 0.711932 0.299223
vt 0.961493 0.191294
vt 0.964130 0.191294
vt 0.964130 0.196790
vt 0.961493 0.185525
vt 0.721685 0.299225
vt 0.961493 0.196790
vt 0.717183 0.309238
vt 0.710659 0.310522
vt 0.700640 0.304871
vt 0.704135 0.309236
vt 0.961493 0.203440
vt 0.964130 0.203440
vt 0.964130 0.210090
vt 0.961493 0.210090
vt 0.805885 0.418099
vt 0.737744 0.500861
vt 0.739029 0.494338
vt 0.042866 0.350879
vt 0.039768 0.350879
vt 0.039768 0.292857
vt 0.737743 0.487814
vt 0.733378 0.484474
vt 0.741620 0.418106
vt 0.104019 0.364939
vt 0.107117 0.364939
vt 0.107119 0.429202
vt 0.042866 0.292857
vt 0.414502 0.724203
vt 0.408217 0.728832
vt 0.332256 0.724269
vt 0.343619 0.720039
vt 0.343767 0.700804
vt 0.342039 0.728832
vt 0.332255 0.733401
vt 0.042866 0.358028
vt 0.039768 0.358028
vt 0.336150 0.700685
vt 0.336150 0.684171
vt 0.332257 0.651582
vt 0.805896 0.519447
vt 0.793777 0.514348
vt 0.793744 0.525961
vt 0.791694 0.564556
vt 0.039768 0.387973
vt 0.784409 0.555611
vt 0.711804 0.555611
vt 0.704018 0.564318
vt 0.882092 0.596975
vt 0.882092 0.600073
vt 0.794409 0.600073
vt 0.794409 0.596975
vt 0.042866 0.387973
vt 0.342067 0.738208
vt 0.349604 0.762145
vt 0.343722 0.769820
vt 0.408222 0.762143
vt 0.414508 0.769625
vt 0.887908 0.595543
vt 0.825488 0.595543
vt 0.825488 0.592930
vt 0.923375 0.595508
vt 0.887908 0.592930
vt 0.798766 0.595648
vt 0.798767 0.593035
vt 0.788783 0.595497
vt 0.788784 0.592884
vt 0.937278 0.596975
vt 0.937278 0.600073
vt 0.711809 0.514351
vt 0.923376 0.592895
vt 0.993846 0.592906
vt 0.993846 0.595519
vt 0.385364 0.920887
vt 0.401877 0.920882
vt 0.401877 0.928280
vt 0.384140 0.651581
vt 0.399693 0.684171
vt 0.146907 0.648656
vt 0.210452 0.648658
vt 0.210452 0.656057
vt 0.146907 0.656052
vt 0.188112 0.673212
vt 0.154522 0.672681
vt 0.146905 0.672564
vt 0.385363 0.928282
vt 0.377746 0.928280
vt 0.377747 0.920887
vt 0.358511 0.928284
vt 0.358510 0.920885
vt 0.154471 0.691910
vt 0.154371 0.699303
vt 0.221364 0.691905
vt 0.221363 0.699309
vt 0.228763 0.673739
vt 0.228764 0.691904
vt 0.221367 0.673737
vt 0.414504 0.700741
vt 0.410611 0.701847
vt 0.216747 0.652171
vt 0.227661 0.669849
vt 0.410608 0.720012
vt 0.020334 0.918760
vt 0.020333 0.847192
vt 0.023431 0.847192
vt 0.966340 0.596975
vt 0.966340 0.600073
vt 0.023433 0.918760
vt 0.704016 0.479002
vt 0.104020 0.429202
vt 0.727728 0.483315
vt 0.721061 0.493224
vt 0.964130 0.185525
vt 0.727729 0.493145
vt 0.961493 0.175732
vt 0.964130 0.175732
vt 0.964130 0.169063
vt 0.961493 0.169063
vt 0.493505 0.128051
s 1
usemtl body
f 319/498/585 316/499/586 317/500/587
f 316/499/586 318/501/588 317/500/587
f 318/501/588 316/499/586 321/502/589
f 316/499/586 319/498/585 320/503/590
f 320/503/590 321/502/589 316/499/586
f 321/504/591 320/505/592 326/506/593
f 322/507/594 318/501/588 321/502/589
f 321/502/589 323/508/595 322/507/594
f 324/509/596 323/510/597 321/511/598
f 321/511/598 325/512/598 324/509/596
f 326/506/593 325/513/591 321/504/591
f 319/514/599 327/515/600 326/506/601
f 326/506/593 320/505/592 319/514/602
f 329/516/603 325/517/603 326/518/603
f 328/519/604 326/520/603 327/521/605
f 329/516/603 326/518/603 328/522/604
f 329/523/606 330/524/607 332/525/608
f 330/524/607 329/523/606 331/526/609
f 331/527/603 329/516/603 328/522/604
f 332/525/608 333/528/610 329/523/606
f 329/516/603 333/529/603 335/530/603
f 329/516/603 324/531/603 325/517/603
f 329/516/603 334/532/603 324/531/603
f 329/516/603 335/530/603 334/532/603
f 335/533/611 336/534/612 337/535/613
f 336/534/612 335/533/611 333/528/610
f 337/535/613 334/536/614 335/533/611
f 338/537/615 322/507/594 337/538/616
f 322/507/594 323/508/595 337/538/616
f 334/536/614 337/535/613 323/510/597
f 338/537/615 337/538/616 336/539/590
f 341/540/591 322/541/591 338/542/591
f 338/537/615 336/539/590 332/543/617
f 338/537/615 332/543/617 330/544/618
f 339/545/618 338/537/615 330/544/618
f 340/546/619 338/547/619 339/548/619
f 338/542/591 340/549/591 341/540/591
f 342/550/620 344/551/621 341/552/622
f 342/550/620 341/552/622 343/553/623
f 347/554/624 343/553/623 341/552/625
f 344/551/621 345/555/626 341/552/622
f 345/555/626 346/556/627 341/552/622
f 341/540/591 346/557/628 350/558/629
f 341/552/625 348/559/630 347/554/624
f 349/560/631 348/559/630 341/552/625
f 341/552/625 340/561/632 349/560/631
f 350/558/629 322/541/591 341/540/591
f 322/507/594 350/562/633 351/563/634
f 352/564/633 351/563/634 350/562/633
f 352/564/633 350/562/633 353/565/635
f 353/566/636 350/558/629 346/557/628
f 352/564/633 353/565/635 354/567/637
f 355/568/638 354/567/637 353/565/635
f 353/565/635 356/569/639 355/568/638
f 357/570/640 356/571/640 353/572/640
f 353/572/640 358/573/640 357/570/640
f 346/557/628 358/574/636 353/566/636
f 359/575/627 360/576/641 358/577/642
f 359/575/627 358/577/642 346/556/627
f 358/577/642 360/576/641 361/578/643
f 361/578/643 357/579/644 358/577/642
f 361/580/645 360/581/645 354/582/645
f 342/550/620 357/579/644 361/578/643
f 361/578/643 344/551/621 342/550/620
f 344/583/646 361/580/646 355/584/646
f 354/582/645 355/584/645 361/580/645
f 360/581/647 359/585/647 352/586/647
f 352/586/647 354/582/647 360/581/647
f 359/585/648 345/587/648 351/588/648
f 359/575/627 346/556/627 345/555/626
f 351/588/648 352/586/648 359/585/648
f 356/571/649 357/570/649 342/589/650
f 355/568/638 356/569/639 318/501/588
f 342/589/650 318/590/650 356/571/649
f 318/501/588 362/591/651 355/568/638
f 355/584/646 362/592/646 344/583/646
f 362/591/651 318/501/588 351/563/634
f 344/583/652 362/592/652 351/593/652
f 318/501/588 322/507/594 351/563/634
f 351/593/652 345/594/652 344/583/652
f 348/595/653 349/596/591 366/597/591
f 349/560/631 340/561/632 363/598/654
f 363/598/654 364/599/655 349/560/631
f 349/600/619 364/601/619 365/602/656
f 365/602/656 366/603/657 349/600/619
f 366/603/657 367/604/658 368/605/659
f 366/603/657 365/602/656 367/604/658
f 369/606/659 366/603/657 368/605/659
f 366/597/591 369/607/660 348/595/653
f 369/607/660 368/608/661 347/609/661
f 347/609/661 348/595/653 369/607/660
f 368/608/662 370/610/663 343/611/664
f 368/605/659 367/604/658 370/612/665
f 343/611/664 347/609/666 368/608/662
f 343/613/667 370/612/665 371/614/668
f 367/604/658 371/614/668 370/612/665
f 371/614/668 372/615/667 343/613/667
f 374/616/669 372/617/669 371/614/669
f 367/604/658 373/618/670 371/614/668
f 371/614/669 373/618/669 374/616/669
f 363/598/654 375/619/671 374/620/670
f 374/620/670 364/599/655 363/598/654
f 364/621/672 374/622/672 373/618/672
f 372/623/673 374/620/670 375/619/671
f 375/624/672 363/625/672 339/626/672
f 375/619/671 342/550/674 372/623/673
f 342/589/650 375/627/669 376/628/669
f 339/626/672 376/629/672 375/624/672
f 376/628/669 318/590/650 342/589/650
f 318/501/588 376/630/675 317/500/587
f 376/630/675 339/545/618 317/500/587
f 365/602/656 373/618/670 367/604/658
f 373/618/672 365/602/672 364/621/672
f 343/553/623 372/623/673 342/550/620
f 339/548/619 363/631/619 340/546/619
f 339/545/618 377/632/618 317/500/587
f 330/544/618 377/632/618 339/545/618
f 378/633/603 317/500/587 377/632/618
f 331/526/609 377/634/676 330/524/607
f 377/632/618 379/635/603 378/633/603
f 328/636/677 379/637/678 377/634/591
f 377/634/676 331/526/609 328/636/591
f 378/638/679 379/637/678 328/636/677
f 378/633/603 319/498/585 317/500/587
f 327/515/600 319/514/599 378/638/680
f 378/638/681 380/639/681 327/515/682
f 328/636/683 380/639/681 378/638/681
f 327/521/605 380/640/605 328/519/604
f 333/528/610 332/525/608 336/534/612
f 323/510/597 324/509/596 334/536/614
o gaz2975_nomg_body.283
v -37.933964 -2.663692 27.817350
v -37.706448 -1.820030 17.067331
v -37.735733 -2.755619 17.051266
v -38.869354 -2.634518 27.796312
v -38.005836 -2.432243 31.311140
v -37.903961 -1.728584 27.779379
v -38.941223 -2.403057 31.290764
v -38.941467 -1.565346 32.548561
v -38.905640 -1.486000 30.980335
v -38.905384 -0.836769 31.955070
v -37.968914 1.538898 34.232895
v -37.970013 -0.864872 31.977964
v -38.904198 1.475655 34.127670
v -38.238903 2.390095 34.901066
v -39.176479 1.995071 34.525661
v -38.942562 0.877895 34.847187
v -39.220440 1.407478 35.252979
v -38.007278 0.941139 34.952419
v -38.006092 -1.593452 32.571445
v -37.970245 -1.515186 31.000713
v -38.839336 -1.699413 27.758347
v -38.672119 -2.726166 17.098722
v -38.642841 -1.790585 17.114784
v -38.978703 -1.673775 14.662897
v -39.044018 -2.601322 14.554829
v -38.009888 -2.668736 14.669531
v -39.882214 -2.297832 13.404023
v -40.052090 -2.424694 14.315756
v -38.858471 -2.492695 13.567662
v -38.764095 -1.571182 13.713474
v -39.733467 -1.386669 13.558524
v -39.903358 -1.513531 14.470256
v -37.973640 -1.735161 14.739857
v -38.284454 1.803249 35.628922
v -39.080906 2.179008 35.884979
v -39.877274 2.228271 35.879845
v -39.038536 2.767353 35.158146
v -39.918350 1.502575 35.290020
v -39.877270 2.091000 34.563194
v -39.836182 2.816696 35.153015
vn 0.7289 0.6846 0.0076
vn 0.7286 0.6849 0.0075
vn 0.9993 -0.0313 0.0187
vn 0.6844 -0.7289 0.0188
vn 0.4202 -0.9073 0.0155
vn 0.9993 -0.0316 0.0187
vn -0.0313 -0.9995 0.0080
vn -0.0326 -0.9973 0.0654
vn 0.4179 -0.9059 0.0686
vn 0.6837 -0.7271 0.0623
vn 0.9993 -0.0311 0.0226
vn -0.9993 0.0315 -0.0219
vn -0.9992 0.0287 -0.0266
vn -0.9993 0.0293 -0.0246
vn -0.0384 -0.8318 0.5537
vn -0.0380 -0.8317 0.5539
vn -0.0382 -0.8318 0.5538
vn -0.9993 0.0312 -0.0207
vn -0.9993 0.0314 -0.0217
vn 0.0363 0.6841 -0.7284
vn 0.0357 0.6843 -0.7283
vn 0.0362 0.6842 -0.7284
vn 0.0384 0.6837 -0.7288
vn 0.0382 0.8318 -0.5538
vn 0.0385 0.8317 -0.5539
vn 0.0383 0.8318 -0.5538
vn -0.9992 0.0273 -0.0289
vn 0.0468 0.6262 -0.7782
vn 0.0453 0.6257 -0.7788
vn 0.0474 0.6247 -0.7794
vn 0.0445 0.6286 -0.7765
vn -0.9219 -0.2723 -0.2755
vn -0.9220 -0.2723 -0.2754
vn -0.9219 -0.2723 -0.2756
vn -0.9992 0.0279 -0.0301
vn -0.9218 -0.2724 -0.2758
vn -0.0459 -0.6267 0.7779
vn -0.0458 -0.6226 0.7812
vn -0.0471 -0.6248 0.7794
vn -0.0379 -0.6846 0.7279
vn -0.0357 -0.6842 0.7284
vn -0.0361 -0.6843 0.7283
vn -0.0384 -0.6847 0.7278
vn -0.0385 -0.8319 0.5536
vn 0.9992 -0.0280 0.0295
vn 0.9993 -0.0292 0.0248
vn 0.9992 -0.0281 0.0276
vn 0.9993 -0.0314 0.0219
vn 0.9993 -0.0315 0.0219
vn 0.0380 0.8319 -0.5536
vn 0.0326 0.9973 -0.0654
vn 0.0325 0.9973 -0.0654
vn -0.6841 0.7291 -0.0188
vn -0.6844 0.7288 -0.0189
vn 0.0314 0.9995 -0.0080
vn -0.9993 0.0313 -0.0187
vn -0.9993 0.0316 -0.0187
vn 0.0310 0.9995 -0.0080
vn 0.0586 0.9978 0.0297
vn 0.0336 0.9985 0.0430
vn 0.0587 0.9978 0.0297
vn -0.9890 0.0535 0.1381
vn -0.9889 0.0284 0.1460
vn -0.9890 0.0536 0.1380
vn -0.2455 -0.0951 0.9647
vn -0.0330 -0.9989 -0.0326
vn -0.0606 -0.9974 -0.0401
vn -0.0331 -0.9989 -0.0326
vn -0.0515 -0.9916 -0.1188
vn -0.1638 -0.9768 -0.1383
vn -0.1332 -0.9779 -0.1609
vn 0.7933 0.0150 -0.6086
vn 0.1815 0.1355 -0.9740
vn 0.1412 0.9803 0.1379
vn 0.1589 0.9734 0.1651
vn 0.1412 0.9803 0.1378
vn -0.2234 -0.1274 0.9664
vn 0.0515 0.9916 0.1188
vn 0.9929 -0.0293 -0.1151
vn 0.9929 -0.0299 -0.1154
vn 0.9929 -0.0297 -0.1153
vn 0.9929 -0.0291 -0.1151
vn 0.0587 0.9978 0.0296
vn -0.0310 -0.9995 0.0080
vn -0.0473 -0.6269 0.7776
vn 0.9688 0.1612 0.1884
vn 0.9684 0.1640 0.1878
vn 0.9687 0.1618 0.1883
vn 0.9992 -0.0283 0.0297
vn -0.0439 -0.6286 0.7765
vn 0.4936 0.6617 0.5644
vn 0.9690 0.1591 0.1889
vn 0.0439 0.7753 0.6301
vn -0.1377 -0.7660 -0.6279
vn -0.1378 -0.7660 -0.6279
vn -0.1385 -0.7663 -0.6274
vn 0.0443 0.6285 -0.7766
vn 0.0450 0.6281 -0.7768
vt 0.305687 0.975874
vt 0.330798 0.975789
vt 0.330768 0.977939
vt 0.305645 0.978138
vt 0.330734 0.980147
vt 0.338931 0.979986
vt 0.338775 0.977791
vt 0.338277 0.970860
vt 0.341278 0.970763
vt 0.341436 0.972918
vt 0.342451 0.979541
vt 0.330523 0.971607
vt 0.338431 0.973135
vt 0.349087 0.971710
vt 0.349201 0.973885
vt 0.341614 0.975120
vt 0.351398 0.973532
vt 0.351149 0.971256
vt 0.348793 0.969563
vt 0.350348 0.969170
vt 0.352860 0.977349
vt 0.350511 0.978061
vt 0.349776 0.976025
vt 0.342016 0.977345
vt 0.338600 0.975475
vt 0.330675 0.973725
vt 0.305552 0.973626
vt 0.305512 0.971423
vt 0.299337 0.973688
vt 0.299603 0.971436
vt 0.297329 0.970958
vt 0.305477 0.980338
vt 0.298892 0.979673
vt 0.300376 0.977796
vt 0.297552 0.977634
vt 0.295369 0.977783
vt 0.296130 0.980202
vt 0.297771 0.975601
vt 0.295728 0.975040
vt 0.296937 0.972987
vt 0.300466 0.975773
vt 0.351888 0.975291
vt 0.353615 0.974977
vt 0.355261 0.974872
vt 0.354771 0.977355
vt 0.353037 0.972923
vt 0.351796 0.968477
vt 0.352751 0.970386
vt 0.354493 0.972164
s 1
usemtl body
f 382/641/684 386/642/685 381/643/686
f 381/643/687 383/644/688 382/641/689
f 383/644/688 381/643/687 384/645/690
f 387/646/691 384/645/691 381/643/692
f 381/643/692 385/647/693 387/646/691
f 385/647/693 381/643/692 386/642/694
f 387/648/695 388/649/696 390/650/697
f 388/651/698 387/646/699 385/647/700
f 384/652/701 387/648/695 389/653/702
f 390/650/697 389/653/702 387/648/695
f 390/650/703 393/654/704 391/655/705
f 391/655/705 392/656/706 390/650/703
f 389/653/707 390/650/708 392/656/709
f 393/654/710 390/650/697 388/649/696
f 394/657/711 391/655/712 393/654/713
f 393/654/713 395/658/714 394/657/711
f 395/658/715 393/654/716 396/659/717
f 388/649/696 396/659/718 393/654/710
f 396/659/717 397/660/719 395/658/715
f 397/661/720 396/662/721 398/663/722
f 399/664/723 398/663/724 396/662/725
f 396/662/725 388/651/726 399/664/723
f 385/647/700 399/664/727 388/651/698
f 398/663/728 399/664/729 392/656/730
f 399/664/729 385/647/731 400/665/732
f 400/665/732 392/656/730 399/664/729
f 392/656/709 400/665/733 389/653/707
f 401/666/734 389/653/735 400/665/735
f 400/665/735 386/642/734 401/666/734
f 386/642/694 400/665/732 385/647/731
f 389/653/702 401/666/701 384/652/701
f 403/667/736 401/666/737 386/642/738
f 402/668/739 384/652/701 401/666/701
f 401/666/737 403/667/736 402/668/740
f 386/642/685 382/641/684 403/667/741
f 404/669/742 403/667/743 382/641/744
f 405/670/745 402/668/746 403/667/747
f 403/667/747 404/669/747 405/670/745
f 408/671/748 405/670/748 404/669/748
f 402/672/749 405/673/750 406/674/751
f 405/673/752 409/675/752 406/674/752
f 407/676/753 409/675/753 405/673/753
f 405/673/754 408/677/754 407/676/754
f 406/674/755 409/675/755 410/678/755
f 411/679/756 410/678/756 409/675/756
f 409/675/756 407/676/756 411/679/756
f 410/678/757 411/679/758 412/680/757
f 412/680/759 404/669/759 410/678/759
f 404/669/760 412/680/760 408/671/760
f 410/678/755 413/681/755 406/674/755
f 413/681/761 410/678/761 404/669/761
f 383/644/762 406/674/763 413/681/764
f 413/681/764 382/641/765 383/644/762
f 382/641/744 413/681/766 404/669/742
f 406/674/751 383/644/751 402/672/749
f 384/645/690 402/672/767 383/644/688
f 398/663/722 414/682/768 397/661/720
f 414/682/769 398/663/770 391/655/771
f 392/656/730 391/655/772 398/663/728
f 397/661/720 414/682/768 415/683/773
f 415/683/774 414/682/774 394/657/774
f 391/655/771 394/657/775 414/682/769
f 415/683/773 416/684/773 418/685/773
f 416/684/776 415/683/776 417/686/776
f 394/657/774 417/686/774 415/683/774
f 418/685/773 397/661/720 415/683/773
f 397/660/777 418/687/777 419/688/777
f 419/688/778 395/658/779 397/660/777
f 395/658/714 419/688/714 420/689/714
f 420/689/780 417/686/781 395/658/714
f 417/686/776 420/689/776 416/684/776
f 417/686/781 394/657/711 395/658/714
o gaz2975_nomg_body.288
v -38.922424 4.117409 21.696453
v -39.750450 4.534481 14.292238
v -39.330082 4.534481 14.292240
v -39.342800 4.117409 21.696453
v -39.650307 3.904442 23.130566
v -39.329910 2.722893 14.292178
v -38.924145 3.054989 21.692446
v -39.750278 2.722893 14.292180
v -39.344521 3.054989 21.692446
v -39.652355 3.253311 23.125929
v -39.362625 3.050350 13.953058
v -39.782997 3.050350 13.953058
v -39.362762 4.210468 13.953192
v -39.783131 4.210468 13.953190
vn -0.0000 0.9984 0.0562
vn 0.9984 -0.0004 -0.0567
vn 0.9984 0.0001 -0.0567
vn 0.9999 -0.0007 -0.0172
vn -0.0000 0.9892 0.1469
vn 0.9969 -0.0022 0.0791
vn 0.8915 -0.0050 0.4531
vn -0.0000 -0.9990 0.0448
vn -0.0000 -0.9906 0.1370
vn 0.8912 -0.0060 0.4536
vn -0.0000 -0.7194 -0.6946
vn 0.6849 0.0002 -0.7287
vn 0.5995 0.0002 -0.8004
vn -0.0000 0.0001 -1.0000
vn -0.0000 0.7230 -0.6909
vt 0.617592 0.998677
vt 0.618384 0.980071
vt 0.619301 0.980281
vt 0.618380 0.998299
vt 0.622519 0.998299
vt 0.619698 0.976417
vt 0.621822 0.980291
vt 0.623305 0.998684
vt 0.622741 0.980090
vt 0.621470 0.976427
vt 0.622124 0.999863
vt 0.621808 0.999027
vt 0.619081 0.999027
vt 0.618763 0.999862
s 1
usemtl body
f 422/690/782 424/691/782 421/692/782
f 421/692/782 423/693/782 422/690/782
f 426/694/783 423/693/784 421/692/785
f 421/692/786 424/691/786 425/695/786
f 427/696/787 421/692/785 425/695/788
f 427/696/787 426/694/783 421/692/785
f 428/697/789 426/694/789 427/696/789
f 427/696/789 429/698/789 428/697/789
f 427/696/790 430/699/790 429/698/790
f 425/695/788 430/699/791 427/696/787
f 428/697/792 432/700/792 431/701/792
f 431/701/792 426/694/792 428/697/792
f 433/702/793 431/701/794 432/700/795
f 432/700/795 434/703/795 433/702/793
f 434/703/796 422/690/796 423/693/796
f 423/693/796 433/702/796 434/703/796
f 426/694/783 433/702/793 423/693/784
f 426/694/783 431/701/794 433/702/793
o gaz2975_nomg_body.284
v -43.897781 4.293064 19.663321
v -43.897778 5.204453 13.786742
v -43.897602 5.160786 19.663309
v -43.897789 4.322632 13.786754
v -42.984917 5.160774 19.663279
v -42.985092 4.293049 19.663294
v -42.985100 4.322613 13.786729
v -42.984924 5.190334 13.786716
vn -1.0000 -0.0000 -0.0000
vn -1.0000 0.0002 -0.0000
vn -0.0000 0.9577 0.2877
vn 0.0002 0.9886 0.1507
vn -0.0000 -0.9603 0.2788
vn 0.0002 -0.9977 0.0684
vn 0.0003 -0.9884 -0.1521
vn -0.0000 -0.9885 -0.1509
vn -0.0000 -0.0000 -1.0000
vn -0.0000 1.0000 0.0050
vn 0.0155 0.9999 0.0074
vt 0.128668 0.117755
vt 0.131108 0.117023
vt 0.136067 0.133260
vt 0.133665 0.133981
vt 0.131635 0.097275
vt 0.128997 0.097275
vt 0.128996 0.094771
vt 0.131635 0.094770
vt 0.128996 0.077805
vt 0.131635 0.077805
vt 0.131635 0.075300
vt 0.131635 0.114242
vt 0.128996 0.114242
vt 0.128996 0.075259
s 1
usemtl body
f 436/704/797 438/705/797 435/706/798
f 435/706/798 437/707/798 436/704/797
f 439/708/799 437/709/800 435/710/801
f 440/711/802 435/710/801 438/712/803
f 435/710/801 440/711/802 439/708/799
f 438/712/803 441/713/804 440/711/802
f 442/714/805 441/713/804 438/712/803
f 442/715/806 436/716/807 437/709/807
f 437/709/800 439/708/799 442/715/806
f 438/712/803 436/717/805 442/714/805
o gaz2975_nomg_body.282
v -43.193306 28.341297 37.750538
v -43.337280 28.582935 37.327648
v -43.329807 28.337124 37.327663
v -43.200775 28.587109 37.750530
v -43.553135 28.330372 38.011097
v -43.560608 28.576191 38.011089
v -43.912018 28.319447 37.749237
v -43.919491 28.565266 37.749226
v -43.773991 28.323620 37.326859
v -43.781467 28.569431 37.326847
vn 0.9512 0.0289 -0.3073
vn 0.8504 0.0259 0.5255
vn 0.9965 0.0303 0.0785
vn 0.2333 0.0071 0.9724
vn -0.2368 -0.0072 0.9715
vn -0.5890 -0.0179 0.8079
vn -0.9501 -0.0289 -0.3107
vn 0.0018 -0.0000 -1.0000
vn -0.0304 0.9995 -0.0001
vt 0.921699 0.007330
vt 0.920415 0.007298
vt 0.920433 0.006588
vt 0.921716 0.006620
vt 0.919149 0.006557
vt 0.919132 0.007267
vt 0.917861 0.006525
vt 0.917853 0.007235
vt 0.916567 0.006529
vt 0.915279 0.006568
vt 0.916579 0.007239
vt 0.915300 0.007278
vt 0.973831 0.256203
vt 0.975115 0.256203
vt 0.975511 0.257424
vt 0.974473 0.258179
vt 0.973435 0.257424
s 1
usemtl body
f 444/718/808 446/719/809 443/720/810
f 443/720/810 445/721/808 444/718/808
f 447/722/811 443/720/810 446/719/809
f 446/719/809 448/723/812 447/722/811
f 449/724/813 447/722/811 448/723/812
f 448/723/812 450/725/813 449/724/813
f 451/726/814 449/724/814 450/725/814
f 445/727/815 451/726/815 452/728/815
f 450/725/814 452/728/814 451/726/814
f 452/728/815 444/729/815 445/727/815
f 444/730/816 452/731/816 450/732/816
f 448/733/816 446/734/816 450/732/816
f 446/734/816 444/730/816 450/732/816
o gaz2975_nomg_body.285
v -47.913925 10.444046 37.625076
v -46.703922 9.549736 37.712009
v -46.559185 9.968601 37.625122
v -47.844067 10.575500 38.054371
v -48.122810 10.051968 37.711746
v -48.550919 11.031395 38.055954
v -48.661427 10.930836 37.624329
v -48.988136 10.633495 37.712723
v -48.978153 12.496670 38.054100
v -49.126827 12.491924 37.625202
v -49.571465 12.477730 37.711460
v -48.978104 26.192997 38.054066
v -49.126545 26.193920 37.625351
v -48.911087 27.049229 38.046787
v -49.054485 27.086468 37.614639
v -49.571461 26.203091 37.711388
v -49.476818 27.218174 37.701469
v -49.571362 26.204693 38.053505
v -49.571468 12.477730 38.053280
v -48.771961 10.830273 38.224884
v -49.275517 12.487175 38.224987
v -48.988140 10.633495 38.052032
v -47.983784 10.312584 38.224976
v -48.122814 10.051968 38.053009
v -46.606979 9.827881 38.224964
v -46.703926 9.549736 38.052746
v -45.158562 9.378036 38.052269
v -45.160782 9.676792 38.224899
v -45.165340 9.981594 38.055912
v -46.511402 10.109325 38.054302
v -45.163067 9.829193 37.624355
v -45.158554 9.378036 37.712490
v -49.275177 26.199650 38.224987
v -49.196472 27.140209 38.214550
v -49.476284 27.223576 38.040794
v -48.828350 28.001278 38.021404
v -48.830799 27.993153 37.681953
v -48.611469 27.619305 37.601307
v -47.610065 28.272701 37.663666
v -47.581387 27.826725 37.588036
v -47.563541 27.689823 38.020916
v -42.712082 27.827358 37.398254
v -42.695148 27.698315 37.805817
v -42.704838 27.982296 37.960136
v -47.580662 27.991085 38.183708
v -42.722538 28.257359 37.791416
v -47.603951 28.281246 38.004894
v -42.730621 28.248837 37.468513
v -48.681572 27.759274 38.199047
v -48.533970 27.504093 38.035137
vn -0.2329 -0.6572 -0.7168
vn -0.2326 -0.6574 -0.7168
vn -0.0644 -0.1825 -0.9811
vn 0.1662 0.4734 -0.8650
vn -0.0637 -0.1815 -0.9813
vn 0.3133 0.8926 -0.3243
vn 0.5149 0.7945 -0.3219
vn 0.5118 0.7946 -0.3266
vn 0.5149 0.7945 -0.3218
vn -0.1132 -0.1668 -0.9795
vn -0.1042 -0.1614 -0.9814
vn 0.5177 0.7944 -0.3176
vn 0.9086 0.2710 -0.3179
vn 0.9168 0.2669 -0.2969
vn 0.9085 0.2710 -0.3179
vn -0.3952 -0.5869 -0.7067
vn -0.3951 -0.5868 -0.7068
vn -0.1884 -0.0602 -0.9803
vn -0.2081 -0.0615 -0.9762
vn -0.1883 -0.0602 -0.9803
vn 0.9450 -0.0000 -0.3272
vn 0.9448 -0.0000 -0.3275
vn 0.7206 -0.0000 -0.6934
vn -0.1882 -0.0602 -0.9803
vn 0.2398 -0.0000 -0.9708
vn -0.5008 -0.0001 -0.8656
vn 0.9432 -0.0785 -0.3228
vn 0.9440 -0.0801 -0.3201
vn 0.9431 -0.0783 -0.3232
vn 0.9421 -0.0765 -0.3264
vn -0.1945 0.0064 -0.9809
vn -0.1898 0.0035 -0.9818
vn -0.1944 0.0063 -0.9809
vn -0.8658 -0.0000 -0.5004
vn -0.1987 0.0089 -0.9800
vn -0.9957 0.0929 -0.0000
vn -0.9957 0.0928 -0.0002
vn -0.9957 0.0928 -0.0001
vn -0.9450 -0.0000 0.3272
vn -0.7568 -0.0000 0.6536
vn -0.5199 -0.1650 0.8381
vn -0.0047 -0.0015 1.0000
vn -0.0048 -0.0015 1.0000
vn -0.4926 -0.1498 0.8573
vn -0.1900 0.0001 0.9818
vn -0.9534 -0.3016 -0.0000
vn -0.2824 -0.4188 0.8630
vn -0.2861 -0.4354 0.8535
vn -0.5578 -0.8300 -0.0000
vn -0.2896 -0.8177 0.4974
vn -0.2893 -0.8177 0.4977
vn -0.1683 -0.4758 0.8633
vn -0.0007 -0.0019 1.0000
vn -0.0008 -0.0023 1.0000
vn -0.1685 -0.4787 0.8617
vn -0.3337 -0.9427 -0.0000
vn -0.0955 -0.8604 0.5005
vn -0.0956 -0.8606 0.5002
vn -0.1104 -0.9939 -0.0000
vn -0.0553 -0.4999 0.8643
vn -0.0535 -0.5121 0.8572
vn 0.0507 0.4848 0.8731
vn 0.0507 0.4849 0.8731
vn 0.0470 0.5062 0.8611
vn 0.0895 0.9393 -0.3312
vn 0.0490 0.4959 -0.8670
vn -0.0197 -0.1919 -0.9812
vn -0.0769 -0.6983 -0.7117
vn -0.0773 -0.6982 -0.7118
vn -0.0215 -0.1959 -0.9804
vn 0.1654 0.4697 0.8672
vn 0.1656 0.4734 0.8651
vn 0.3120 0.8920 -0.3272
vn 0.2742 0.4196 0.8653
vn 0.2737 0.4169 0.8667
vn 0.2742 0.4197 0.8653
vn 0.4896 0.1438 0.8600
vn 0.4896 0.1439 0.8600
vn 0.1875 -0.0000 0.9823
vn 0.4983 -0.0000 0.8670
vn -0.4996 0.0574 0.8644
vn -0.5154 0.0526 0.8553
vn -0.4995 0.0574 0.8644
vn 0.4987 -0.0318 0.8662
vn 0.4979 -0.0320 0.8666
vn 0.4981 -0.0320 0.8665
vn 0.4987 -0.0000 0.8668
vn -0.7682 0.6401 -0.0091
vn -0.7684 0.6399 -0.0098
vn -0.7683 0.6400 -0.0096
vn -0.4117 0.3635 0.8357
vn -0.4110 0.3633 0.8361
vn -0.4112 0.3633 0.8360
vn -0.9957 0.0929 0.0001
vn -0.7682 0.6401 -0.0090
vn -0.1661 0.1136 -0.9795
vn -0.1661 0.1138 -0.9795
vn -0.0495 0.1827 -0.9819
vn -0.0495 0.1828 -0.9819
vn -0.2232 0.9746 -0.0206
vn -0.2235 0.9745 -0.0217
vn -0.2234 0.9745 -0.0215
vn -0.0522 0.1637 -0.9851
vn 0.1764 -0.9431 -0.2819
vn 0.1843 -0.9349 -0.3033
vn -0.0116 -0.9534 -0.3014
vn -0.0116 -0.9535 -0.3011
vn -0.0264 -0.7327 -0.6801
vn -0.0337 -0.5015 -0.8645
vn 0.9985 0.0482 -0.0262
vn 0.9985 0.0483 -0.0262
vn 0.0395 -0.4733 0.8800
vn 0.0396 -0.4760 0.8785
vn 0.0458 0.0130 0.9989
vn 0.0399 0.5243 0.8506
vn 0.0256 0.8724 0.4881
vn 0.0397 0.5265 0.8492
vn 0.0037 0.9996 -0.0265
vn 0.9985 0.0483 -0.0263
vn -0.0256 0.6908 -0.7226
vn -0.0255 0.6906 -0.7228
vn 0.0039 0.9997 -0.0251
vn -0.0386 0.1627 -0.9859
vn -0.1128 0.5426 0.8324
vn -0.2231 0.9746 -0.0204
vn -0.0969 0.5165 0.8508
vn 0.4060 -0.3152 0.8578
vn 0.4044 -0.3149 0.8587
vn 0.4049 -0.3150 0.8584
vn -0.4119 0.3635 0.8356
vn 0.4068 -0.3154 0.8573
vn 0.1150 -0.4889 0.8647
vn 0.7315 -0.6147 -0.2950
vn 0.7313 -0.6154 -0.2941
vn 0.7314 -0.6150 -0.2947
vn 0.7317 -0.6142 -0.2957
vn 0.1764 -0.9431 -0.2820
vn 0.1025 -0.4684 0.8776
vn -0.1660 0.1135 -0.9796
vn 0.4990 -0.0317 0.8660
vn 0.2748 0.4231 0.8634
vt 0.966555 0.603902
vt 0.962399 0.603903
vt 0.962324 0.602620
vt 0.966577 0.602616
vt 0.962263 0.601322
vt 0.959550 0.601425
vt 0.959575 0.602745
vt 0.954867 0.601120
vt 0.959686 0.603953
vt 0.954708 0.602416
vt 0.915222 0.601080
vt 0.954400 0.603693
vt 0.915119 0.602394
vt 0.840928 0.233772
vt 0.838380 0.234538
vt 0.838012 0.233270
vt 0.840432 0.232527
vt 0.841555 0.235134
vt 0.914916 0.603710
vt 0.838825 0.235696
vt 0.841726 0.236390
vt 0.954360 0.604706
vt 0.914864 0.604705
vt 0.959676 0.604846
vt 0.959587 0.605723
vt 0.954551 0.605704
vt 0.962347 0.605878
vt 0.962408 0.604896
vt 0.966571 0.604874
vt 0.966588 0.605847
vt 0.970991 0.604917
vt 0.970793 0.605972
vt 0.970602 0.606987
vt 0.966618 0.606829
vt 0.966533 0.601304
vt 0.970491 0.601097
vt 0.970665 0.602429
vt 0.970970 0.603823
vt 0.962297 0.606855
vt 0.959484 0.606656
vt 0.954714 0.606689
vt 0.914981 0.605699
vt 0.841493 0.237580
vt 0.838760 0.237469
vt 0.838919 0.236570
vt 0.841251 0.238616
vt 0.915073 0.606690
vt 0.836291 0.236828
vt 0.836236 0.235958
vt 0.836209 0.234789
vt 0.833043 0.234718
vt 0.832895 0.236020
vt 0.833133 0.233414
vt 0.819060 0.233498
vt 0.819001 0.234733
vt 0.874709 0.011572
vt 0.833274 0.238955
vt 0.819125 0.238933
vt 0.819089 0.238001
vt 0.833123 0.237985
vt 0.818983 0.237027
vt 0.832929 0.237012
vt 0.818960 0.236012
vt 0.836390 0.237670
vt 0.838611 0.238424
vt 0.836488 0.238577
vt 0.836153 0.233487
s 1
usemtl body
f 454/735/817 457/736/818 453/737/819
f 453/737/820 455/738/820 454/735/821
f 455/738/820 453/737/820 456/739/822
f 458/740/823 456/739/824 453/737/825
f 459/741/826 453/737/827 457/736/827
f 453/737/825 459/741/828 458/740/823
f 461/742/829 458/740/830 459/741/831
f 457/736/832 460/743/833 459/741/826
f 462/744/834 459/741/835 460/743/836
f 459/741/831 462/744/831 461/742/829
f 464/745/837 461/742/838 462/744/839
f 460/743/836 463/746/840 462/744/834
f 465/747/841 462/744/839 463/746/842
f 462/744/839 465/747/841 464/745/837
f 465/748/843 467/749/844 466/750/845
f 466/750/845 464/751/846 465/748/843
f 467/749/847 465/748/848 468/752/849
f 463/746/842 468/753/850 465/747/841
f 468/752/849 469/754/851 467/749/847
f 469/754/852 468/752/853 470/755/854
f 471/756/855 470/757/856 468/753/850
f 468/753/850 463/746/842 471/756/855
f 471/756/857 474/758/857 472/759/857
f 472/759/858 473/760/859 471/756/860
f 470/757/856 471/756/855 473/760/861
f 474/758/862 471/756/862 463/746/862
f 475/761/863 472/759/864 474/758/863
f 474/758/863 476/762/863 475/761/863
f 476/762/865 474/758/865 460/743/865
f 463/746/862 460/743/862 474/758/862
f 476/762/866 478/763/867 477/764/868
f 477/764/869 475/761/870 476/762/871
f 478/763/867 476/762/866 457/736/872
f 460/743/833 457/736/832 476/762/865
f 457/736/818 454/735/817 478/763/872
f 479/765/873 478/763/874 454/735/875
f 478/763/874 479/765/873 480/766/876
f 480/766/876 477/764/877 478/763/877
f 477/764/878 480/766/878 481/767/878
f 481/767/879 482/768/880 477/764/879
f 482/769/881 481/770/881 483/771/881
f 483/771/882 455/738/882 482/769/881
f 455/738/882 483/771/882 484/772/883
f 484/772/884 454/735/885 455/738/886
f 454/735/885 484/772/884 479/765/875
f 482/768/887 456/773/888 475/761/888
f 456/739/822 482/769/889 455/738/889
f 475/761/870 477/764/869 482/768/887
f 472/759/890 475/761/891 456/773/892
f 473/760/859 472/759/858 458/774/893
f 458/774/894 461/775/894 473/760/894
f 485/776/895 473/760/861 461/775/896
f 473/760/861 485/776/895 470/757/856
f 485/777/897 486/778/898 487/779/899
f 486/778/900 485/777/901 464/780/902
f 461/775/896 464/781/903 485/776/895
f 487/779/899 470/755/899 485/777/897
f 487/779/904 488/782/905 489/783/906
f 488/782/907 487/779/908 486/778/909
f 470/755/854 487/779/910 469/754/852
f 489/783/906 469/754/911 487/779/904
f 469/754/912 489/783/913 490/784/913
f 492/785/914 490/784/915 489/783/915
f 491/786/916 489/783/917 488/782/918
f 489/783/915 491/786/919 492/785/914
f 490/784/920 492/785/921 493/787/920
f 495/788/922 493/787/923 492/785/924
f 494/789/925 492/785/924 491/786/919
f 492/785/924 494/789/925 495/788/922
f 496/790/926 495/790/927 494/790/927
f 493/791/928 495/792/929 496/793/929
f 496/793/930 497/794/930 493/791/928
f 497/794/930 496/793/930 498/795/931
f 494/790/927 498/790/926 496/790/926
f 498/795/932 499/796/932 497/794/933
f 499/796/932 498/795/932 500/797/934
f 500/790/935 498/790/926 494/790/927
f 500/797/936 491/786/937 499/796/938
f 491/786/937 500/797/936 494/789/939
f 499/796/940 488/782/940 501/798/940
f 488/782/918 499/796/941 491/786/916
f 501/798/942 497/794/942 499/796/942
f 501/798/943 486/778/944 466/799/945
f 486/778/909 501/798/946 488/782/907
f 466/799/945 502/800/947 501/798/943
f 497/794/948 501/798/948 502/800/948
f 467/749/949 490/784/950 502/801/951
f 502/801/951 466/750/952 467/749/949
f 493/787/920 502/801/953 490/784/920
f 502/800/948 493/791/954 497/794/948
f 490/784/913 467/749/955 469/754/912
f 464/780/902 466/799/956 486/778/900
f 456/773/892 458/774/957 472/759/890
o gaz2975_nomg_body.286
v -38.823853 28.420872 38.348091
v -44.139111 28.085094 38.348091
v -44.139111 28.420872 38.348091
v -38.823853 26.837574 38.348091
v -44.139118 28.420872 36.990070
v -38.823860 28.420872 36.990070
v -38.823860 26.837574 36.990070
v -44.139118 28.085094 36.990070
v -38.823860 26.837574 37.243904
v -43.972290 28.085094 37.181385
v -38.823860 28.241390 37.669079
v -43.972290 28.085094 38.156784
v -38.823853 26.837574 38.094265
vn -0.0000 -0.0000 1.0000
vn -0.0313 0.9995 -0.0003
vn -0.1252 0.9921 -0.0000
vn -0.0000 1.0000 -0.0000
vn -0.0000 -0.0000 -1.0000
vn -0.2285 -0.9735 -0.0000
vn -0.2329 -0.9511 0.2031
vn -0.0816 -0.2889 0.9539
vn 0.0303 -0.9995 -0.0000
vn -0.0816 -0.2889 -0.9539
vn -0.2355 -0.9719 -0.0000
vn -0.2241 -0.9548 -0.1954
vn -0.0000 -1.0000 -0.0000
vn -0.7607 -0.6491 -0.0001
vn -0.9705 -0.2413 -0.0000
vt 0.972387 0.266223
vt 0.975990 0.281582
vt 0.971416 0.281582
vt 0.971417 0.266223
vt 0.967493 0.266223
vt 0.967492 0.281582
vt 0.962917 0.281582
vt 0.966522 0.266223
vt 0.962206 0.281415
vt 0.965870 0.266552
vt 0.958419 0.279513
vt 0.963305 0.265384
vt 0.980490 0.279513
vt 0.976702 0.281415
vt 0.973040 0.266552
vt 0.968045 0.264771
vt 0.970864 0.264771
vt 0.971417 0.265253
vt 0.967493 0.265253
s 1
usemtl body
f 504/802/958 506/803/958 503/804/958
f 503/804/958 505/805/958 504/802/958
f 507/806/959 505/805/960 503/804/961
f 503/804/961 508/807/961 507/806/959
f 507/806/962 508/807/962 509/808/962
f 509/808/962 510/809/962 507/806/962
f 510/809/963 509/808/963 511/810/963
f 511/810/964 512/811/964 510/809/964
f 512/811/965 511/810/965 513/812/965
f 512/811/966 513/812/966 514/813/966
f 513/814/967 515/815/967 514/816/967
f 514/816/968 515/815/968 506/803/968
f 506/803/969 504/802/969 514/816/969
f 512/817/970 514/818/970 504/819/971
f 504/819/971 510/820/972 512/817/970
f 505/805/960 507/806/959 510/820/972
f 510/820/972 504/819/971 505/805/960
o gaz2975_nomg_body.289
v -46.232773 25.642582 36.477356
v -46.798771 26.330883 36.265091
v -46.865604 25.995991 36.238842
v -46.015884 25.893459 36.561649
v -45.679028 25.078358 36.698185
v -45.968693 25.002773 36.585854
v -46.081791 25.002544 36.877522
v -46.345863 25.642353 36.769016
v -50.758915 26.016079 35.064808
v -46.978691 25.995762 36.530510
v -51.664188 25.032345 34.712929
v -47.055363 14.432617 36.488659
v -46.133389 15.433392 36.846962
v -46.432003 14.873661 36.729893
v -46.020283 15.433628 36.555286
v -45.731331 15.337532 36.667336
v -46.109154 14.629524 36.519379
v -46.318913 14.873890 36.438225
v -46.942261 14.432854 36.196995
v -46.861401 14.097198 36.228065
v -50.802406 14.452869 35.035770
v -50.689312 14.453106 34.744114
v -50.772743 14.118244 34.711456
v -51.520103 14.658669 34.421341
v -51.308304 14.900726 34.503574
v -51.421391 14.900497 34.795235
v -51.715763 15.463230 34.682407
v -51.602665 15.463463 34.390743
v -51.892464 15.370735 34.278339
v -51.551094 25.032574 34.421265
v -51.840164 25.111629 34.309227
v -51.277824 25.669735 34.521080
v -51.390919 25.669506 34.812737
v -51.492680 25.923046 34.438015
v -50.710110 26.351971 34.748451
v -50.645805 26.016315 34.773155
v -51.743832 25.922497 35.210022
v -50.961178 26.351429 35.520477
v -47.049946 26.330303 37.037048
v -46.267078 25.892956 37.333649
v -48.240108 24.763470 38.332130
v -45.930195 25.077854 37.470169
v -48.269203 15.788700 38.313717
v -50.083469 24.780941 37.659798
v -50.112553 15.806129 37.641426
v -52.091267 25.111095 35.081234
v -52.143631 15.370190 35.050350
v -51.771233 14.658127 35.193279
v -51.023861 14.117706 35.483479
v -47.112587 14.096619 37.000057
v -46.360268 14.628979 37.291374
v -45.982517 15.336956 37.439293
vn 0.3548 0.0034 -0.9349
vn 0.3569 0.0054 -0.9341
vn 0.3563 0.0048 -0.9344
vn 0.3540 0.0027 -0.9353
vn -0.4316 -0.8863 -0.1680
vn -0.4316 -0.8863 -0.1681
vn 0.3619 0.0002 -0.9322
vn 0.3615 0.0002 -0.9324
vn -0.8514 -0.4074 -0.3305
vn -0.8514 -0.4074 -0.3304
vn -0.8513 -0.4074 -0.3305
vn 0.3607 0.0011 -0.9327
vn 0.3539 -0.1882 -0.9162
vn 0.3608 0.0011 -0.9327
vn 0.2690 -0.6586 -0.7028
vn 0.3612 0.0009 -0.9325
vn 0.3617 0.0008 -0.9323
vn 0.3819 0.0009 -0.9242
vn -0.9323 0.0062 -0.3615
vn 0.3584 0.0040 -0.9336
vn -0.8091 0.4972 -0.3133
vn 0.3616 0.0003 -0.9323
vn 0.3620 0.0013 -0.9322
vn 0.3615 0.0009 -0.9324
vn 0.3617 0.0009 -0.9323
vn 0.3608 0.0005 -0.9326
vn -0.5137 0.8347 -0.1985
vn 0.3608 0.0006 -0.9327
vn 0.3309 0.4162 -0.8469
vn 0.1747 0.8817 -0.4382
vn 0.3611 0.0007 -0.9325
vn 0.0044 1.0000 0.0025
vn 0.5209 0.8292 0.2026
vn 0.5209 0.8292 0.2027
vn 0.3621 0.0007 -0.9321
vn 0.3622 0.0005 -0.9321
vn 0.3623 0.0006 -0.9321
vn 0.3614 0.0008 -0.9324
vn 0.3612 0.0007 -0.9325
vn 0.3615 -0.0011 -0.9324
vn 0.3613 0.0007 -0.9324
vn 0.3596 0.0010 -0.9331
vn 0.8133 0.4887 0.3157
vn 0.9323 -0.0062 0.3615
vn 0.8133 0.4887 0.3158
vn 0.3613 0.0013 -0.9325
vn 0.3612 0.0013 -0.9325
vn 0.3613 0.0001 -0.9325
vn 0.3610 -0.0001 -0.9326
vn 0.3678 0.0038 -0.9299
vn 0.8483 -0.4153 0.3286
vn 0.3786 -0.0174 -0.9254
vn 0.4234 -0.8911 0.1635
vn 0.3662 0.0055 -0.9305
vn 0.3615 0.0007 -0.9324
vn 0.3693 0.0024 -0.9293
vn 0.4234 -0.8910 0.1635
vn -0.0044 -1.0000 -0.0025
vn 0.2613 -0.6818 -0.6833
vn 0.3268 -0.4163 -0.8485
vn 0.0045 1.0000 0.0022
vn -0.4326 0.8907 -0.1401
vn -0.4326 0.8906 -0.1401
vn -0.4326 0.8907 -0.1400
vn 0.0046 1.0000 0.0022
vn -0.1912 0.8418 0.5048
vn -0.1913 0.8416 0.5050
vn 0.4405 0.8861 0.1440
vn 0.0458 0.6155 0.7868
vn -0.2468 0.7219 0.6465
vn 0.3024 0.2777 0.9118
vn 0.3532 -0.0040 0.9355
vn 0.3500 -0.0031 0.9368
vn -0.3427 -0.0008 0.9395
vn -0.2245 0.7393 0.6348
vn -0.3426 -0.0008 0.9395
vn -0.3399 -0.1518 0.9281
vn -0.3399 -0.1520 0.9281
vn -0.7875 0.0021 0.6162
vn -0.7889 0.0013 0.6145
vn -0.7885 0.0015 0.6150
vn -0.7545 0.2253 0.6164
vn -0.5504 0.5491 0.6289
vn -0.7872 0.0023 0.6167
vn -0.9509 0.0061 -0.3094
vn -0.9509 0.0061 -0.3093
vn -0.8652 0.4151 -0.2812
vn -0.8652 0.4151 -0.2811
vn -0.6858 -0.4037 0.6055
vn -0.8298 -0.4882 -0.2703
vn -0.3642 -0.0035 0.9313
vn -0.2072 -0.8268 0.5230
vn -0.2072 -0.8269 0.5228
vn -0.0045 -1.0000 -0.0022
vn -0.5319 -0.8288 -0.1736
vn -0.2600 -0.7042 0.6607
vn 0.5245 -0.8343 0.1700
vn 0.0891 -0.5721 0.8153
vn -0.2521 -0.6951 0.6733
vn 0.8255 -0.4966 0.2682
vn 0.8255 -0.4965 0.2682
vn 0.2777 -0.3362 0.8999
vn 0.3563 -0.0049 0.9343
vn 0.9509 -0.0061 0.3094
vn 0.8688 0.4064 0.2829
vn 0.8688 0.4065 0.2829
vn 0.4406 0.8861 0.1439
vn -0.8652 0.4152 -0.2812
vt 0.445937 0.192872
vt 0.448640 0.194301
vt 0.447993 0.195004
vt 0.445740 0.193795
vt 0.447465 0.195503
vt 0.449849 0.196937
vt 0.448999 0.197146
vt 0.448276 0.197309
vt 0.430852 0.197222
vt 0.433602 0.194444
vt 0.445553 0.194504
vt 0.445285 0.228465
vt 0.448102 0.225636
vt 0.447195 0.227222
vt 0.448819 0.225832
vt 0.449675 0.226102
vt 0.448346 0.228419
vt 0.447734 0.227735
vt 0.445486 0.229158
vt 0.445715 0.230088
vt 0.433258 0.229096
vt 0.433465 0.228405
vt 0.431567 0.227143
vt 0.433019 0.230025
vt 0.430405 0.228328
vt 0.431023 0.227651
vt 0.430676 0.225550
vt 0.429957 0.225737
vt 0.429098 0.225998
vt 0.430131 0.197052
vt 0.429282 0.196833
vt 0.431155 0.194920
vt 0.431677 0.195424
vt 0.430515 0.194210
vt 0.433234 0.192808
vt 0.433423 0.193733
vt 0.770458 0.312093
vt 0.770957 0.314179
vt 0.756686 0.314177
vt 0.753132 0.311909
vt 0.754834 0.310388
vt 0.757365 0.312145
vt 0.772951 0.310289
vt 0.767754 0.306209
vt 0.774452 0.307808
vt 0.767774 0.279645
vt 0.762667 0.306280
vt 0.762667 0.279653
vt 0.753362 0.307869
vt 0.753309 0.277713
vt 0.751173 0.277188
vt 0.751201 0.308385
vt 0.757282 0.273489
vt 0.753039 0.273906
vt 0.754787 0.275442
vt 0.770359 0.273451
vt 0.756575 0.271495
vt 0.770871 0.271402
vt 0.774483 0.273790
vt 0.772853 0.275428
vt 0.776445 0.277087
vt 0.774377 0.277668
vt 0.776558 0.308353
vt 0.774551 0.311895
s 1
usemtl body
f 517/821/973 519/822/974 516/823/975
f 516/823/975 518/824/976 517/821/973
f 518/824/977 516/823/978 523/825/978
f 516/823/975 519/822/974 520/826/979
f 520/826/979 521/827/980 516/823/975
f 516/823/981 521/827/982 522/828/982
f 522/828/982 523/825/983 516/823/981
f 526/829/984 524/830/985 523/825/986
f 524/830/985 525/831/987 523/825/986
f 523/825/978 525/831/977 518/824/977
f 527/832/988 526/829/984 523/825/986
f 528/833/989 527/832/988 523/825/986
f 522/828/990 528/833/989 523/825/986
f 528/833/991 522/828/991 521/827/991
f 528/833/989 529/834/992 527/832/988
f 529/834/993 528/833/993 530/835/993
f 521/827/991 530/835/991 528/833/991
f 520/826/979 531/836/994 530/835/995
f 530/835/995 521/827/980 520/826/979
f 530/835/995 531/836/994 532/837/996
f 532/837/996 533/838/997 530/835/995
f 530/835/993 533/838/993 529/834/993
f 534/839/998 533/838/997 532/837/996
f 533/838/999 534/839/999 527/832/999
f 527/832/999 529/834/999 533/838/999
f 532/837/996 535/840/1000 534/839/998
f 537/841/1001 534/839/1002 535/840/1003
f 534/839/1002 537/841/1001 536/842/1004
f 536/842/1004 527/832/1004 534/839/1002
f 541/843/1005 536/842/1006 537/841/1006
f 535/840/1003 538/844/1007 537/841/1001
f 537/841/1008 538/844/1009 539/845/1010
f 539/845/1010 540/846/1011 537/841/1008
f 537/841/1006 540/846/1005 541/843/1005
f 527/832/988 536/842/1012 541/843/1013
f 527/832/988 541/843/1013 526/829/984
f 541/843/1013 542/847/1014 526/829/984
f 542/847/1015 541/843/1015 540/846/1015
f 526/829/1016 542/847/1016 543/848/1016
f 540/846/1015 543/848/1017 542/847/1015
f 539/845/1010 544/849/1018 543/848/1019
f 543/848/1019 540/846/1011 539/845/1010
f 545/850/1020 543/848/1019 544/849/1018
f 543/848/1016 545/850/1016 526/829/1016
f 544/849/1018 546/851/1021 545/850/1020
f 547/852/1022 545/850/1020 546/851/1021
f 545/850/1023 547/852/1023 548/853/1023
f 548/853/1023 526/829/1023 545/850/1023
f 526/829/984 548/853/1024 524/830/1024
f 524/830/1025 548/853/1025 547/852/1025
f 546/851/1021 549/854/1026 547/852/1022
f 547/852/1022 549/854/1026 550/855/1027
f 550/855/1027 551/856/1028 547/852/1022
f 547/852/1025 551/856/1029 524/830/1025
f 525/831/987 524/830/985 551/856/1030
f 551/856/1031 518/824/1032 525/831/1030
f 518/824/1032 551/856/1031 550/855/1027
f 550/855/1027 517/821/973 518/824/1032
f 554/857/1033 517/858/1033 550/859/1033
f 550/859/1034 549/860/1035 552/861/1034
f 552/861/1034 553/862/1036 550/859/1034
f 550/859/1037 553/862/1038 554/857/1039
f 517/858/1040 554/857/1040 555/863/1040
f 555/863/1041 554/857/1041 556/864/1041
f 556/864/1042 554/857/1039 553/862/1038
f 556/864/1043 557/865/1043 555/863/1043
f 557/865/1044 556/864/1045 558/866/1044
f 558/866/1046 556/864/1046 559/867/1046
f 553/862/1047 559/867/1047 556/864/1042
f 559/867/1048 560/868/1049 558/866/1050
f 560/868/1051 559/867/1052 561/869/1053
f 552/861/1054 561/869/1054 559/867/1054
f 559/867/1055 553/862/1055 552/861/1055
f 561/869/1053 562/870/1056 560/868/1051
f 544/871/1057 562/870/1057 561/869/1058
f 561/869/1058 546/872/1058 544/871/1057
f 546/872/1059 561/869/1060 552/861/1059
f 564/873/1061 560/868/1061 562/870/1061
f 539/874/1062 563/875/1062 562/870/1062
f 562/870/1062 544/871/1062 539/874/1062
f 562/870/1063 563/875/1063 564/873/1063
f 565/876/1064 564/873/1065 538/877/1066
f 538/877/1067 564/873/1067 563/875/1067
f 560/868/1068 564/873/1065 565/876/1064
f 565/876/1069 535/878/1069 532/879/1069
f 532/879/1069 566/880/1069 565/876/1069
f 558/866/1070 565/876/1070 566/880/1070
f 538/877/1066 535/878/1066 565/876/1066
f 565/876/1071 558/866/1050 560/868/1049
f 566/880/1072 532/879/1072 531/881/1072
f 531/881/1072 567/882/1073 566/880/1072
f 566/880/1074 567/882/1074 558/866/1074
f 558/866/1044 567/882/1075 557/865/1044
f 520/883/1076 557/865/1076 567/882/1076
f 567/882/1076 531/881/1076 520/883/1076
f 563/875/1067 539/874/1067 538/877/1067
f 555/863/1077 557/865/1078 520/883/1077
f 520/883/1077 519/884/1077 555/863/1077
f 555/863/1040 519/884/1079 517/858/1040
f 552/861/1059 549/860/1080 546/872/1059
o gaz2975_nomg_body.291
v -49.662956 19.333279 37.963284
v -48.832016 19.333241 37.760998
v -49.580654 19.333241 37.518848
v -48.958557 19.333241 38.147430
v -49.510464 19.333279 38.229465
v -49.580654 20.912945 37.518848
v -49.662956 20.912945 37.963284
v -48.958557 20.912922 38.147430
v -49.510464 20.912922 38.229465
v -48.832016 20.912922 37.760998
v -49.173370 20.912922 38.303680
v -49.173370 19.333279 38.303680
vn -0.0001 -1.0000 -0.0000
vn -0.0000 -1.0000 0.0001
vn -0.9833 -0.0000 -0.1821
vn -0.9999 -0.0000 -0.0103
vn -0.0001 -1.0000 0.0001
vn -0.9750 -0.0000 0.2223
vn -0.6866 -0.0000 0.7271
vn -0.0000 1.0000 -0.0000
vn -0.0000 1.0000 0.0001
vn -0.4485 -0.0000 0.8938
vn 0.9503 -0.0000 0.3112
vn 0.8930 -0.0001 0.4500
vn 0.0090 0.0001 1.0000
vn 0.2968 -0.0000 0.9549
vn 0.7825 -0.0000 0.6227
vn -0.0000 -1.0000 0.0002
vt 0.514269 0.014096
vt 0.514287 0.015271
vt 0.512190 0.015431
vt 0.511996 0.014140
vt 0.934982 0.005081
vt 0.934982 0.000518
vt 0.936288 0.000518
vt 0.512858 0.016015
vt 0.936288 0.005081
vt 0.937174 0.000518
vt 0.516902 0.015342
vt 0.514800 0.015260
vt 0.514774 0.014086
vt 0.516257 0.015950
vt 0.937174 0.005081
vt 0.517047 0.014045
vt 0.940113 0.000518
vt 0.940113 0.005081
vt 0.938939 0.005081
vt 0.515262 0.015873
vt 0.938171 0.000518
vt 0.938171 0.005081
vt 0.938939 0.000518
vt 0.513848 0.015900
s 1
usemtl body
f 569/885/1081 571/886/1081 568/887/1081
f 568/887/1082 570/888/1082 569/885/1082
f 573/889/1083 570/890/1083 568/891/1084
f 572/892/1085 568/887/1081 571/886/1081
f 574/893/1086 568/891/1084 572/894/1087
f 568/891/1084 574/893/1086 573/889/1083
f 574/895/1088 575/896/1088 577/897/1088
f 575/896/1088 574/895/1088 576/898/1089
f 572/894/1087 576/899/1090 574/893/1086
f 577/897/1088 573/900/1088 574/895/1088
f 569/901/1091 577/902/1091 575/903/1092
f 576/898/1089 578/904/1088 575/896/1088
f 579/905/1093 578/906/1094 576/899/1090
f 576/899/1090 572/894/1087 579/905/1093
f 578/906/1094 579/905/1093 571/907/1095
f 571/886/1081 579/908/1096 572/892/1085
f 571/907/1095 575/903/1092 578/906/1094
f 575/903/1092 571/907/1095 569/901/1091
o gaz2975_nomg_body.080
v -38.866734 -8.958244 38.723473
v -38.865463 -14.301128 24.874174
v -38.864761 -14.301130 38.723476
v -38.866077 -8.958244 24.874174
v -43.191620 -8.958244 23.498531
v -43.191616 -8.958244 40.099133
v -43.191612 -14.294912 40.099136
v -42.951500 -15.939594 38.723484
v -39.946049 -15.617842 38.723476
v -39.946747 -15.617842 24.874174
v -43.191616 -14.294912 23.498531
v -42.952198 -15.939592 24.874172
vn 1.0000 0.0002 -0.0000
vn 0.7770 0.6295 -0.0000
vn 0.7468 0.6650 -0.0000
vn 1.0000 0.0004 -0.0001
vn 0.3030 0.0001 0.9530
vn 0.3031 0.0001 0.9530
vn -0.0000 1.0000 -0.0000
vn 0.3030 -0.0000 0.9530
vn 0.2937 -0.2412 0.9250
vn 0.0679 -0.6343 0.7701
vn 0.2666 -0.9638 0.0001
vn 0.4964 -0.8681 -0.0000
vn 0.1064 -0.9943 -0.0000
vn 0.7728 -0.6346 -0.0000
vn 0.2938 -0.2412 -0.9249
vn 0.0679 -0.6343 -0.7701
vn 0.3030 -0.0000 -0.9530
vn 0.3031 -0.0000 -0.9530
vt 0.312844 0.917422
vt 0.312843 0.904960
vt 0.345146 0.904959
vt 0.345145 0.917421
vt 0.355733 0.904959
vt 0.309635 0.894871
vt 0.348354 0.894871
vt 0.355734 0.917406
vt 0.333278 0.886244
vt 0.334213 0.882515
vt 0.339062 0.892778
vt 0.333790 0.893376
vt 0.300835 0.886246
vt 0.299901 0.882517
vt 0.295051 0.892778
vt 0.300322 0.893378
vt 0.302256 0.917407
vt 0.302256 0.904960
s 1
usemtl body
f 581/909/1097 583/910/1098 580/911/1099
f 580/911/1099 582/912/1100 581/909/1097
f 582/912/1101 580/911/1102 585/913/1102
f 580/911/1099 583/910/1098 584/914/1103
f 584/914/1103 585/915/1103 580/911/1099
f 585/913/1102 586/916/1104 582/912/1101
f 588/917/1105 582/918/1105 586/919/1105
f 587/920/1106 588/917/1106 586/919/1106
f 589/921/1107 588/917/1108 587/920/1109
f 581/922/1110 582/918/1110 588/917/1108
f 588/917/1108 589/921/1107 581/922/1110
f 581/922/1111 589/921/1111 590/923/1111
f 589/921/1112 591/924/1112 590/923/1112
f 587/920/1109 591/924/1109 589/921/1107
f 590/925/1113 584/926/1114 583/910/1114
f 583/910/1114 581/909/1113 590/925/1113
o gaz2975_nomg_body.290
v -44.333717 10.031437 37.507889
v -44.445896 8.961178 38.214073
v -44.331131 10.028049 38.250771
v -44.447468 8.964230 37.538197
v -45.025127 10.058811 37.294556
v -44.826008 10.190262 37.891697
v -45.020973 10.053341 38.496552
v -45.449886 10.072327 37.905640
v -45.387928 9.000992 37.901241
v -45.028896 8.988815 37.345528
v -45.026787 8.983906 38.437363
vn 0.9943 -0.1064 -0.0032
vn 0.9944 -0.1061 -0.0028
vn 0.9943 -0.1065 -0.0035
vn 0.9943 -0.1068 -0.0040
vn 0.3093 0.9509 0.0033
vn 0.2922 -0.0583 -0.9546
vn 0.1152 0.9614 -0.2500
vn -0.1798 0.9703 0.1617
vn 0.1269 0.9578 0.2578
vn -0.1869 0.9707 -0.1514
vn -0.8091 -0.0492 0.5857
vn -0.8211 -0.0243 -0.5702
vn -0.8395 -0.0463 -0.5414
vn 0.3124 -0.0463 -0.9488
vn -0.8295 -0.0264 0.5579
vn 0.3334 -0.0539 0.9413
vn 0.3555 -0.0703 0.9320
vt 0.879767 0.488602
vt 0.879184 0.490465
vt 0.876195 0.489635
vt 0.876836 0.487586
vt 0.528309 0.000347
vt 0.530496 0.000355
vt 0.529369 0.001824
vt 0.875747 0.491677
vt 0.531122 0.002386
vt 0.529327 0.003652
vt 0.527590 0.002374
vt 0.875362 0.495912
vt 0.875436 0.493804
vt 0.878523 0.494087
vt 0.878798 0.492194
vt 0.878456 0.495954
vt 0.878523 0.497752
vt 0.875434 0.498027
s 1
usemtl body
f 593/927/1115 595/928/1116 592/929/1117
f 592/929/1117 594/930/1118 593/927/1115
f 594/931/1119 592/932/1119 597/933/1119
f 596/934/1120 592/929/1120 595/928/1120
f 592/932/1121 596/935/1121 597/933/1121
f 599/936/1122 598/937/1122 597/933/1122
f 598/937/1123 594/931/1123 597/933/1123
f 596/935/1124 599/936/1124 597/933/1124
f 598/938/1125 599/939/1125 600/940/1125
f 599/939/1126 596/934/1126 601/941/1126
f 601/941/1127 600/940/1127 599/939/1127
f 595/928/1120 601/941/1128 596/934/1120
f 600/940/1129 602/942/1129 598/938/1129
f 602/942/1130 593/943/1131 594/944/1130
f 594/944/1130 598/938/1130 602/942/1130
o gaz2975_nomg_body.078
v -44.963875 9.213665 38.563591
v -43.420017 9.213665 36.794998
v -43.420017 9.213665 39.003361
v -44.963875 9.213665 37.234768
v -45.569462 9.213665 37.632366
v -45.569462 9.213665 38.165977
v -43.420017 6.825420 39.003361
v -44.963875 6.825420 38.563591
v -44.963875 6.825420 37.234768
v -45.569462 6.825420 38.165977
v -43.420017 6.825420 36.794998
v -45.569462 6.825420 37.632366
vn -0.0000 1.0000 -0.0000
vn -0.2740 -0.0000 0.9617
vn -0.3268 -0.0000 0.9451
vn -0.4091 -0.0000 0.9125
vn -0.8383 -0.0001 0.5452
vn -0.0000 -1.0000 -0.0000
vn -0.8383 -0.0000 0.5452
vn -0.2740 -0.0000 -0.9617
vn -0.3269 -0.0000 -0.9451
vn -0.8383 0.0001 -0.5452
vn -0.4092 -0.0000 -0.9125
vn -0.8384 -0.0000 -0.5451
vt 0.881166 0.000938
vt 0.879895 0.005398
vt 0.876056 0.005398
vt 0.874786 0.000938
vt 0.858330 0.231930
vt 0.858330 0.238829
vt 0.853693 0.238829
vt 0.878746 0.007148
vt 0.877205 0.007148
vt 0.853693 0.231930
vt 0.851600 0.238829
vt 0.462397 0.024469
vt 0.463495 0.028147
vt 0.459585 0.030640
vt 0.464402 0.025069
vt 0.851600 0.231930
vt 0.457760 0.024527
vt 0.843328 0.238829
vt 0.843328 0.231930
vt 0.847965 0.231930
vt 0.464843 0.026546
vt 0.850058 0.231930
vt 0.847965 0.238829
vt 0.850058 0.238829
s 1
usemtl body
f 604/945/1132 606/946/1132 603/947/1132
f 603/947/1132 605/948/1132 604/945/1132
f 609/949/1133 605/950/1133 603/951/1134
f 603/947/1132 606/946/1132 607/952/1132
f 607/952/1132 608/953/1132 603/947/1132
f 610/954/1135 603/951/1134 608/955/1136
f 603/951/1134 610/954/1135 609/949/1133
f 610/956/1137 611/957/1137 613/958/1137
f 611/957/1137 610/956/1137 612/959/1137
f 608/955/1136 612/960/1138 610/954/1135
f 613/958/1137 609/961/1137 610/956/1137
f 604/962/1139 613/963/1139 611/964/1140
f 612/959/1137 614/965/1137 611/957/1137
f 614/966/1141 612/960/1138 608/955/1136
f 606/967/1142 611/964/1140 614/966/1141
f 608/955/1136 607/968/1143 614/966/1141
f 614/966/1141 607/968/1143 606/967/1142
f 611/964/1140 606/967/1142 604/962/1139
o gaz2975_nomg_body.287
v -42.789391 11.409523 39.588940
v -44.509254 11.752563 39.839405
v -42.786007 11.409523 39.813450
v -44.526249 11.752563 38.711170
v -43.747307 15.669022 38.664257
v -41.982754 15.462673 39.579338
v -41.770264 25.602016 35.488178
v -39.850002 26.182781 36.180614
v -41.786095 25.554768 10.475374
v -39.863594 26.139973 10.474929
v -41.534813 26.727650 10.475315
v -39.816559 26.359531 10.474923
v -39.810661 26.359524 36.313396
v -41.972752 15.495792 39.801201
v -41.528919 26.727642 36.332500
v -43.695217 15.842709 39.827145
vn -0.1952 -0.9808 0.0029
vn 0.4500 -0.0917 -0.8883
vn 0.4336 -0.0970 -0.8959
vn 0.4095 -0.3487 -0.8430
vn 0.3986 -0.3503 -0.8476
vn 0.2911 -0.9567 0.0014
vn 0.2889 -0.9573 0.0016
vn 0.2912 -0.9567 0.0014
vn -0.0002 -0.0000 -1.0000
vn 0.2095 0.9778 -0.0000
vn -0.1177 0.9931 0.0005
vn 0.0731 0.2916 0.9537
vn -0.2360 0.3393 0.9106
vn -0.3783 0.9257 0.0001
vn -0.4758 0.3534 0.8055
vn -0.9798 0.1995 0.0141
vn -0.9778 0.2095 0.0002
vn -0.9806 0.1953 0.0148
vn 0.0151 -0.0000 0.9999
vn -0.2941 0.0614 0.9538
vn -0.5287 0.1079 0.8420
vn -0.9806 0.1952 0.0148
vt 0.525747 0.007395
vt 0.529007 0.007395
vt 0.526396 0.012471
vt 0.525747 0.012471
vt 0.913389 0.601408
vt 0.913389 0.607109
vt 0.901448 0.607109
vt 0.901448 0.601408
vt 0.868596 0.607109
vt 0.868596 0.601408
vt 0.794159 0.607109
vt 0.794159 0.601408
vt 0.526486 0.001865
vt 0.529303 0.006941
vt 0.525837 0.006941
vt 0.525837 0.001865
vt 0.868596 0.615523
vt 0.794159 0.615523
vt 0.794159 0.610411
vt 0.901448 0.615523
vt 0.868596 0.610411
vt 0.901448 0.610411
vt 0.913389 0.615523
vt 0.913389 0.610411
s 1
usemtl body
f 616/969/1144 618/970/1144 615/971/1144
f 615/971/1144 617/972/1144 616/969/1144
f 615/973/1145 618/974/1146 619/975/1145
f 619/975/1145 620/976/1145 615/973/1145
f 620/976/1147 619/975/1148 621/977/1147
f 621/977/1147 622/978/1147 620/976/1147
f 622/978/1149 621/977/1150 623/979/1151
f 623/979/1151 624/980/1151 622/978/1151
f 624/981/1152 623/982/1152 625/983/1152
f 625/983/1152 626/984/1152 624/981/1152
f 627/985/1153 626/986/1153 625/987/1154
f 628/988/1155 627/985/1155 629/989/1156
f 625/987/1154 629/989/1157 627/985/1153
f 629/989/1156 630/990/1158 628/988/1155
f 630/990/1158 629/989/1156 621/977/1159
f 623/979/1160 621/977/1159 629/989/1160
f 629/989/1157 625/987/1154 623/979/1160
f 621/977/1159 619/975/1161 630/990/1159
f 617/991/1162 628/988/1162 630/990/1163
f 616/992/1164 630/990/1163 619/975/1165
f 630/990/1163 616/992/1164 617/991/1162
f 619/975/1165 618/974/1165 616/992/1165
o gaz2975_nomg_body.024
v -38.975994 2.832077 95.359680
v -40.118343 2.069973 94.303528
v -40.117775 2.835007 94.304359
v -38.976566 2.069927 95.358849
v -32.431908 2.709270 98.398415
v -34.410385 5.558586 87.636215
v -43.894657 5.672054 75.600693
v -35.899471 8.136559 75.602257
v -41.553978 3.762081 87.632965
v -25.293434 5.523548 87.634827
v -24.785629 7.879471 87.775780
v -22.799854 2.700874 100.301926
v -26.477852 8.387348 75.642189
v -26.014168 10.488949 75.622467
v -26.607853 9.658348 65.466469
v -26.305616 12.176479 50.782936
v -26.795443 10.556324 50.783009
v -36.211548 9.515152 65.442856
v -36.661873 10.568378 50.782963
v -43.895123 8.551579 50.782921
v -43.894821 7.028019 70.188713
v -43.894825 2.070702 73.209373
v -43.895103 2.074120 55.986481
v -43.120876 2.070702 73.208466
v -43.108578 2.074120 55.986481
v -43.485836 8.271572 50.960957
v -36.661873 9.805901 50.782963
v -25.838505 9.793846 50.783009
v -25.348692 11.403214 50.782936
v 26.328066 12.176487 50.782951
v 25.371136 11.403221 50.782951
v 26.817888 10.556332 50.783024
v 25.860962 9.793854 50.783024
v 36.684334 9.805916 50.782986
v 43.508286 8.271587 50.960987
v 36.684334 10.568394 50.782986
v 43.917580 8.551594 50.782944
v 36.233997 9.515167 65.442871
v 43.917263 7.028034 70.188728
v 35.921906 8.136574 75.602287
v 26.630295 9.658356 65.466492
v 26.036610 10.488956 75.622513
v 26.500286 8.387356 75.642204
v 24.808060 7.879478 87.775810
v 25.315863 5.523556 87.634857
v 22.822277 2.700882 100.301956
v 32.454342 2.709278 98.398445
v 34.432812 5.558601 87.636246
v 43.917099 5.672070 75.600708
v 41.576412 3.762096 87.632996
v 40.140198 2.835022 94.304390
v 38.998413 2.832092 95.359711
v 38.998989 2.069942 95.358864
v 40.140778 2.069988 94.303558
v 41.580509 2.070457 87.626991
v 40.812393 2.070457 87.626976
v 39.550610 2.069988 93.798882
v 38.464718 2.069942 94.828430
v 32.184025 2.069759 97.745850
v 32.454906 2.069759 98.397575
v 22.712137 2.068367 99.554085
v 22.601177 2.068790 100.190697
v 0.011211 2.069099 99.412506
v 22.379255 2.069649 101.900116
v 0.011210 2.069099 101.905388
v -22.356836 2.069641 101.900101
v -22.578754 2.068783 100.190681
v -22.689711 2.068359 99.554070
v -32.432491 2.069752 98.397545
v -32.161591 2.069752 97.745804
v -38.442291 2.069927 94.828430
v -39.528194 2.069973 93.798851
v -40.789967 2.070442 87.626968
v -41.558083 2.070442 87.626953
v -22.351950 3.412914 101.722580
v 18.625023 6.963127 90.364838
v -18.602592 6.963120 90.364838
v 22.374367 3.412922 101.722580
v 19.821522 7.321194 89.214615
v 18.488134 8.208294 88.384140
v 21.353933 10.477306 75.603409
v 19.932726 10.978199 75.609489
v 20.013258 12.299812 52.851692
v 19.554695 13.976135 53.314487
v 19.484533 12.636688 75.731369
v 18.682547 14.025597 52.460442
v -19.462095 12.636681 75.731354
v 19.111244 10.887150 82.150330
v -19.088816 10.887142 82.150330
v -18.465710 8.208286 88.384140
v -19.910292 10.978191 75.609474
v -19.799097 7.321186 89.214615
v -21.331493 10.477299 75.603424
v -19.532251 13.976128 53.314465
v -19.990805 12.299805 52.851677
v -19.118849 12.336308 51.996990
v 19.141300 12.336315 51.997005
v -18.660088 14.025589 52.460426
v 43.143330 2.070717 73.208481
v 43.917561 2.074135 55.986504
v 43.131058 2.074135 55.986511
v 43.917267 2.070717 73.209389
vn -0.6788 -0.0003 0.7344
vn -0.1999 0.9550 0.2190
vn -0.4212 -0.0008 0.9070
vn -0.4212 -0.0007 0.9070
vn -0.1089 0.9558 0.2731
vn -0.2392 0.9507 0.1974
vn -0.2394 0.9517 0.1923
vn -0.2394 0.9515 0.1931
vn -0.2864 0.9290 0.2345
vn -0.2864 0.9291 0.2340
vn -0.2865 0.9292 0.2335
vn 0.0038 0.9779 0.2090
vn 0.0038 0.9728 0.2317
vn -0.0269 0.9717 0.2347
vn 0.0038 0.9669 0.2553
vn -0.2398 0.9532 0.1841
vn -0.9692 0.2003 0.1435
vn -0.9614 0.1648 0.2205
vn -0.9540 0.1918 0.2305
vn -0.0437 0.9733 0.2255
vn -0.0269 0.9824 0.1849
vn -0.0269 0.9823 0.1851
vn -0.9661 0.2145 0.1437
vn -0.9757 0.2156 0.0394
vn -0.0269 0.9919 0.1242
vn -0.9551 0.2946 0.0309
vn -0.9568 0.2893 0.0299
vn -0.9552 0.2945 0.0308
vn -0.9541 0.2978 0.0314
vn -0.0150 0.9980 0.0612
vn -0.0151 0.9907 0.1349
vn 0.0012 0.9974 0.0716
vn -0.2653 0.9612 0.0759
vn -0.2678 0.9604 0.0772
vn -0.2660 0.9610 0.0763
vn -0.2646 0.9614 0.0755
vn -0.2270 0.9641 0.1378
vn -1.0000 -0.0000 -0.0000
vn -0.2865 0.9293 0.2329
vn -0.0000 -1.0000 -0.0002
vn -0.0000 -1.0000 -0.0001
vn -0.0000 -0.6263 -0.7796
vn -0.0963 -0.6304 -0.7702
vn 0.1140 -0.4090 -0.9054
vn -0.0261 -0.0000 -0.9997
vn -0.0260 -0.0000 -0.9997
vn -0.0000 -0.0000 -1.0000
vn -0.0000 0.8943 -0.4474
vn -0.0000 0.5860 -0.8103
vn 0.0260 -0.0000 -0.9997
vn 0.0261 -0.0000 -0.9997
vn -0.1140 -0.4090 -0.9054
vn 0.2660 0.9610 0.0762
vn 0.2678 0.9604 0.0772
vn 0.2653 0.9612 0.0759
vn -0.0012 0.9974 0.0716
vn 0.2646 0.9614 0.0755
vn 0.2270 0.9641 0.1378
vn 0.0151 0.9907 0.1349
vn 0.0151 0.9957 0.0915
vn 0.9552 0.2944 0.0308
vn 0.9541 0.2978 0.0314
vn 0.9551 0.2948 0.0309
vn 0.9568 0.2893 0.0299
vn 0.9757 0.2156 0.0394
vn 0.0269 0.9919 0.1242
vn 0.0269 0.9824 0.1848
vn 0.0269 0.9824 0.1850
vn 0.9661 0.2145 0.1437
vn 0.9692 0.2003 0.1435
vn 0.9661 0.2144 0.1437
vn -0.0038 0.9729 0.2313
vn 0.0437 0.9733 0.2255
vn 0.9540 0.1918 0.2305
vn 0.9540 0.1919 0.2306
vn -0.0038 0.9732 0.2300
vn -0.0038 0.9779 0.2090
vn -0.0038 0.9669 0.2553
vn 0.2865 0.9292 0.2335
vn 0.2864 0.9291 0.2340
vn 0.2864 0.9290 0.2345
vn 0.2394 0.9516 0.1929
vn 0.2395 0.9518 0.1914
vn 0.2392 0.9507 0.1974
vn 0.2398 0.9532 0.1841
vn 0.1999 0.9550 0.2190
vn 0.1089 0.9558 0.2731
vn 0.6788 -0.0003 0.7344
vn 0.6787 -0.0003 0.7344
vn 0.4212 -0.0007 0.9070
vn 0.4212 -0.0009 0.9070
vn -0.0000 -1.0000 -0.0000
vn 0.9775 0.0007 0.2108
vn 0.9775 0.0005 0.2108
vn 0.9776 0.0015 0.2107
vn 0.0001 -1.0000 -0.0000
vn 0.0001 -1.0000 0.0007
vn -0.0000 -1.0000 0.0006
vn -0.0000 -1.0000 0.0005
vn -0.0001 -1.0000 0.0007
vn -0.0001 -1.0000 -0.0000
vn -0.9816 -0.1056 0.1591
vn -0.9776 0.0016 0.2107
vn -0.9815 0.0017 0.1912
vn -0.9775 0.0007 0.2108
vn -0.9775 0.0005 0.2108
vn -0.1939 -0.0012 0.9810
vn -0.1743 -0.2295 0.9576
vn -0.9302 -0.3466 0.1209
vn -0.0000 0.1350 0.9908
vn -0.0000 0.1343 0.9909
vn -0.0002 0.1310 0.9914
vn -0.9586 0.0407 0.2818
vn -0.0000 0.9367 0.3503
vn -0.0000 0.9206 0.3905
vn -0.0000 0.9422 0.3352
vn -0.0000 0.9410 0.3383
vn 0.0145 0.9530 0.3027
vn -0.0000 0.1310 0.9914
vn -0.0196 0.9532 0.3018
vn 0.9614 0.1648 0.2205
vn 0.9586 0.0407 0.2818
vn 0.0009 0.9545 0.2981
vn -0.0454 0.9743 0.2208
vn 0.2374 0.8297 0.5052
vn 0.4238 0.8707 0.2496
vn 0.3284 0.9297 0.1666
vn 0.3240 0.9163 0.2353
vn 0.3301 0.9349 0.1302
vn -0.0028 0.9933 0.1153
vn -0.0028 0.9977 0.0677
vn -0.0029 0.9933 0.1152
vn -0.0033 0.9778 0.2096
vn 0.9556 0.2464 0.1615
vn 0.9642 0.2553 0.0713
vn 0.0385 0.9976 0.0581
vn 0.9657 0.2591 0.0185
vn 0.9656 0.2592 0.0185
vn -0.0000 0.9910 0.1337
vn -0.0000 0.9945 0.1051
vn -0.0000 0.9982 0.0596
vn -0.0018 0.9982 0.0596
vn -0.0000 0.9514 0.3079
vn 0.9663 -0.2570 -0.0139
vn -0.0000 0.9361 0.3517
vn -0.0000 0.9097 0.4153
vn -0.9663 -0.2570 -0.0139
vn -0.0000 0.8918 0.4523
vn -0.2374 0.8297 0.5052
vn -0.9643 0.2552 0.0713
vn -0.9642 0.2553 0.0713
vn -0.9556 0.2464 0.1615
vn -0.3240 0.9163 0.2353
vn -0.3284 0.9297 0.1666
vn -0.3284 0.9297 0.1665
vn -0.4238 0.8707 0.2496
vn -0.3301 0.9349 0.1302
vn 0.0028 0.9977 0.0677
vn 0.0030 0.9922 0.1249
vn 0.0030 0.9922 0.1248
vn 0.0033 0.9742 0.2255
vn 0.0304 0.9629 0.2681
vn 0.0503 0.9775 0.2048
vn -0.9655 0.2596 0.0185
vn -0.9657 0.2591 0.0185
vn -0.0385 0.9976 0.0581
vn -0.6612 0.3614 -0.6574
vn -0.6601 0.3622 -0.6580
vn -0.6613 0.3614 -0.6573
vn -0.0251 0.9995 0.0171
vn -0.0000 0.5201 -0.8541
vn -0.0000 0.8507 -0.5256
vn -0.0000 0.4693 -0.8830
vn -0.0001 0.6265 -0.7794
vn -0.6631 0.3601 -0.6563
vn -0.0000 0.9983 0.0578
vn 0.0251 0.9995 0.0171
vn 0.6612 0.3614 -0.6574
vn 0.6631 0.3601 -0.6563
vn 0.6620 0.3609 -0.6569
vn 0.6601 0.3622 -0.6580
vn 0.9302 -0.3466 0.1209
vn 0.1743 -0.2295 0.9576
vn 0.1939 -0.0012 0.9810
vn 1.0000 -0.0000 -0.0000
vn 0.9816 -0.1056 0.1591
vn 0.0962 -0.6304 -0.7702
vn 0.9815 0.0017 0.1912
vn 0.9776 0.0016 0.2107
vn 0.2865 0.9293 0.2329
vt 0.869606 0.135224
vt 0.866102 0.138564
vt 0.865084 0.137065
vt 0.868287 0.134216
vt 0.852856 0.113995
vt 0.846497 0.145779
vt 0.881109 0.080712
vt 0.873701 0.115328
vt 0.857503 0.078857
vt 0.827376 0.113699
vt 0.831461 0.078009
vt 0.821619 0.111617
vt 0.819244 0.151813
vt 0.826738 0.076542
vt 0.831451 0.048294
vt 0.827930 0.005093
vt 0.833126 0.005384
vt 0.858937 0.049532
vt 0.862050 0.007583
vt 0.883190 0.010016
vt 0.880926 0.065184
vt 0.898881 0.027664
vt 0.892970 0.077015
vt 0.900568 0.027223
vt 0.894907 0.077751
vt 0.883567 0.009572
vt 0.862651 0.005527
vt 0.831831 0.001876
vt 0.826280 0.002733
vt 0.676347 0.004990
vt 0.678047 0.002691
vt 0.671196 0.005186
vt 0.672547 0.001690
vt 0.641705 0.005068
vt 0.620768 0.008932
vt 0.642290 0.007131
vt 0.621142 0.009383
vt 0.645082 0.049106
vt 0.622978 0.064571
vt 0.646297 0.078438
vt 0.672567 0.048100
vt 0.677065 0.076394
vt 0.672344 0.077813
vt 0.681941 0.111497
vt 0.676172 0.113528
vt 0.684046 0.151695
vt 0.656817 0.145438
vt 0.650691 0.113609
vt 0.622678 0.080096
vt 0.629835 0.114765
vt 0.635109 0.133691
vt 0.638294 0.136566
vt 0.637268 0.138054
vt 0.633782 0.134685
vt 0.632178 0.135379
vt 0.625348 0.116474
vt 0.623535 0.117669
vt 0.636505 0.139765
vt 0.655991 0.149003
vt 0.656426 0.147120
vt 0.684383 0.157915
vt 0.684496 0.155400
vt 0.751627 0.162267
vt 0.687531 0.154092
vt 0.751637 0.155158
vt 0.815742 0.154131
vt 0.818760 0.155508
vt 0.818863 0.158015
vt 0.846883 0.147467
vt 0.847304 0.149355
vt 0.866854 0.140282
vt 0.871205 0.135931
vt 0.879977 0.118288
vt 0.878174 0.117078
vt 0.815569 0.152515
vt 0.687764 0.152457
vt 0.698602 0.119347
vt 0.804900 0.119397
vt 0.695786 0.115828
vt 0.689051 0.076259
vt 0.699202 0.113295
vt 0.691693 0.076289
vt 0.695840 0.075974
vt 0.693567 0.010419
vt 0.696941 0.012619
vt 0.807951 0.076064
vt 0.698885 0.010961
vt 0.697611 0.094108
vt 0.806080 0.094182
vt 0.804392 0.113347
vt 0.807758 0.115878
vt 0.812055 0.076368
vt 0.814729 0.076330
vt 0.807248 0.012701
vt 0.810678 0.010488
vt 0.807454 0.007518
vt 0.696781 0.007473
vt 0.805287 0.011018
vt 0.608903 0.077020
vt 0.605319 0.026904
vt 0.610844 0.076301
vt 0.603636 0.026449
s 1
usemtl body
f 632/993/1166 634/994/1166 631/995/1166
f 631/995/1166 633/996/1166 632/993/1166
f 636/997/1167 633/996/1167 631/995/1167
f 635/998/1168 631/995/1169 634/994/1169
f 636/997/1170 631/995/1170 635/998/1170
f 637/999/1171 639/1000/1172 636/997/1173
f 636/997/1174 638/1001/1175 637/999/1176
f 638/1001/1177 636/997/1178 640/1002/1179
f 640/1002/1179 636/997/1178 635/998/1180
f 636/997/1173 639/1000/1172 633/996/1181
f 643/1003/1182 640/1002/1182 641/1004/1182
f 641/1004/1183 640/1002/1184 642/1005/1183
f 635/998/1185 642/1005/1185 640/1002/1179
f 640/1002/1179 643/1003/1186 638/1001/1187
f 641/1004/1182 644/1006/1188 643/1003/1182
f 645/1007/1189 643/1003/1189 644/1006/1189
f 638/1001/1187 643/1003/1186 645/1007/1190
f 646/1008/1191 647/1009/1192 645/1007/1193
f 646/1008/1191 645/1007/1193 644/1006/1194
f 648/1010/1195 645/1007/1195 647/1009/1195
f 645/1007/1190 648/1010/1196 638/1001/1196
f 647/1009/1195 649/1011/1197 648/1010/1195
f 648/1010/1198 649/1011/1199 650/1012/1200
f 650/1012/1200 651/1013/1201 648/1010/1198
f 651/1013/1202 638/1001/1202 648/1010/1202
f 651/1013/1203 650/1012/1203 653/1014/1203
f 651/1013/1204 637/999/1176 638/1001/1175
f 637/999/1203 651/1013/1203 652/1015/1203
f 653/1014/1203 652/1015/1203 651/1013/1203
f 653/1014/1205 655/1016/1205 654/1017/1206
f 654/1017/1206 652/1015/1206 653/1014/1205
f 655/1016/1207 653/1014/1207 650/1012/1207
f 650/1012/1208 656/1018/1208 655/1016/1208
f 656/1018/1209 650/1012/1209 649/1011/1209
f 649/1011/1210 657/1019/1211 656/1018/1210
f 657/1019/1211 649/1011/1210 647/1009/1212
f 647/1009/1212 658/1020/1212 657/1019/1211
f 659/1021/1212 658/1020/1212 647/1009/1212
f 647/1009/1212 646/1008/1212 659/1021/1212
f 659/1021/1212 646/1008/1213 660/1022/1214
f 660/1022/1214 661/1023/1212 659/1021/1212
f 661/1023/1212 660/1022/1212 662/1024/1212
f 662/1024/1212 663/1025/1212 661/1023/1212
f 664/1026/1215 663/1025/1212 662/1024/1212
f 665/1027/1216 664/1026/1215 666/1028/1216
f 662/1024/1212 666/1028/1216 664/1026/1215
f 666/1028/1217 667/1029/1217 665/1027/1217
f 667/1029/1218 666/1028/1219 668/1030/1220
f 668/1030/1221 666/1028/1221 662/1024/1221
f 668/1030/1220 669/1031/1222 667/1029/1218
f 669/1031/1223 668/1030/1223 670/1032/1223
f 670/1032/1224 668/1030/1221 671/1033/1225
f 662/1024/1221 671/1033/1225 668/1030/1221
f 660/1022/1226 672/1034/1227 671/1033/1228
f 660/1022/1226 671/1033/1228 662/1024/1229
f 672/1034/1230 673/1035/1230 671/1033/1230
f 671/1033/1231 673/1035/1232 670/1032/1233
f 674/1036/1234 675/1037/1235 673/1035/1236
f 673/1035/1236 672/1034/1234 674/1036/1234
f 670/1032/1233 673/1035/1232 675/1037/1237
f 675/1037/1238 676/1038/1238 677/1039/1238
f 676/1038/1239 675/1037/1239 674/1036/1240
f 675/1037/1237 678/1040/1241 670/1032/1242
f 677/1039/1243 678/1040/1241 675/1037/1237
f 679/1041/1244 670/1032/1245 678/1040/1246
f 678/1040/1247 680/1042/1248 679/1041/1249
f 678/1040/1247 681/1043/1250 680/1042/1248
f 678/1040/1251 682/1044/1251 681/1043/1251
f 678/1040/1252 677/1039/1252 682/1044/1252
f 682/1044/1253 683/1045/1254 684/1046/1253
f 683/1045/1255 682/1044/1255 677/1039/1256
f 684/1046/1253 681/1043/1253 682/1044/1253
f 687/1047/1257 684/1046/1257 683/1045/1257
f 681/1043/1258 684/1046/1259 685/1048/1260
f 686/1049/1257 685/1048/1257 684/1046/1257
f 684/1046/1257 687/1047/1257 686/1049/1257
f 683/1045/1257 688/1050/1257 687/1047/1257
f 689/1051/1261 688/1050/1257 683/1045/1257
f 683/1045/1257 690/1052/1261 689/1051/1261
f 691/1053/1262 689/1051/1261 690/1052/1261
f 690/1052/1261 692/1054/1263 691/1053/1262
f 693/1055/1257 691/1053/1262 692/1054/1263
f 693/1055/1257 692/1054/1263 694/1056/1264
f 695/1057/1257 693/1055/1257 694/1056/1264
f 695/1057/1257 696/1058/1205 693/1055/1257
f 696/1058/1205 697/1059/1263 693/1055/1257
f 697/1059/1263 698/1060/1265 693/1055/1257
f 698/1060/1265 697/1059/1263 699/1061/1266
f 699/1061/1266 700/1062/1266 698/1060/1265
f 700/1062/1266 699/1061/1266 634/994/1257
f 634/994/1257 701/1063/1257 700/1062/1266
f 702/1064/1257 701/1063/1257 634/994/1257
f 634/994/1257 632/993/1257 702/1064/1257
f 703/1065/1257 702/1064/1257 632/993/1257
f 632/993/1257 704/1066/1257 703/1065/1257
f 654/1017/1206 703/1065/1257 704/1066/1257
f 637/999/1267 652/1015/1267 704/1066/1267
f 704/1066/1268 639/1000/1268 637/999/1269
f 633/996/1270 639/1000/1268 704/1066/1268
f 704/1066/1268 632/993/1271 633/996/1270
f 704/1066/1257 652/1015/1206 654/1017/1206
f 634/994/1169 699/1061/1168 635/998/1168
f 642/1005/1272 635/998/1272 699/1061/1272
f 699/1061/1273 697/1059/1273 642/1005/1273
f 642/1005/1274 697/1059/1274 696/1058/1274
f 695/1057/1275 705/1067/1276 696/1058/1277
f 696/1058/1278 705/1067/1278 642/1005/1278
f 705/1067/1279 708/1068/1280 706/1069/1281
f 706/1069/1281 707/1070/1282 705/1067/1279
f 641/1004/1283 705/1067/1283 707/1070/1283
f 694/1056/1284 708/1068/1280 705/1067/1279
f 695/1057/1275 694/1056/1284 705/1067/1276
f 642/1005/1183 705/1067/1183 641/1004/1183
f 708/1068/1285 674/1036/1285 709/1071/1285
f 674/1036/1240 708/1068/1286 676/1038/1239
f 676/1038/1287 708/1068/1287 694/1056/1287
f 709/1071/1285 706/1069/1288 708/1068/1285
f 711/1072/1289 709/1071/1289 674/1036/1289
f 706/1069/1290 709/1071/1290 710/1073/1290
f 710/1073/1291 709/1071/1291 711/1072/1291
f 711/1072/1292 712/1074/1292 710/1073/1293
f 712/1074/1292 711/1072/1292 660/1022/1294
f 672/1034/1295 660/1022/1296 711/1072/1297
f 674/1036/1298 672/1034/1295 711/1072/1297
f 710/1073/1299 712/1074/1300 715/1075/1300
f 660/1022/1301 713/1076/1301 712/1074/1301
f 712/1074/1302 713/1076/1302 714/1077/1302
f 714/1077/1303 715/1075/1300 712/1074/1300
f 717/1078/1304 715/1075/1305 716/1079/1306
f 715/1075/1307 714/1077/1307 716/1079/1306
f 718/1080/1308 715/1075/1305 717/1078/1304
f 715/1075/1309 718/1080/1309 710/1073/1309
f 717/1078/1304 719/1081/1310 718/1080/1308
f 710/1073/1311 718/1080/1308 719/1081/1310
f 720/1082/1312 719/1081/1312 717/1078/1312
f 719/1081/1310 720/1082/1313 710/1073/1311
f 706/1069/1281 710/1073/1311 720/1082/1313
f 720/1082/1313 707/1070/1282 706/1069/1281
f 707/1070/1314 720/1082/1314 722/1083/1314
f 717/1078/1315 721/1084/1316 720/1082/1317
f 720/1082/1318 721/1084/1319 723/1085/1320
f 723/1085/1321 722/1083/1321 720/1082/1321
f 646/1008/1322 723/1085/1320 721/1084/1319
f 646/1008/1323 644/1006/1324 723/1085/1325
f 722/1083/1326 723/1085/1325 644/1006/1324
f 707/1070/1327 722/1083/1327 641/1004/1327
f 644/1006/1328 641/1004/1328 722/1083/1328
f 721/1084/1316 717/1078/1315 724/1086/1329
f 724/1086/1330 725/1087/1330 721/1084/1330
f 721/1084/1331 725/1087/1331 646/1008/1331
f 726/1088/1332 725/1087/1333 724/1086/1334
f 725/1087/1335 726/1088/1335 646/1008/1335
f 646/1008/1213 726/1088/1336 727/1089/1337
f 716/1079/1338 727/1089/1337 726/1088/1336
f 726/1088/1336 728/1090/1339 716/1079/1338
f 724/1086/1334 728/1090/1340 726/1088/1332
f 728/1090/1339 724/1086/1341 716/1079/1338
f 727/1089/1337 660/1022/1214 646/1008/1213
f 660/1022/1342 727/1089/1342 713/1076/1342
f 727/1089/1343 716/1079/1344 714/1077/1345
f 714/1077/1345 713/1076/1346 727/1089/1343
f 724/1086/1341 717/1078/1306 716/1079/1306
f 694/1056/1347 692/1054/1347 676/1038/1347
f 676/1038/1348 692/1054/1348 690/1052/1348
f 690/1052/1349 677/1039/1349 676/1038/1349
f 677/1039/1256 690/1052/1256 683/1045/1255
f 685/1048/1257 686/1049/1257 729/1091/1206
f 730/1092/1205 732/1093/1206 729/1091/1206
f 729/1091/1206 731/1094/1205 730/1092/1205
f 729/1091/1206 732/1093/1206 685/1048/1257
f 669/1031/1350 732/1093/1350 730/1092/1350
f 685/1048/1351 732/1093/1351 679/1041/1351
f 679/1041/1350 732/1093/1350 669/1031/1350
f 667/1029/1207 730/1092/1207 731/1094/1207
f 731/1094/1352 665/1027/1352 667/1029/1352
f 730/1092/1350 667/1029/1350 669/1031/1350
f 679/1041/1353 680/1042/1354 685/1048/1260
f 685/1048/1260 680/1042/1354 681/1043/1258
f 669/1031/1355 670/1032/1245 679/1041/1244
o gaz2975_nomg_body.025
v -26.903795 10.063873 64.811363
v -27.413185 11.642509 62.489506
v -26.903769 11.642509 62.489506
v -27.413216 10.065891 64.808739
v -26.903767 10.098900 53.602886
v -26.903791 10.012859 65.234337
v -26.903770 9.524807 65.503151
v -34.402527 10.088871 64.811508
v -34.911999 10.041443 65.218826
v -34.912006 10.092453 64.795860
v -34.911980 9.524803 65.503143
v -34.911983 11.642506 62.489513
v -34.911980 10.098896 53.602882
v -26.903767 12.020832 55.100990
v -34.911976 12.020828 55.100990
v -34.402580 12.037415 55.610134
v -34.402580 11.642506 62.489506
v -34.402569 10.353497 54.730171
v -27.413183 10.353500 54.730175
v -27.413183 12.037418 55.610138
vn -0.0000 0.8270 0.5622
vn 0.0004 0.8270 0.5622
vn 0.0003 0.8270 0.5622
vn -0.0000 0.8270 0.5623
vn 1.0000 -0.0000 -0.0000
vn 1.0000 0.0001 -0.0000
vn 0.0033 0.9928 0.1197
vn 0.0033 0.9995 0.0303
vn 0.0020 0.8783 0.4780
vn -0.0000 0.4825 0.8759
vn 0.0016 0.7932 0.6090
vn 0.0033 0.9994 0.0341
vn -1.0000 -0.0003 -0.0002
vn -1.0000 -0.0001 -0.0000
vn -1.0000 -0.0000 -0.0000
vn -0.0000 0.4821 0.8761
vn -0.0000 0.4826 0.8758
vn -0.0000 0.6148 -0.7887
vn -0.0000 0.7195 -0.6945
vn -0.0000 0.7823 -0.6229
vn -0.0000 -0.1963 0.9805
vn 0.9572 0.2888 0.0166
vn 0.9573 0.2887 0.0166
vn -0.0894 0.9944 0.0571
vn -0.0000 0.9987 0.0511
vn -0.0049 0.8305 0.5570
vn -0.0000 0.8300 0.5578
vn -0.0057 0.8305 0.5569
vn -0.0112 0.8311 0.5561
vn -0.0000 0.9156 0.4022
vn -0.0000 0.9778 0.2095
vn 0.0033 0.9997 0.0262
vn -0.0000 -0.2168 0.9762
vn -0.0000 0.9984 0.0573
vn 0.0833 0.9952 0.0510
vt 0.580103 0.214318
vt 0.573381 0.210408
vt 0.574083 0.209182
vt 0.580814 0.213097
vt 0.605097 0.207096
vt 0.623975 0.196065
vt 0.622707 0.196072
vt 0.623976 0.195010
vt 0.572903 0.209123
vt 0.572064 0.207825
vt 0.623978 0.193774
vt 0.604039 0.195050
vt 0.605307 0.196066
vt 0.604039 0.196105
vt 0.573126 0.204322
vt 0.571091 0.205801
vt 0.571948 0.204407
vt 0.604041 0.193742
vt 0.579722 0.200337
vt 0.604132 0.205801
vt 0.623975 0.227590
vt 0.623975 0.233657
vt 0.604039 0.233657
vt 0.604039 0.227590
vt 0.600239 0.200276
vt 0.605307 0.226322
vt 0.579718 0.198926
vt 0.598827 0.198864
vt 0.578992 0.199128
vt 0.572360 0.203135
vt 0.573030 0.195015
vt 0.601113 0.193760
vt 0.622707 0.221302
vt 0.605307 0.221302
vt 0.622707 0.226322
vt 0.599947 0.214148
vt 0.602344 0.219201
vt 0.574245 0.218630
vt 0.580841 0.214508
vt 0.601327 0.212705
s 1
usemtl body
f 734/1095/1356 736/1096/1357 733/1097/1358
f 733/1097/1358 735/1098/1359 734/1095/1356
f 737/1099/1360 735/1098/1360 733/1097/1361
f 733/1100/1362 736/1101/1363 738/1102/1364
f 737/1099/1360 733/1097/1361 738/1103/1361
f 737/1099/1360 738/1103/1360 739/1104/1360
f 739/1105/1365 738/1102/1364 741/1106/1366
f 736/1101/1363 740/1107/1367 738/1102/1364
f 740/1107/1367 741/1106/1366 738/1102/1364
f 740/1107/1367 742/1108/1362 741/1106/1366
f 742/1109/1368 743/1110/1369 741/1111/1370
f 741/1106/1371 743/1112/1371 739/1105/1372
f 742/1109/1368 744/1113/1370 743/1110/1369
f 744/1113/1370 745/1114/1370 743/1110/1370
f 746/1115/1373 737/1116/1373 745/1117/1373
f 745/1117/1373 747/1118/1374 746/1115/1375
f 744/1113/1370 747/1119/1370 745/1114/1370
f 746/1115/1375 747/1118/1374 748/1120/1376
f 749/1121/1377 748/1122/1378 747/1119/1379
f 747/1119/1380 744/1113/1380 749/1121/1380
f 749/1123/1381 744/1113/1382 742/1109/1383
f 742/1109/1383 740/1124/1384 749/1123/1381
f 749/1121/1360 740/1125/1360 750/1126/1360
f 750/1126/1360 748/1122/1378 749/1121/1377
f 736/1101/1363 751/1127/1385 750/1128/1386
f 750/1128/1387 740/1107/1367 736/1101/1363
f 748/1120/1376 750/1128/1386 751/1127/1385
f 751/1127/1385 752/1129/1388 748/1120/1376
f 752/1130/1370 751/1131/1370 736/1132/1370
f 736/1132/1370 734/1133/1370 752/1130/1370
f 752/1130/1389 734/1133/1389 735/1098/1389
f 748/1120/1376 752/1129/1388 746/1115/1375
f 735/1098/1390 746/1134/1390 752/1130/1390
f 737/1099/1360 746/1134/1360 735/1098/1360
o gaz2975_nomg_body.171
v -27.413185 11.815067 59.402515
v -34.402569 9.944817 58.211899
v -27.413185 9.944820 58.211899
v -34.402573 11.815067 59.402515
v -27.413185 11.821602 59.603180
v -34.402573 11.821598 59.603180
v -34.402576 9.951347 58.412563
v -27.413185 9.951351 58.412571
vn -0.0000 0.5370 -0.8436
vn -0.0000 0.6457 -0.7636
vn -0.0000 0.5674 -0.8234
vn -0.0000 -0.4691 0.8831
vn -0.0000 -0.5370 0.8436
vt 0.498785 0.206228
vt 0.498785 0.200037
vt 0.518302 0.200037
vt 0.518302 0.206228
vt 0.518302 0.199476
vt 0.498785 0.199476
vt 0.498785 0.193285
vt 0.518302 0.193285
s 1
usemtl body
f 754/1135/1391 756/1136/1392 753/1137/1393
f 753/1137/1393 755/1138/1391 754/1135/1391
f 757/1139/1394 753/1137/1393 756/1136/1392
f 756/1136/1392 758/1140/1394 757/1139/1394
f 757/1139/1394 758/1140/1394 759/1141/1395
f 759/1141/1395 760/1142/1395 757/1139/1394
o gaz2975_nomg_body.172
v -27.413185 11.666828 61.818752
v -34.402573 10.023289 60.620750
v -27.413185 10.023293 60.620750
v -34.402580 11.666824 61.818752
v -27.413185 11.673359 62.019413
v -34.402573 11.673355 62.019413
v -34.402573 10.029831 60.821411
v -27.413189 10.029835 60.821411
vn -0.0000 0.5890 -0.8081
vn -0.0001 0.6947 -0.7193
vn -0.0000 0.6191 -0.7853
vn -0.0000 -0.5203 0.8540
vn -0.0000 -0.5890 0.8081
vt 0.518714 0.222415
vt 0.518714 0.228094
vt 0.499197 0.228094
vt 0.499197 0.222415
vt 0.499197 0.228655
vt 0.518714 0.228655
vt 0.518714 0.234334
vt 0.499197 0.234334
s 1
usemtl body
f 762/1143/1396 764/1144/1397 761/1145/1398
f 761/1145/1398 763/1146/1396 762/1143/1396
f 765/1147/1399 761/1145/1398 764/1144/1397
f 764/1144/1397 766/1148/1399 765/1147/1399
f 765/1147/1399 766/1148/1399 767/1149/1400
f 767/1149/1400 768/1150/1400 765/1147/1399
o gaz2975_nomg_body.326
v -30.850506 10.012398 65.192459
v -30.592640 11.698029 62.050556
v -30.592642 10.012398 65.192444
v -30.850504 11.698029 62.050564
v -30.850502 12.026665 55.580219
v -30.850498 9.611916 54.098721
v -30.592638 12.026470 55.574406
v -30.592638 10.115303 54.106232
vn -0.0000 0.8812 0.4728
vn -1.0000 -0.0000 -0.0000
vn -0.9860 0.1668 0.0085
vn -0.9472 0.3203 0.0162
vn 0.9473 0.3201 0.0162
vn 0.9473 0.3199 0.0162
vn 0.9986 0.0534 0.0027
vn -0.9471 0.3204 0.0163
vn 1.0000 -0.0000 -0.0000
vt 0.547885 0.198878
vt 0.547577 0.199528
vt 0.538577 0.195272
vt 0.538884 0.194621
vt 0.538884 0.203853
vt 0.547885 0.199598
vt 0.565976 0.199598
vt 0.569765 0.206542
vt 0.565992 0.198878
vt 0.569816 0.193340
s 1
usemtl body
f 770/1151/1401 772/1152/1401 769/1153/1401
f 769/1153/1401 771/1154/1401 770/1151/1401
f 769/1155/1402 772/1156/1403 773/1157/1404
f 773/1157/1402 774/1158/1402 769/1155/1402
f 773/1157/1404 772/1156/1403 770/1151/1405
f 770/1151/1406 775/1159/1407 773/1157/1408
f 775/1159/1407 770/1151/1406 771/1154/1409
f 771/1154/1409 776/1160/1409 775/1159/1407
o gaz2975_nomg_body.334
v -34.402569 9.877224 56.137436
v -27.413183 11.921459 57.322369
v -27.413187 9.877228 56.137436
v -34.402573 11.921455 57.322369
v -34.402573 11.914917 57.121700
v -27.413183 11.914921 57.121708
v -34.402569 9.870693 55.936775
v -27.413183 9.870697 55.936775
vn 0.0003 -0.4349 0.9005
vn -0.0000 -0.4349 0.9005
vn -0.0000 -0.5015 0.8652
vn -0.0000 0.6108 -0.7918
vn -0.0000 0.5317 -0.8470
vn -0.0000 0.5015 -0.8652
vt 0.518936 0.214702
vt 0.498668 0.214702
vt 0.498668 0.207850
vt 0.518936 0.207850
vt 0.498669 0.215284
vt 0.518936 0.215284
vt 0.498668 0.221097
vt 0.518936 0.221097
s 1
usemtl body
f 778/1161/1410 780/1162/1411 777/1163/1412
f 777/1163/1412 779/1164/1412 778/1161/1410
f 781/1165/1413 780/1162/1411 778/1161/1410
f 778/1161/1410 782/1166/1414 781/1165/1413
f 783/1167/1415 781/1165/1413 782/1166/1414
f 782/1166/1414 784/1168/1415 783/1167/1415
o gaz2975_nomg_body.054
v 4.624428 14.406708 -89.490211
v 4.111999 15.106571 -89.727707
v 4.536182 15.106853 -89.871841
v 26.733641 15.091160 -89.861794
v 26.657681 14.391075 -89.481659
v 4.538014 13.708889 -89.874527
v 4.339893 14.406609 -89.426147
v 4.113835 13.708611 -89.730370
v 3.661476 13.710556 -90.335014
v 3.804563 13.707882 -89.449471
v 4.132327 14.406227 -89.273590
v 3.802724 15.105850 -89.446808
v 4.001260 14.404148 -88.555374
v 3.599792 13.705322 -88.556793
v 4.037282 14.398525 -86.660065
v 3.633964 15.097649 -86.658783
v 3.597944 15.103275 -88.554092
v 2.829208 15.097927 -86.658867
v 2.793219 15.103565 -88.554214
v 3.145348 15.107117 -89.795914
v 3.659664 15.108521 -90.332367
v 3.434890 14.410519 -90.635437
v 2.817548 14.408772 -89.971832
v 3.147154 13.709148 -89.798615
v 2.391762 14.404709 -88.555580
v 2.795031 13.705597 -88.556877
v 3.635827 13.699692 -86.661461
v 2.831047 13.699966 -86.661552
v 2.427782 14.399082 -86.660286
v 4.363343 13.711220 -90.640480
v 4.275098 14.411369 -91.022141
v 4.361523 15.109180 -90.637833
v 26.887398 15.093372 -90.624771
v 26.965166 14.395489 -91.007614
v 27.610163 15.092319 -90.355614
v 27.829721 14.394154 -90.656548
v 28.143726 13.692692 -89.859848
v 27.611994 13.694351 -90.358276
v 28.467775 14.392075 -90.030144
v 28.141890 15.090660 -89.857162
v 26.889235 13.695400 -90.627457
v 26.735466 13.693207 -89.864464
v 27.173409 13.692730 -89.757927
v 26.952513 14.390900 -89.456299
v 27.171581 15.090694 -89.755226
v 27.167976 14.390495 -89.343567
v 27.491985 15.089870 -89.513863
v 27.493818 13.691895 -89.516541
v 27.683685 13.688980 -88.550629
v 27.280346 14.388100 -88.549332
v 27.681856 15.086941 -88.547966
v 28.486574 15.086655 -88.547859
v 27.717831 15.081310 -86.652649
v 27.316372 14.382462 -86.654037
v 27.719673 13.683353 -86.655334
v 28.524450 13.683075 -86.655212
v 28.488392 13.688698 -88.550529
v 28.925886 14.381905 -86.653816
v 28.889870 14.387535 -88.549141
v 28.522589 15.081028 -86.652534
vn 0.1970 0.4413 0.8755
vn 0.2808 0.4864 0.8274
vn 0.1718 0.8445 0.5072
vn 0.1717 0.8447 0.5069
vn 0.0002 0.7368 0.6761
vn 0.0005 0.9388 0.3444
vn -0.0003 0.1777 0.9841
vn -0.0005 -0.1822 0.9833
vn -0.0007 -0.4823 0.8760
vn 0.2809 -0.4894 0.8256
vn 0.1969 -0.4446 0.8738
vn -0.0003 -1.0000 -0.0030
vn -0.0004 -1.0000 -0.0030
vn 0.6014 -0.4488 0.6610
vn 0.5210 -0.4772 0.7077
vn 0.5205 0.4751 0.7094
vn 0.6008 0.4471 0.6626
vn 0.8768 0.4530 0.1613
vn 0.8778 -0.4520 0.1589
vn 0.8505 -0.4890 0.1937
vn 0.8670 -0.4980 -0.0180
vn 0.8661 0.4997 -0.0150
vn 0.8495 0.4897 0.1963
vn 0.0004 1.0000 0.0030
vn -0.8538 0.4615 -0.2408
vn -0.8539 0.4615 -0.2408
vn -0.6377 0.4702 -0.6101
vn -0.6377 0.4703 -0.6101
vn -0.6514 0.4581 -0.6048
vn -0.6507 -0.4567 -0.6066
vn -0.6507 -0.4568 -0.6066
vn -0.8529 -0.4620 -0.2432
vn -0.8392 0.4825 -0.2509
vn -0.8382 -0.4830 -0.2534
vn -0.8661 -0.4996 0.0150
vn -0.8670 0.4980 0.0180
vn -0.8670 0.4980 0.0179
vn -0.6369 -0.4688 -0.6120
vn -0.3533 -0.4632 -0.8128
vn -0.3663 -0.4805 -0.7968
vn -0.3664 0.4833 -0.7951
vn -0.3535 0.4660 -0.8111
vn 0.0009 0.8535 -0.5210
vn 0.0009 0.8557 -0.5175
vn 0.0003 1.0000 0.0030
vn 0.0006 0.0028 -1.0000
vn 0.0006 0.0015 -1.0000
vn 0.3303 0.4820 -0.8115
vn 0.3110 0.4570 -0.8333
vn 0.6050 -0.4640 -0.6470
vn 0.6263 -0.4459 -0.6394
vn 0.3106 -0.4528 -0.8357
vn 0.6264 0.4499 -0.6366
vn 0.6052 0.4679 -0.6440
vn 0.3299 -0.4779 -0.8141
vn -0.0001 -0.7355 -0.6775
vn -0.0004 -0.9375 -0.3480
vn -0.0007 -1.0000 -0.0030
vn -0.0004 -1.0000 -0.0029
vn -0.0007 -1.0000 -0.0029
vn -0.0007 -0.4810 0.8767
vn -0.0752 -0.4860 0.8707
vn -0.2123 -0.4434 0.8708
vn -0.2120 0.4393 0.8730
vn -0.4100 0.4638 0.7853
vn -0.4104 -0.4680 0.7827
vn -0.0748 0.4821 0.8729
vn -0.5432 0.4276 0.7226
vn -0.8768 0.4485 0.1737
vn -0.5435 -0.4317 0.7199
vn -0.8761 -0.4509 0.1708
vn -0.8598 -0.4963 0.1202
vn -0.8606 0.4942 0.1232
vn -0.8670 0.4981 0.0180
vn -0.8661 -0.4997 0.0150
vn 0.8661 0.4996 -0.0150
vn 0.8417 -0.4831 -0.2414
vn 0.8411 0.4856 -0.2382
vn 0.8611 -0.4545 -0.2281
vn 0.8604 0.4571 -0.2251
vt 0.501531 0.598787
vt 0.501939 0.600997
vt 0.503180 0.600898
vt 0.503035 0.598701
vt 0.565689 0.598770
vt 0.565544 0.600970
vt 0.503250 0.603096
vt 0.502232 0.603187
vt 0.502709 0.590079
vt 0.500457 0.590373
vt 0.500649 0.592397
vt 0.498389 0.590837
vt 0.500806 0.601201
vt 0.501373 0.603380
vt 0.500114 0.598980
vt 0.498524 0.601920
vt 0.499169 0.604076
vt 0.493470 0.603991
vt 0.492482 0.601965
vt 0.497479 0.599882
vt 0.496236 0.597943
vt 0.491351 0.599782
vt 0.499444 0.596999
vt 0.498927 0.594909
vt 0.501139 0.596723
vt 0.500845 0.594549
vt 0.498645 0.592812
vt 0.495152 0.593623
vt 0.495367 0.595861
vt 0.495135 0.591377
vt 0.489624 0.592404
vt 0.489967 0.594758
vt 0.490436 0.597310
vt 0.494324 0.606044
vt 0.502803 0.594375
vt 0.502754 0.592196
vt 0.502893 0.596567
vt 0.565847 0.596602
vt 0.565971 0.594368
vt 0.567962 0.594613
vt 0.567623 0.596786
vt 0.569843 0.595001
vt 0.570133 0.592944
vt 0.568189 0.592465
vt 0.566072 0.592181
vt 0.569285 0.597051
vt 0.566159 0.590079
vt 0.565479 0.603163
vt 0.566772 0.601047
vt 0.568387 0.590471
vt 0.566512 0.603241
vt 0.567191 0.598829
vt 0.567860 0.601238
vt 0.568574 0.598993
vt 0.571367 0.600035
vt 0.567293 0.603433
vt 0.569674 0.604187
vt 0.570315 0.602039
vt 0.572650 0.598122
vt 0.576361 0.602113
vt 0.575345 0.604126
vt 0.574514 0.606198
vt 0.578967 0.595011
vt 0.579280 0.592659
vt 0.573813 0.591525
vt 0.573799 0.593785
vt 0.578498 0.597538
vt 0.573568 0.596039
vt 0.577544 0.599970
vt 0.570381 0.591011
s 1
usemtl body
f 786/1169/1416 791/1170/1416 785/1171/1416
f 785/1171/1417 787/1172/1418 786/1169/1419
f 788/1173/1420 787/1172/1421 785/1171/1422
f 785/1171/1422 789/1174/1423 788/1173/1420
f 789/1174/1423 785/1171/1422 790/1175/1424
f 792/1176/1425 790/1175/1425 785/1171/1425
f 785/1171/1426 791/1170/1426 792/1176/1426
f 790/1177/1427 792/1178/1427 793/1179/1427
f 793/1179/1427 792/1178/1427 794/1180/1428
f 795/1181/1429 794/1182/1429 792/1176/1429
f 792/1176/1430 791/1170/1430 795/1181/1430
f 795/1181/1431 791/1170/1431 786/1169/1431
f 786/1169/1432 796/1183/1432 795/1181/1432
f 797/1184/1433 795/1181/1433 796/1183/1433
f 794/1182/1434 795/1181/1434 797/1184/1434
f 797/1184/1435 798/1185/1435 794/1182/1435
f 798/1185/1436 797/1184/1436 799/1186/1436
f 800/1187/1437 799/1186/1437 797/1184/1437
f 797/1184/1437 801/1188/1437 800/1187/1437
f 796/1183/1438 801/1188/1438 797/1184/1438
f 801/1188/1439 803/1189/1439 802/1190/1439
f 802/1190/1439 800/1187/1439 801/1188/1439
f 804/1191/1439 803/1189/1439 801/1188/1439
f 801/1188/1439 796/1183/1439 804/1191/1439
f 803/1189/1440 804/1191/1441 807/1192/1441
f 805/1193/1439 804/1191/1439 796/1183/1439
f 804/1191/1442 805/1193/1443 806/1194/1443
f 806/1194/1443 807/1192/1444 804/1191/1442
f 808/1195/1445 807/1192/1446 806/1194/1446
f 807/1192/1447 808/1195/1447 810/1196/1447
f 807/1192/1441 809/1197/1448 803/1189/1440
f 810/1196/1447 809/1197/1449 807/1192/1447
f 810/1196/1427 798/1198/1427 811/1199/1427
f 798/1198/1427 810/1196/1427 808/1195/1428
f 811/1199/1427 812/1200/1428 810/1196/1427
f 809/1197/1450 810/1196/1450 812/1200/1450
f 812/1200/1450 813/1201/1450 809/1197/1450
f 803/1189/1451 809/1197/1451 813/1201/1452
f 813/1201/1452 802/1190/1452 803/1189/1451
f 799/1186/1436 811/1202/1436 798/1185/1436
f 808/1195/1428 794/1180/1428 798/1198/1427
f 794/1180/1428 808/1195/1428 793/1179/1427
f 806/1194/1446 793/1179/1453 808/1195/1445
f 806/1194/1454 815/1203/1455 814/1204/1454
f 814/1204/1454 793/1179/1454 806/1194/1454
f 816/1205/1456 815/1203/1456 806/1194/1456
f 806/1194/1456 805/1193/1457 816/1205/1456
f 817/1206/1458 816/1205/1459 787/1172/1421
f 787/1172/1460 816/1205/1460 805/1193/1460
f 815/1203/1461 816/1205/1459 817/1206/1458
f 817/1206/1458 818/1207/1462 815/1203/1461
f 820/1208/1463 818/1207/1463 817/1206/1463
f 787/1172/1421 788/1173/1420 817/1206/1458
f 819/1209/1460 817/1206/1460 788/1173/1460
f 817/1206/1464 819/1209/1464 820/1208/1464
f 820/1208/1465 823/1210/1466 821/1211/1465
f 821/1211/1465 822/1212/1465 820/1208/1465
f 820/1208/1467 822/1212/1467 825/1213/1467
f 824/1214/1468 823/1210/1468 820/1208/1468
f 820/1208/1468 819/1209/1469 824/1214/1468
f 825/1213/1470 818/1207/1470 820/1208/1470
f 825/1213/1471 814/1204/1472 815/1203/1461
f 814/1204/1472 825/1213/1471 826/1215/1473
f 826/1215/1473 825/1213/1474 822/1212/1428
f 815/1203/1461 818/1207/1462 825/1213/1471
f 826/1215/1473 790/1177/1475 814/1204/1472
f 790/1175/1424 826/1216/1476 789/1174/1423
f 828/1217/1477 789/1174/1477 826/1216/1477
f 822/1212/1428 827/1218/1428 826/1215/1473
f 826/1216/1478 827/1219/1478 828/1217/1478
f 828/1217/1479 829/1220/1479 788/1173/1479
f 829/1220/1480 828/1217/1480 830/1221/1480
f 830/1221/1481 828/1217/1481 827/1219/1481
f 788/1173/1482 789/1174/1482 828/1217/1482
f 830/1221/1483 831/1222/1483 829/1220/1483
f 835/1223/1484 831/1222/1484 830/1221/1484
f 827/1219/1485 832/1224/1485 830/1221/1485
f 830/1221/1486 832/1224/1486 833/1225/1486
f 833/1225/1487 834/1226/1487 830/1221/1487
f 830/1221/1488 834/1226/1488 835/1223/1488
f 831/1222/1460 835/1223/1439 836/1227/1439
f 836/1227/1439 835/1223/1439 837/1228/1460
f 838/1229/1452 837/1228/1452 835/1223/1451
f 835/1223/1451 834/1226/1489 838/1229/1452
f 839/1230/1490 838/1229/1490 834/1226/1490
f 840/1231/1428 839/1232/1428 833/1233/1428
f 834/1226/1490 833/1225/1490 839/1230/1490
f 833/1233/1428 841/1234/1428 840/1231/1428
f 842/1235/1436 840/1231/1436 841/1234/1436
f 841/1234/1436 843/1236/1436 842/1235/1436
f 844/1237/1491 842/1235/1491 843/1236/1491
f 837/1228/1460 844/1237/1460 836/1227/1439
f 843/1236/1491 836/1227/1491 844/1237/1491
f 823/1210/1492 843/1236/1492 841/1234/1492
f 836/1227/1493 843/1236/1493 823/1210/1493
f 841/1234/1494 821/1211/1494 823/1210/1494
f 821/1211/1427 841/1234/1428 833/1233/1428
f 836/1227/1439 824/1214/1439 831/1222/1460
f 823/1210/1495 824/1214/1495 836/1227/1495
f 833/1233/1428 832/1238/1427 821/1211/1427
f 822/1212/1428 821/1211/1427 832/1238/1427
f 832/1238/1427 827/1218/1428 822/1212/1428
f 831/1222/1460 824/1214/1439 819/1209/1460
f 819/1209/1460 829/1220/1460 831/1222/1460
f 788/1173/1460 829/1220/1460 819/1209/1460
f 793/1179/1427 814/1204/1427 790/1177/1427
f 805/1193/1439 786/1169/1419 787/1172/1418
f 796/1183/1439 786/1169/1439 805/1193/1439
o gaz2975_nomg_body.085
v -4.665932 7.311825 -85.488075
v -3.306715 7.389534 -86.058037
v -3.306715 7.389534 -85.637680
v -4.665933 7.311825 -85.908447
v -10.710928 6.972466 -85.650383
v -10.710928 6.972466 -85.230026
v -4.664093 5.639778 -85.488358
v -3.306654 5.577950 -85.637512
v -2.967665 7.065521 -85.670364
v -2.967530 5.905411 -85.670227
v -3.306654 5.577950 -86.057877
v -4.664093 5.639778 -85.908752
v -10.706922 5.910046 -85.652130
v -10.706922 5.910046 -85.231750
v -12.140401 6.108364 -85.959961
v -12.145039 6.759495 -85.957909
v -2.967530 5.905411 -86.090591
v -2.967665 7.065521 -86.090736
vn -0.0571 0.9984 -0.0000
vn -0.0566 0.9984 -0.0000
vn -0.0561 0.9984 -0.0000
vn 0.1066 -0.0000 0.9943
vn 0.1070 0.0001 0.9943
vn 0.0641 -0.0001 0.9979
vn -0.0560 0.9984 -0.0000
vn 0.0424 -0.0015 0.9991
vn 0.0427 -0.0001 0.9991
vn -0.0455 -0.9990 -0.0000
vn -0.0439 -0.9990 -0.0000
vn -0.0451 -0.9990 -0.0000
vn 0.0960 0.0001 0.9954
vn 0.0959 0.0001 0.9954
vn 0.6946 -0.7194 -0.0000
vn -0.0447 -0.9990 -0.0000
vn -0.1370 -0.9906 -0.0000
vn -0.4522 -0.0031 0.8919
vn -0.4536 -0.0060 0.8912
vn -0.0629 -0.0019 0.9980
vn -0.0631 -0.0019 0.9980
vn -0.4522 -0.0032 0.8919
vn -0.1469 0.9892 -0.0000
vn 1.0000 0.0001 -0.0000
vn 0.6909 0.7230 -0.0000
vn 0.6909 0.7229 -0.0000
vt 0.901389 0.917417
vt 0.900911 0.920595
vt 0.899940 0.920506
vt 0.900404 0.917368
vt 0.896194 0.917000
vt 0.898743 0.934696
vt 0.897899 0.934365
vt 0.896070 0.920163
vt 0.895099 0.920073
vt 0.899718 0.916509
vt 0.897028 0.916273
vt 0.895607 0.916218
vt 0.895218 0.916866
vt 0.894625 0.934319
vt 0.895514 0.934148
vt 0.895543 0.937844
vt 0.897194 0.937998
vt 0.896435 0.915495
vt 0.897114 0.915299
vt 0.899802 0.915534
vt 0.900440 0.915849
vt 0.901122 0.916703
s 1
usemtl body
f 846/1239/1496 848/1240/1497 845/1241/1498
f 845/1241/1498 847/1242/1496 846/1239/1496
f 852/1243/1499 847/1242/1500 845/1241/1501
f 845/1241/1498 848/1240/1497 849/1244/1502
f 849/1244/1498 850/1245/1498 845/1241/1498
f 851/1246/1503 845/1241/1501 850/1245/1504
f 851/1246/1503 852/1243/1499 845/1241/1501
f 852/1243/1505 851/1246/1506 856/1247/1507
f 852/1243/1499 853/1248/1508 847/1242/1500
f 852/1243/1499 854/1249/1509 853/1248/1508
f 854/1249/1510 852/1243/1510 855/1250/1510
f 856/1247/1507 855/1251/1505 852/1243/1505
f 857/1252/1511 856/1247/1507 851/1246/1506
f 851/1246/1506 858/1253/1511 857/1252/1511
f 858/1253/1512 859/1254/1512 857/1252/1512
f 860/1255/1513 859/1254/1514 858/1253/1514
f 858/1253/1515 850/1245/1516 860/1255/1517
f 860/1255/1518 850/1245/1518 849/1244/1518
f 850/1245/1516 858/1253/1515 851/1246/1503
f 855/1250/1510 861/1256/1510 854/1249/1510
f 861/1257/1519 862/1258/1519 853/1248/1519
f 853/1248/1519 854/1249/1519 861/1257/1519
f 847/1242/1520 853/1248/1520 862/1259/1520
f 862/1259/1520 846/1260/1521 847/1242/1520
o gaz2975_nomg_body.086
v -0.002017 -15.699436 -88.266579
v -0.365342 -15.699436 -88.689758
v -0.365342 -15.699436 -88.266579
v 0.949700 -15.700033 -88.689743
v 0.949700 -15.700031 -88.266579
v -0.002017 -15.699436 -87.411186
v -0.001853 32.157116 -88.266968
v 0.946939 32.157139 -88.690125
v -0.365176 32.157124 -88.266968
v 0.946939 32.157139 -88.266968
v -0.001853 32.157116 -87.411568
v 28.402124 32.158047 -87.412132
v 0.995385 31.159916 -87.411552
v 28.269476 31.160801 -87.412117
v 29.635696 30.790768 -87.412155
v 28.269491 31.160831 -85.961830
v 29.635712 30.790791 -85.961891
v 30.875288 28.653469 -85.961739
v 30.511391 29.915104 -85.961830
v 25.477785 27.139538 -85.961578
v 0.995399 31.159939 -85.961273
v 0.995236 -14.702848 -85.960945
v 5.704401 27.139538 -85.961449
v 4.723367 26.941822 -85.961433
v 4.025530 26.352772 -85.961441
v 3.759822 25.378559 -85.961441
v 3.759824 20.273449 -85.961365
v 4.025618 19.299229 -88.266983
v 4.025618 19.299229 -85.961349
v 3.759820 20.273449 -88.266998
v 3.759820 25.378559 -88.267082
v 4.025530 26.352772 -88.267097
v 4.723365 26.941822 -88.267113
v 5.704401 27.139538 -88.267128
v 28.402126 32.158047 -88.267509
v 25.477789 27.139538 -88.267258
v 31.872520 28.794392 -88.267418
v 26.459154 26.941822 -88.267288
v 31.398327 30.438457 -88.267494
v 26.459148 26.941822 -85.961609
v 27.157227 26.352779 -85.961594
v 27.423025 25.378567 -85.961578
v 27.157230 26.352779 -88.267258
v 27.423027 25.378567 -88.267242
v 31.872520 -12.248333 -88.266556
v 27.423027 20.273457 -88.267166
v 27.423029 20.273457 -85.961502
v 27.157316 19.299236 -85.961487
v 30.875288 -12.115646 -85.960876
v 30.875278 28.653446 -87.412010
v 30.875277 -12.115677 -87.411163
v 26.459475 18.710190 -85.961487
v 29.635712 -14.351425 -85.960892
v 30.505249 -13.481884 -85.960876
v 30.505239 -13.481911 -87.411163
v 31.872519 -12.248333 -87.411163
v 31.398325 -13.999136 -87.411148
v 29.635696 -14.351448 -87.411163
v 28.269808 -14.721375 -85.960892
v 28.269796 -14.721401 -87.411179
v 30.152924 -15.244532 -87.411148
v 30.152929 -15.244528 -88.266556
v 28.402124 -15.718727 -87.411163
v 31.398327 -13.999136 -88.266556
v 28.402126 -15.718727 -88.266556
v 0.995225 -14.702875 -87.411201
v 31.872519 28.794392 -87.412025
v 31.398325 30.438457 -87.412102
v 30.152935 31.683849 -88.267570
v 30.152929 31.683849 -87.412170
v 30.511383 29.915081 -87.412102
v 25.478445 18.512478 -85.961472
v 26.459478 18.710190 -88.267151
v 27.157320 19.299236 -88.267151
v 25.478445 18.512478 -88.267120
v 5.705055 18.512478 -88.266998
v 5.705055 18.512478 -85.961349
v 4.738833 18.702442 -85.961349
v 4.745053 18.699253 -88.266983
v -0.365176 32.157116 -88.690140
vn -0.0004 -1.0000 0.0002
vn -0.0002 -1.0000 0.0002
vn -0.0006 -1.0000 0.0001
vn -0.0000 -1.0000 -0.0000
vn -0.0000 -0.0000 1.0000
vn -0.0007 -1.0000 -0.0000
vn -0.0006 -1.0000 -0.0000
vn -1.0000 -0.0000 -0.0000
vn -0.0000 1.0000 -0.0000
vn -0.0000 1.0000 0.0001
vn 0.0084 1.0000 0.0001
vn 0.0068 1.0000 -0.0000
vn 0.0248 0.9997 -0.0000
vn 0.4088 0.9126 -0.0001
vn 0.5625 0.8268 -0.0001
vn -0.0000 0.0001 1.0000
vn 0.8184 0.5746 -0.0000
vn -0.0000 -0.0001 1.0000
vn 0.0001 -0.0000 1.0000
vn 0.8976 0.4408 -0.0001
vn 0.9997 0.0240 -0.0000
vn 0.9972 0.0751 -0.0000
vn 0.7877 0.6161 0.0002
vn 1.0000 -0.0000 -0.0000
vn -0.0000 -0.0000 -1.0000
vn -0.0001 -0.0000 -1.0000
vn 0.9648 -0.2631 -0.0000
vn 0.7917 -0.6109 -0.0000
vn 0.8999 -0.4361 -0.0000
vn 0.6450 -0.7641 -0.0000
vn 0.6450 -0.7642 -0.0000
vn 0.1976 -0.9803 -0.0000
vn -0.0000 -0.0001 -1.0000
vn -0.1975 -0.9803 -0.0000
vn -0.7916 -0.6111 0.0001
vn -0.6449 -0.7643 -0.0000
vn -0.9972 -0.0751 -0.0000
vn -0.8998 -0.4362 0.0001
vn -0.9997 -0.0240 -0.0000
vn -0.9972 0.0751 -0.0000
vn -0.9997 0.0239 -0.0000
vn -0.8999 0.4361 0.0001
vn 0.9652 -0.2614 -0.0000
vn 0.9129 -0.4081 -0.0000
vn 0.8272 -0.5618 -0.0000
vn 0.5618 -0.8272 -0.0000
vn 0.4081 -0.9129 0.0001
vn 0.2614 -0.9652 -0.0000
vn 0.5729 -0.8196 -0.0000
vn 0.4195 -0.9078 -0.0000
vn 0.8196 -0.5729 -0.0000
vn 0.0156 -0.9999 -0.0000
vn 0.9078 -0.4195 -0.0000
vn 0.0158 -0.9999 0.0001
vn 1.0000 0.0059 0.0001
vn 0.9998 0.0216 -0.0000
vn 0.9001 0.4356 -0.0001
vn 0.8127 0.5827 -0.0001
vn 0.5729 0.8196 -0.0001
vn 0.4195 0.9078 -0.0000
vn 0.9044 0.4268 -0.0000
vn 0.9608 0.2771 -0.0000
vn 0.0307 0.9995 -0.0000
vn -0.0001 -0.0001 -1.0000
vn -0.1976 0.9803 -0.0000
vn -0.5010 0.8655 -0.0000
vn -0.3473 0.9378 -0.0000
vn -0.7917 0.6109 -0.0001
vn 0.3462 0.9382 -0.0001
vn 0.1929 0.9812 -0.0000
vn 0.1915 0.9815 -0.0006
vn 0.5005 0.8657 -0.0000
vn 1.0000 0.0001 -0.0000
vt 0.044829 0.289047
vt 0.043645 0.288031
vt 0.043645 0.291711
vt 0.044829 0.288031
vt 0.701891 0.557879
vt 0.701891 0.556862
vt 0.567974 0.556863
vt 0.044829 0.291711
vt 0.047223 0.289047
vt 0.701891 0.554468
vt 0.995918 0.592522
vt 0.998573 0.591338
vt 0.995918 0.591338
vt 0.999590 0.591338
vt 0.567974 0.557879
vt 0.998573 0.588944
vt 0.567974 0.554469
vt 0.919088 0.588946
vt 0.565938 0.732233
vt 0.566237 0.734486
vt 0.502065 0.734484
vt 0.501041 0.728955
vt 0.498789 0.731208
vt 0.498788 0.623087
vt 0.504318 0.732231
vt 0.565938 0.728957
vt 0.059621 0.430539
vt 0.059992 0.427748
vt 0.063953 0.427748
vt 0.569135 0.728957
vt 0.569135 0.732234
vt 0.571825 0.723292
vt 0.569025 0.728121
vt 0.559631 0.719872
vt 0.571003 0.726143
vt 0.571933 0.728957
vt 0.504318 0.728955
vt 0.510564 0.704359
vt 0.504318 0.625338
vt 0.514957 0.719872
vt 0.512741 0.719425
vt 0.511164 0.718094
vt 0.510564 0.715893
vt 0.110491 0.358184
vt 0.110491 0.355358
vt 0.104038 0.355358
vt 0.104038 0.358184
vt 0.511164 0.702158
vt 0.104038 0.341072
vt 0.611464 0.418418
vt 0.611471 0.552341
vt 0.603600 0.519086
vt 0.602856 0.516360
vt 0.603600 0.533372
vt 0.110491 0.341072
vt 0.602856 0.536098
vt 0.056755 0.425540
vt 0.056755 0.422715
vt 0.050303 0.422715
vt 0.050303 0.425540
vt 0.600903 0.537747
vt 0.056755 0.420159
vt 0.050303 0.420159
vt 0.598158 0.538300
vt 0.056755 0.417359
vt 0.050303 0.417359
vt 0.534641 0.552344
vt 0.542824 0.538300
vt 0.542824 0.531848
vt 0.598158 0.531848
vt 0.524929 0.542931
vt 0.526256 0.547532
vt 0.540078 0.537747
vt 0.072375 0.429805
vt 0.072375 0.427004
vt 0.065923 0.427004
vt 0.065923 0.429805
vt 0.561848 0.719425
vt 0.065923 0.424448
vt 0.563425 0.718094
vt 0.564025 0.715893
vt 0.065923 0.421622
vt 0.072375 0.424448
vt 0.537381 0.533372
vt 0.538125 0.536098
vt 0.072375 0.421622
vt 0.524929 0.428077
vt 0.537381 0.519086
vt 0.072375 0.407336
vt 0.065922 0.407336
vt 0.571825 0.631184
vt 0.564025 0.704359
vt 0.563425 0.702158
vt 0.065922 0.404510
vt 0.575102 0.631184
vt 0.575101 0.723292
vt 0.425234 0.193671
vt 0.421175 0.193668
vt 0.421172 0.197629
vt 0.569025 0.626132
vt 0.561848 0.700827
vt 0.570989 0.628097
vt 0.425231 0.197632
vt 0.421170 0.201070
vt 0.574266 0.628097
vt 0.576283 0.626928
vt 0.577355 0.630884
vt 0.573005 0.623652
vt 0.570987 0.624820
vt 0.569022 0.622856
vt 0.425228 0.201073
vt 0.421167 0.205031
vt 0.425226 0.205033
vt 0.570191 0.620838
vt 0.565937 0.622020
vt 0.047223 0.373608
vt 0.044829 0.373608
vt 0.044829 0.378537
vt 0.047223 0.368532
vt 0.566235 0.619767
vt 0.047223 0.378537
vt 0.526256 0.423178
vt 0.529742 0.419692
vt 0.044829 0.383613
vt 0.044829 0.368532
vt 0.504316 0.622062
vt 0.502062 0.619810
vt 0.501042 0.625338
vt 0.534641 0.418365
vt 0.565939 0.625296
vt 0.047223 0.383613
vt 0.789443 0.588943
vt 0.789443 0.591337
vt 0.904296 0.591340
vt 0.904296 0.588946
vt 0.577355 0.723610
vt 0.909084 0.591340
vt 0.909084 0.588946
vt 0.576283 0.727325
vt 0.914012 0.591340
vt 0.914012 0.588946
vt 0.053404 0.427263
vt 0.052684 0.430053
vt 0.057613 0.430053
vt 0.574279 0.726143
vt 0.056869 0.427263
vt 0.571932 0.732233
vt 0.574899 0.728958
vt 0.574899 0.732233
vt 0.919088 0.591340
vt 0.064697 0.430539
vt 0.529742 0.551017
vt 0.559632 0.700381
vt 0.065922 0.399154
vt 0.065922 0.401954
vt 0.072374 0.401954
vt 0.072374 0.404510
vt 0.538124 0.516360
vt 0.540077 0.514711
vt 0.542823 0.514158
vt 0.072374 0.399154
vt 0.598157 0.514158
vt 0.598157 0.520611
vt 0.542823 0.520610
vt 0.104038 0.360786
vt 0.104038 0.363542
vt 0.110490 0.363542
vt 0.514959 0.700381
vt 0.512775 0.700810
vt 0.110490 0.360806
vt 0.600843 0.514681
vt 0.567974 0.562735
vt 0.567974 0.563923
vt 0.701893 0.563924
vt 0.999590 0.592522
vt 0.567974 0.559064
vt 0.701891 0.559063
vt 0.701893 0.562743
s 1
usemtl body
f 863/1261/1522 864/1262/1523 866/1263/1524
f 863/1261/1522 865/1264/1525 864/1262/1523
f 865/1265/1526 863/1266/1526 869/1267/1526
f 863/1261/1522 866/1263/1524 867/1268/1527
f 867/1268/1527 868/1269/1528 863/1261/1522
f 869/1267/1529 863/1266/1529 868/1270/1529
f 870/1271/1530 869/1272/1531 872/1273/1530
f 870/1271/1530 871/1274/1530 869/1272/1531
f 869/1267/1526 871/1275/1526 865/1265/1526
f 869/1272/1531 873/1276/1530 872/1273/1530
f 868/1270/1529 873/1277/1529 869/1267/1529
f 872/1273/1530 873/1276/1530 874/1278/1532
f 876/1279/1526 874/1280/1526 873/1281/1526
f 875/1282/1526 873/1283/1526 868/1284/1526
f 873/1281/1526 875/1285/1526 876/1279/1526
f 878/1286/1533 876/1279/1534 875/1285/1530
f 874/1287/1526 876/1288/1526 877/1289/1526
f 879/1290/1535 877/1291/1536 876/1279/1534
f 876/1279/1534 878/1286/1533 879/1290/1535
f 880/1292/1537 879/1293/1537 882/1294/1526
f 880/1292/1537 881/1295/1537 879/1293/1537
f 877/1291/1536 879/1290/1535 881/1296/1538
f 879/1293/1537 883/1297/1526 882/1294/1526
f 879/1293/1537 878/1286/1539 883/1297/1526
f 889/1298/1540 883/1297/1526 884/1299/1526
f 884/1299/1529 883/1297/1529 875/1282/1529
f 875/1285/1530 883/1297/1530 878/1286/1533
f 883/1297/1526 885/1300/1526 882/1294/1526
f 883/1297/1526 886/1301/1526 885/1300/1526
f 887/1302/1526 886/1301/1526 883/1297/1526
f 888/1303/1540 887/1302/1526 883/1297/1526
f 889/1298/1540 888/1303/1540 883/1297/1526
f 890/1304/1541 892/1305/1542 889/1306/1543
f 889/1306/1543 891/1307/1544 890/1304/1541
f 889/1298/1540 884/1299/1526 891/1308/1526
f 888/1309/1545 889/1306/1543 892/1305/1542
f 867/1310/1546 872/1311/1546 892/1312/1546
f 867/1310/1546 892/1312/1546 890/1313/1546
f 872/1311/1546 893/1314/1547 892/1312/1546
f 892/1305/1542 893/1315/1545 888/1309/1545
f 872/1311/1546 894/1316/1546 893/1314/1547
f 893/1317/1548 894/1318/1549 887/1319/1550
f 887/1319/1550 888/1320/1548 893/1317/1548
f 872/1311/1546 895/1321/1546 894/1316/1546
f 894/1318/1549 895/1322/1551 886/1323/1552
f 886/1323/1552 887/1319/1550 894/1318/1549
f 896/1324/1546 895/1321/1546 872/1311/1546
f 895/1322/1553 896/1325/1553 885/1326/1553
f 885/1326/1553 886/1323/1553 895/1322/1553
f 896/1324/1546 872/1311/1546 897/1327/1546
f 898/1328/1546 896/1324/1546 897/1327/1546
f 896/1324/1525 898/1328/1525 882/1329/1525
f 882/1329/1525 885/1330/1525 896/1324/1525
f 899/1331/1546 898/1328/1546 901/1332/1554
f 899/1331/1546 900/1333/1546 898/1328/1546
f 898/1334/1555 900/1335/1555 902/1336/1555
f 898/1328/1546 897/1327/1546 901/1332/1554
f 902/1336/1555 882/1337/1555 898/1334/1555
f 880/1292/1537 882/1294/1526 902/1338/1526
f 903/1339/1556 902/1336/1557 900/1335/1557
f 880/1292/1537 902/1338/1526 903/1340/1526
f 880/1292/1537 903/1340/1526 904/1341/1526
f 904/1342/1558 903/1339/1556 905/1343/1559
f 900/1335/1557 905/1343/1559 903/1339/1556
f 899/1331/1546 906/1344/1546 905/1345/1546
f 899/1331/1546 905/1345/1546 900/1333/1546
f 905/1343/1559 906/1346/1560 904/1342/1558
f 899/1331/1546 907/1347/1546 906/1344/1546
f 907/1347/1546 908/1348/1546 906/1344/1546
f 906/1346/1560 908/1349/1561 909/1350/1562
f 909/1350/1562 904/1342/1558 906/1346/1560
f 911/1351/1526 909/1352/1526 910/1353/1526
f 910/1354/1563 909/1350/1562 908/1349/1561
f 911/1351/1526 904/1341/1526 909/1352/1526
f 911/1351/1545 913/1355/1545 912/1356/1545
f 912/1356/1545 880/1292/1545 911/1351/1545
f 911/1351/1526 880/1292/1537 904/1341/1526
f 913/1357/1564 911/1358/1564 916/1359/1565
f 884/1299/1526 915/1360/1526 911/1351/1526
f 884/1299/1526 911/1351/1526 914/1361/1526
f 911/1351/1526 910/1353/1526 914/1361/1526
f 915/1360/1526 916/1362/1526 911/1351/1526
f 917/1363/1566 916/1359/1565 915/1364/1567
f 916/1359/1565 917/1363/1566 913/1357/1564
f 917/1365/1526 919/1366/1526 918/1367/1526
f 918/1367/1526 913/1355/1526 917/1365/1526
f 919/1368/1526 917/1369/1526 920/1370/1526
f 915/1364/1567 920/1371/1568 917/1363/1566
f 920/1371/1568 915/1364/1567 921/1372/1569
f 921/1372/1569 922/1373/1569 920/1371/1568
f 923/1374/1526 920/1370/1526 922/1375/1526
f 920/1370/1526 923/1374/1526 919/1368/1526
f 923/1376/1570 924/1377/1571 926/1378/1572
f 924/1377/1571 923/1376/1570 925/1379/1573
f 922/1375/1526 925/1380/1526 923/1374/1526
f 926/1378/1572 919/1381/1574 923/1376/1570
f 907/1347/1546 926/1382/1546 924/1383/1546
f 919/1381/1574 926/1378/1572 907/1384/1564
f 867/1268/1527 927/1385/1575 925/1379/1573
f 925/1379/1573 868/1269/1528 867/1268/1527
f 928/1386/1526 868/1387/1526 925/1380/1526
f 925/1379/1573 927/1385/1575 924/1377/1571
f 925/1380/1526 922/1375/1526 928/1386/1526
f 868/1284/1526 928/1388/1526 875/1282/1526
f 875/1282/1529 928/1388/1529 884/1299/1529
f 884/1299/1527 928/1386/1527 922/1375/1527
f 924/1383/1546 927/1389/1546 867/1310/1546
f 907/1347/1546 924/1383/1546 867/1310/1546
f 922/1375/1527 921/1390/1527 884/1299/1527
f 884/1299/1526 921/1390/1526 915/1360/1526
f 907/1384/1564 918/1391/1564 919/1381/1574
f 918/1392/1545 907/1393/1545 899/1394/1576
f 899/1394/1576 929/1395/1577 918/1392/1545
f 913/1355/1526 918/1367/1526 929/1396/1526
f 929/1395/1577 899/1394/1576 901/1397/1578
f 901/1397/1578 930/1398/1579 929/1395/1577
f 912/1356/1526 929/1396/1526 930/1399/1526
f 929/1396/1526 912/1356/1526 913/1355/1526
f 930/1398/1579 901/1397/1578 931/1400/1580
f 931/1400/1580 932/1401/1581 930/1398/1579
f 933/1402/1526 930/1403/1526 932/1404/1526
f 930/1399/1526 933/1405/1526 912/1356/1526
f 932/1404/1526 877/1406/1526 933/1402/1526
f 881/1296/1538 933/1407/1582 877/1291/1536
f 880/1408/1583 912/1409/1583 933/1407/1582
f 933/1407/1582 881/1296/1538 880/1408/1583
f 932/1401/1581 931/1400/1580 897/1410/1584
f 897/1410/1584 874/1278/1532 932/1401/1581
f 877/1289/1526 932/1411/1526 874/1287/1526
f 897/1327/1546 931/1412/1585 901/1332/1554
f 884/1299/1526 914/1361/1526 934/1413/1526
f 934/1414/1586 914/1415/1587 935/1416/1588
f 936/1417/1589 935/1416/1588 914/1415/1587
f 914/1415/1587 910/1354/1563 936/1417/1589
f 907/1347/1546 867/1310/1546 936/1418/1546
f 907/1347/1546 936/1418/1546 908/1348/1546
f 908/1349/1561 936/1417/1589 910/1354/1563
f 867/1310/1546 935/1419/1546 936/1418/1546
f 867/1310/1546 937/1420/1546 935/1419/1546
f 935/1416/1588 937/1421/1586 934/1414/1586
f 867/1310/1546 938/1422/1546 937/1420/1546
f 937/1420/1530 938/1422/1530 939/1423/1530
f 939/1423/1530 934/1424/1530 937/1420/1530
f 940/1425/1590 939/1426/1591 938/1427/1592
f 884/1299/1526 934/1413/1526 939/1428/1526
f 884/1299/1526 939/1428/1526 940/1429/1526
f 938/1427/1592 941/1430/1593 940/1425/1590
f 891/1307/1544 940/1425/1590 941/1430/1593
f 884/1299/1526 940/1429/1526 891/1308/1526
f 867/1310/1546 890/1313/1546 941/1431/1546
f 867/1310/1546 941/1431/1546 938/1422/1546
f 941/1430/1593 890/1304/1541 891/1307/1544
f 874/1278/1532 897/1410/1584 872/1273/1530
f 870/1432/1594 872/1433/1594 867/1434/1594
f 870/1271/1530 942/1435/1530 871/1274/1530
f 871/1275/1529 942/1436/1529 864/1437/1529
f 864/1437/1529 865/1265/1529 871/1275/1529
f 864/1437/1546 942/1436/1546 870/1432/1546
f 870/1432/1546 866/1438/1546 864/1437/1546
f 867/1434/1594 866/1438/1594 870/1432/1594
o gaz2975_nomg_body.088
v 4.688408 7.311825 -85.488075
v 10.733406 6.972462 -85.650383
v 10.733404 6.972462 -85.230026
v 4.688408 7.311825 -85.908447
v 3.329190 7.389530 -86.058052
v 3.329190 7.389530 -85.637695
v 4.686565 5.639774 -85.488358
v 3.329128 5.577946 -85.637527
v 3.329128 5.577946 -86.057892
v 2.990006 5.905407 -85.670242
v 4.686567 5.639774 -85.908737
v 2.990139 7.065521 -85.670380
v 2.990006 5.905407 -86.090607
v 2.990139 7.065521 -86.090752
v 10.729396 5.910038 -85.652130
v 10.729394 5.910038 -85.231750
v 12.162879 6.108364 -85.959961
v 12.167514 6.759495 -85.957909
vn 0.0561 0.9984 -0.0000
vn 0.0566 0.9984 -0.0000
vn 0.0565 0.9984 -0.0000
vn 0.0040 -0.0009 1.0000
vn -0.0640 -0.0001 0.9979
vn -0.0507 -0.0006 0.9987
vn 0.0571 0.9984 -0.0000
vn -0.1064 0.0001 0.9943
vn -0.1071 -0.0000 0.9942
vn 0.0455 -0.9990 -0.0000
vn 0.0451 -0.9990 -0.0000
vn -0.6946 -0.7194 -0.0000
vn -0.0960 0.0001 0.9954
vn -0.0959 0.0001 0.9954
vn -1.0000 0.0001 -0.0000
vn -0.6909 0.7230 -0.0000
vn 0.0447 -0.9990 -0.0000
vn 0.0450 -0.9990 -0.0000
vn 0.1370 -0.9906 -0.0000
vn 0.4536 -0.0060 0.8912
vn 0.0630 -0.0019 0.9980
vn 0.1469 0.9892 -0.0000
vt 0.628624 0.996102
vt 0.629547 0.981953
vt 0.628574 0.982032
vt 0.627762 0.995855
vt 0.624703 0.982032
vt 0.629330 0.978525
vt 0.628605 0.978969
vt 0.624699 0.978974
vt 0.623976 0.978525
vt 0.623730 0.981945
vt 0.625376 0.978296
vt 0.627935 0.978294
vt 0.625093 0.977491
vt 0.628218 0.977490
vt 0.624524 0.996088
vt 0.625388 0.995849
vt 0.625735 0.999490
vt 0.627380 0.999499
s 1
usemtl body
f 944/1439/1595 946/1440/1596 943/1441/1597
f 943/1441/1597 945/1442/1595 944/1439/1595
f 945/1442/1598 943/1441/1599 949/1443/1600
f 943/1441/1597 946/1440/1596 947/1444/1601
f 947/1444/1601 948/1445/1601 943/1441/1601
f 943/1441/1599 948/1445/1602 950/1446/1603
f 949/1443/1600 943/1441/1599 950/1446/1603
f 950/1446/1604 951/1447/1604 953/1448/1605
f 951/1447/1606 950/1446/1606 952/1449/1606
f 954/1450/1607 952/1449/1608 950/1446/1603
f 953/1448/1605 949/1443/1605 950/1446/1604
f 948/1445/1602 954/1450/1607 950/1446/1603
f 955/1451/1609 952/1449/1609 954/1450/1609
f 954/1450/1609 956/1452/1609 955/1451/1609
f 956/1452/1610 954/1450/1610 948/1445/1610
f 948/1445/1610 947/1444/1610 956/1452/1610
f 952/1449/1606 955/1451/1606 951/1447/1606
f 949/1443/1605 953/1448/1605 957/1453/1611
f 957/1453/1611 958/1454/1611 949/1443/1612
f 958/1454/1613 957/1453/1613 959/1455/1613
f 958/1454/1614 959/1455/1614 960/1456/1614
f 960/1456/1614 945/1442/1598 958/1454/1615
f 960/1456/1616 944/1439/1616 945/1442/1616
f 949/1443/1600 958/1454/1615 945/1442/1598
o gaz2975_nomg_body.305
v -30.011375 10.104866 -89.715309
v -41.835899 3.911026 -88.469040
v -42.031281 4.316765 -89.715309
v -29.908598 9.654537 -88.469025
v -29.744537 8.935715 -90.339066
v -4.047174 10.104862 -89.715286
v -4.233716 9.654537 -88.468979
v -29.641760 8.485386 -89.092773
v -4.717996 8.485386 -89.092728
v -2.485780 7.906605 -88.468994
v -2.035451 8.093155 -89.715263
v -3.204590 7.608837 -90.339035
v -2.035447 1.187431 -89.715263
v -2.485774 1.315300 -88.468994
v -3.654920 7.422295 -89.092728
v -3.654927 1.647301 -89.092728
v -2.584978 -0.158382 -89.715271
v -2.959230 0.092636 -88.468979
v -3.766040 -0.757263 -88.468979
v -4.554891 0.190392 -89.092743
v -3.930893 0.744350 -89.092743
v -3.556633 0.493332 -90.339012
v -4.251050 -0.174629 -90.339020
v -3.204594 1.519432 -90.339012
v -3.462205 -1.122280 -89.715256
v -41.780334 -14.288876 -89.092796
v -41.617088 -14.708576 -90.209892
v -41.193264 -15.798206 -89.715309
v -41.356503 -15.378508 -88.469055
v -4.531460 8.935715 -90.339020
v -41.514729 3.263382 -90.231583
v -41.328651 2.857639 -89.092812
vn -0.4080 0.8474 0.3398
vn -0.2042 0.4241 -0.8823
vn -0.0000 0.9405 0.3398
vn -0.0000 0.4707 -0.8823
vn -0.0000 -0.4707 0.8823
vn -0.3328 -0.3328 0.8823
vn 0.6650 0.6650 0.3398
vn 0.3328 0.3328 -0.8823
vn 0.4707 -0.0000 -0.8823
vn 0.9405 -0.0000 0.3398
vn -0.4707 -0.0000 0.8823
vn -0.4272 0.1655 0.8889
vn 0.8673 -0.3541 0.3497
vn 0.8673 -0.3542 0.3497
vn 0.8794 -0.3405 0.3327
vn 0.6919 -0.6297 0.3531
vn 0.6831 -0.6485 0.3358
vn -0.3292 0.3125 0.8911
vn -0.3203 0.3608 0.8759
vn -0.4654 0.1422 0.8736
vn -0.6266 0.7059 -0.3303
vn -0.9037 0.2762 -0.3270
vn -0.6480 0.6737 -0.3553
vn 0.3320 -0.3452 -0.8778
vn 0.4569 -0.1568 -0.8756
vn -0.8856 0.3038 -0.3512
vn 0.4248 -0.1734 -0.8885
vn -0.9405 -0.0000 -0.3398
vn -0.3409 0.8765 -0.3398
vn 0.3364 -0.3062 -0.8906
vn 0.1683 -0.4404 -0.8819
vn -0.3373 0.8640 -0.3739
vn 0.1412 -0.3631 -0.9210
vn 0.3409 -0.8765 0.3398
vn -0.1706 0.4387 0.8823
vn -0.6650 -0.6650 -0.3398
vn -0.0000 -0.9405 -0.3398
vn 0.4039 -0.8389 -0.3649
vn 0.4058 -0.8484 -0.3400
vn 0.2042 -0.4241 0.8823
vn -0.1816 0.3595 -0.9153
vt 0.081097 0.357363
vt 0.081097 0.396881
vt 0.077142 0.397188
vt 0.077142 0.357363
vt 0.073188 0.396392
vt 0.098351 0.342718
vt 0.102337 0.342845
vt 0.102350 0.406700
vt 0.094365 0.343716
vt 0.098414 0.406820
vt 0.086375 0.406599
vt 0.086533 0.343356
vt 0.090449 0.344100
vt 0.090399 0.406334
vt 0.085817 0.410858
vt 0.097773 0.412615
vt 0.101589 0.413421
vt 0.093699 0.412232
vt 0.093463 0.429026
vt 0.097401 0.429529
vt 0.082568 0.426536
vt 0.089744 0.411783
vt 0.086484 0.426189
vt 0.048200 0.293591
vt 0.048698 0.290019
vt 0.052274 0.291047
vt 0.060132 0.292818
vt 0.059353 0.288809
vt 0.063424 0.288371
vt 0.063984 0.292371
vt 0.064323 0.296173
vt 0.052283 0.296905
vt 0.048190 0.296429
vt 0.052201 0.293984
vt 0.056271 0.293588
vt 0.056365 0.296666
vt 0.055620 0.290368
vt 0.089980 0.427227
vt 0.052513 0.415765
vt 0.060418 0.296149
vt 0.056070 0.415848
vt 0.059834 0.416060
vt 0.063775 0.416132
vt 0.048590 0.415830
vt 0.094354 0.406527
vt 0.073318 0.357387
vt 0.069236 0.396041
vt 0.069668 0.357322
vt 0.065272 0.396793
vt 0.065712 0.357277
s 1
usemtl body
f 962/1457/1617 964/1458/1617 961/1459/1617
f 961/1459/1617 963/1460/1617 962/1457/1617
f 963/1460/1618 961/1459/1618 965/1461/1618
f 961/1462/1619 964/1463/1619 967/1464/1619
f 965/1465/1620 961/1462/1620 966/1466/1620
f 967/1464/1619 966/1466/1619 961/1462/1619
f 967/1467/1621 964/1468/1621 968/1469/1621
f 968/1469/1621 969/1470/1621 967/1467/1621
f 970/1471/1622 967/1467/1622 969/1470/1622
f 971/1472/1623 966/1466/1623 967/1464/1623
f 967/1464/1623 970/1473/1623 971/1472/1623
f 966/1466/1624 971/1472/1624 972/1474/1624
f 972/1474/1625 971/1472/1625 973/1475/1625
f 971/1472/1626 970/1473/1626 974/1476/1626
f 974/1476/1626 973/1475/1626 971/1472/1626
f 974/1477/1627 970/1471/1627 975/1478/1627
f 975/1478/1627 976/1479/1627 974/1477/1627
f 978/1480/1628 974/1481/1628 976/1482/1628
f 977/1483/1629 973/1484/1630 974/1485/1629
f 974/1485/1629 978/1486/1631 977/1483/1629
f 977/1483/1632 978/1486/1633 979/1487/1632
f 980/1488/1634 979/1489/1634 978/1480/1634
f 978/1480/1635 981/1490/1635 980/1488/1635
f 976/1482/1636 981/1490/1636 978/1480/1636
f 980/1488/1637 981/1490/1637 982/1491/1637
f 982/1491/1638 981/1490/1638 976/1482/1638
f 982/1491/1639 983/1492/1639 980/1488/1639
f 983/1492/1640 982/1491/1640 977/1483/1640
f 977/1483/1641 982/1491/1641 984/1493/1641
f 976/1482/1642 984/1493/1642 982/1491/1642
f 984/1493/1643 973/1484/1643 977/1483/1643
f 973/1475/1625 984/1494/1625 972/1474/1625
f 975/1478/1644 972/1474/1644 984/1494/1644
f 984/1494/1644 976/1479/1644 975/1478/1644
f 986/1495/1645 980/1488/1645 983/1492/1645
f 977/1483/1646 985/1496/1646 983/1492/1646
f 987/1497/1647 983/1492/1647 985/1496/1647
f 983/1492/1648 987/1497/1648 986/1495/1648
f 985/1496/1649 988/1498/1649 987/1497/1649
f 979/1487/1650 989/1499/1650 988/1498/1650
f 988/1498/1650 985/1496/1650 979/1487/1650
f 980/1488/1651 986/1495/1651 989/1500/1651
f 989/1500/1651 979/1489/1651 980/1488/1651
f 979/1487/1632 985/1496/1632 977/1483/1632
f 972/1474/1652 975/1478/1652 969/1470/1652
f 969/1470/1622 975/1478/1622 970/1471/1622
f 966/1466/1624 972/1474/1624 990/1501/1624
f 969/1470/1652 990/1501/1652 972/1474/1652
f 966/1466/1620 990/1501/1620 965/1465/1620
f 968/1469/1653 965/1465/1653 990/1501/1653
f 990/1501/1653 969/1470/1653 968/1469/1653
f 991/1502/1654 965/1461/1655 968/1503/1654
f 968/1503/1654 992/1504/1654 991/1502/1654
f 992/1504/1656 968/1503/1656 964/1505/1656
f 964/1505/1656 962/1506/1656 992/1504/1656
f 965/1461/1657 991/1502/1657 963/1460/1657
o gaz2975_nomg_body.313
v -30.852825 28.653469 -85.961769
v -5.676834 27.139538 -85.961449
v -25.450220 27.139530 -85.961594
v -26.431257 26.941814 -85.961594
v -27.129091 26.352772 -85.961578
v -27.394802 25.378559 -85.961578
v -27.394798 20.273449 -85.961517
v -27.129005 19.299229 -85.961487
v -30.852821 -12.115643 -85.960907
v -29.613247 30.790791 -85.961906
v -30.488930 29.915104 -85.961830
v -30.488918 29.915073 -87.412117
v -30.852814 28.653439 -87.412025
v -31.375849 30.438457 -87.412117
v -31.850040 28.794392 -87.412041
v -30.852804 -12.115673 -87.411179
v -30.482779 -13.481880 -85.960907
v -30.482767 -13.481907 -87.411179
v -31.850033 -12.248333 -87.411179
v -31.375841 -13.999136 -87.411163
v -31.850037 28.794392 -88.267433
v -31.850037 -12.248333 -88.266571
v -27.129002 19.299221 -88.267197
v -26.430933 18.710190 -88.267181
v -25.449564 18.512470 -88.267166
v -5.676179 18.512478 -88.267029
v -4.695145 18.710190 -88.266998
v 0.024496 -15.699436 -88.266579
v -30.130444 -15.244532 -88.266586
v -31.375839 -13.999136 -88.266571
v -30.130445 -15.244535 -87.411179
v -29.613216 -14.351452 -87.411179
v -28.247318 -14.721401 -87.411194
v -28.379644 -15.718727 -87.411179
v 0.024496 -15.699436 -87.411186
v -28.379642 -15.718727 -88.266571
v -0.972749 -14.702875 -87.411201
v -0.972761 -14.702845 -85.960945
v -0.972915 31.159916 -87.411552
v -0.972928 31.159939 -85.961273
v -4.695469 26.941822 -85.961426
v -3.997401 26.352779 -85.961411
v -3.731600 25.378567 -85.961411
v -28.247025 31.160824 -85.961845
v -28.247007 31.160801 -87.412132
v -29.613228 30.790760 -87.412170
v -28.379652 32.158039 -87.412148
v 0.024325 32.157124 -87.411568
v 0.024325 32.157124 -88.266968
v -5.676833 27.139538 -88.267174
v -30.130457 31.683842 -88.267586
v -4.695472 26.941822 -88.267143
v -3.997397 26.352779 -88.267128
v -3.731600 25.378567 -88.267113
v -28.379650 32.158039 -88.267525
v -30.130461 31.683842 -87.412186
v -3.731600 20.273457 -88.267044
v -3.997308 19.299229 -88.267029
v -3.731600 20.273457 -85.961334
v -4.003296 19.294178 -85.961334
v -4.703174 18.708572 -85.961334
v -5.676179 18.512478 -85.961334
v -28.247332 -14.721375 -85.960907
v -29.613234 -14.351429 -85.960907
v -25.449560 18.512470 -85.961456
v -26.430933 18.710190 -85.961487
v -31.375847 30.438457 -88.267509
v -25.450218 27.139530 -88.267303
v -26.431255 26.941814 -88.267303
v -27.129089 26.352764 -88.267303
v -27.394796 25.378559 -88.267288
v -27.394800 20.273449 -88.267212
vn -0.0000 -0.0000 1.0000
vn -0.0000 0.0001 1.0000
vn -1.0000 -0.0000 -0.0000
vn 0.0001 -0.0000 1.0000
vn -0.9608 0.2771 -0.0000
vn -0.8185 0.5746 -0.0000
vn -0.9044 0.4267 -0.0000
vn -0.9652 -0.2614 -0.0000
vn -0.8272 -0.5618 -0.0000
vn -0.9129 -0.4081 -0.0000
vn -0.9078 -0.4195 -0.0000
vn -0.0000 -0.0000 -1.0000
vn -0.8196 -0.5729 -0.0000
vn -0.4195 -0.9078 -0.0000
vn -0.5729 -0.8196 -0.0000
vn -0.2614 -0.9652 -0.0000
vn 0.0007 -1.0000 -0.0000
vn -0.0062 -1.0000 -0.0000
vn 1.0000 -0.0000 -0.0000
vn -0.0001 -0.0000 1.0000
vn -0.0068 1.0000 -0.0000
vn -0.0000 1.0000 -0.0000
vn -0.4088 0.9126 -0.0000
vn -0.0248 0.9997 -0.0000
vn -0.5626 0.8267 -0.0000
vn -0.2614 0.9652 -0.0000
vn -0.5729 0.8196 -0.0000
vn -0.4195 0.9078 -0.0000
vn -0.8127 0.5827 -0.0000
vn -0.8998 -0.4362 -0.0000
vn -0.7916 -0.6111 -0.0000
vn -0.9972 -0.0751 -0.0000
vn -0.9997 -0.0240 -0.0000
vn -0.9997 0.0239 -0.0000
vn -0.9971 0.0759 -0.0003
vn -0.9642 0.2652 -0.0009
vn -0.9636 0.2673 -0.0019
vn -0.4997 0.8662 -0.0002
vn -0.3463 0.9381 -0.0008
vn -0.6439 0.7651 -0.0006
vn -0.6450 0.7642 -0.0000
vn -0.1976 0.9803 -0.0000
vn -0.0242 -0.9997 0.0001
vn -0.5619 -0.8272 -0.0000
vn -0.4082 -0.9129 -0.0000
vn 0.3471 0.9378 -0.0000
vn 0.5009 0.8655 -0.0000
vn 0.1975 0.9803 -0.0000
vn 0.7916 0.6111 -0.0000
vn 0.8998 0.4363 -0.0000
vn -0.6449 -0.7643 -0.0000
vn -0.1975 -0.9803 -0.0000
vn -0.9001 0.4356 -0.0000
vn -0.0000 -0.0001 -1.0000
vn -0.0000 -1.0000 -0.0000
vn 0.1976 -0.9803 -0.0000
vn 0.7917 -0.6110 -0.0000
vn 0.8999 -0.4361 -0.0000
vn 0.6450 -0.7642 -0.0000
vn 0.9972 -0.0751 -0.0000
vn 0.9997 -0.0239 -0.0000
vn 0.9997 0.0240 -0.0000
vn 0.9972 0.0751 -0.0000
vt 0.588467 0.711609
vt 0.585612 0.706685
vt 0.643610 0.703197
vt 0.598058 0.703197
vt 0.595798 0.702742
vt 0.594191 0.701385
vt 0.593578 0.699141
vt 0.593578 0.687380
vt 0.594191 0.685136
vt 0.585612 0.612766
vt 0.582270 0.706684
vt 0.586450 0.709592
vt 0.582476 0.712457
vt 0.585502 0.712459
vt 0.585500 0.715800
vt 0.582475 0.715797
vt 0.224974 0.115690
vt 0.224974 0.119436
vt 0.222128 0.120170
vt 0.222128 0.115288
vt 0.582271 0.612765
vt 0.579974 0.707009
vt 0.582260 0.603414
vt 0.585522 0.603417
vt 0.585519 0.606759
vt 0.582258 0.606755
vt 0.208399 0.133213
vt 0.208399 0.137251
vt 0.205553 0.137630
vt 0.579974 0.612460
vt 0.577990 0.707009
vt 0.205553 0.132454
vt 0.224568 0.108633
vt 0.224567 0.113808
vt 0.222126 0.113808
vt 0.578016 0.612459
vt 0.689405 0.516293
vt 0.687450 0.514644
vt 0.702622 0.427972
vt 0.702622 0.542876
vt 0.684703 0.514091
vt 0.629345 0.514091
vt 0.626598 0.514644
vt 0.613385 0.418310
vt 0.697807 0.419584
vt 0.701294 0.423070
vt 0.222127 0.108633
vt 0.222127 0.103608
vt 0.224568 0.103608
vt 0.213452 0.131349
vt 0.218478 0.131349
vt 0.217719 0.134194
vt 0.591617 0.603421
vt 0.588356 0.603419
vt 0.587745 0.601121
vt 0.591312 0.601124
vt 0.224568 0.098433
vt 0.656746 0.601168
vt 0.654449 0.603464
vt 0.591314 0.599154
vt 0.222127 0.098433
vt 0.654446 0.606805
vt 0.654446 0.712459
vt 0.657787 0.606805
vt 0.657787 0.712459
vt 0.660085 0.604509
vt 0.591615 0.712461
vt 0.645871 0.702742
vt 0.647479 0.701385
vt 0.648091 0.699141
vt 0.654446 0.715800
vt 0.588355 0.712461
vt 0.591615 0.715803
vt 0.588354 0.715803
vt 0.591309 0.718100
vt 0.656744 0.718098
vt 0.656744 0.720068
vt 0.662055 0.604509
vt 0.662055 0.714757
vt 0.660085 0.714757
vt 0.626599 0.537690
vt 0.629347 0.538243
vt 0.613385 0.552290
vt 0.697807 0.550965
vt 0.692906 0.552293
vt 0.624645 0.536041
vt 0.623900 0.533313
vt 0.591310 0.720071
vt 0.130722 0.073145
vt 0.132144 0.068168
vt 0.134491 0.068839
vt 0.133070 0.073815
vt 0.587741 0.718100
vt 0.222808 0.067361
vt 0.222808 0.070895
vt 0.219962 0.071653
vt 0.219962 0.066628
vt 0.135871 0.064007
vt 0.771162 0.353019
vt 0.771159 0.359597
vt 0.768274 0.359593
vt 0.623900 0.519021
vt 0.768282 0.353014
vt 0.753707 0.359568
vt 0.624644 0.516293
vt 0.753714 0.352990
vt 0.750829 0.359565
vt 0.648091 0.687380
vt 0.647465 0.685124
vt 0.750808 0.352987
vt 0.645853 0.683775
vt 0.748224 0.359564
vt 0.748200 0.352986
vt 0.586464 0.609618
vt 0.591614 0.606763
vt 0.643611 0.683324
vt 0.745366 0.359561
vt 0.745366 0.352983
vt 0.588467 0.607615
vt 0.588353 0.606761
vt 0.598060 0.683324
vt 0.684703 0.520546
vt 0.629345 0.520545
vt 0.595799 0.683779
vt 0.408989 0.218404
vt 0.402410 0.218404
vt 0.402413 0.215546
vt 0.408991 0.215546
vt 0.408987 0.221012
vt 0.402408 0.221010
vt 0.773767 0.353021
vt 0.773767 0.359599
vt 0.776624 0.353022
vt 0.776624 0.359601
vt 0.701294 0.547479
vt 0.133524 0.063337
vt 0.134865 0.058643
vt 0.137212 0.059313
vt 0.684705 0.538243
vt 0.684704 0.531788
vt 0.629346 0.531788
vt 0.687451 0.537690
vt 0.217974 0.093667
vt 0.224552 0.093667
vt 0.224552 0.096523
vt 0.217973 0.096523
vt 0.689405 0.536041
vt 0.402384 0.241340
vt 0.408963 0.241342
vt 0.408962 0.243947
vt 0.402384 0.243947
vt 0.690149 0.533313
vt 0.402387 0.238456
vt 0.408965 0.238463
vt 0.690149 0.519021
vt 0.402405 0.223890
vt 0.408983 0.223896
vt 0.656748 0.599198
vt 0.692906 0.418256
vt 0.214210 0.134194
s 1
usemtl body
f 1002/1507/1658 993/1508/1658 994/1509/1658
f 993/1508/1658 995/1510/1659 994/1509/1658
f 993/1508/1658 996/1511/1659 995/1510/1659
f 997/1512/1658 996/1511/1659 993/1508/1658
f 998/1513/1658 997/1512/1658 993/1508/1658
f 999/1514/1658 998/1513/1658 993/1508/1658
f 1000/1515/1658 999/1514/1658 993/1508/1658
f 1000/1515/1658 993/1508/1658 1001/1516/1658
f 1001/1516/1660 993/1508/1660 1005/1517/1660
f 1002/1507/1658 1003/1518/1661 993/1508/1658
f 993/1519/1662 1003/1520/1663 1004/1521/1664
f 1004/1521/1664 1005/1522/1662 993/1519/1662
f 1005/1523/1658 1004/1524/1659 1006/1525/1658
f 1006/1525/1658 1007/1526/1658 1005/1523/1658
f 1008/1527/1658 1005/1517/1658 1007/1528/1658
f 1005/1517/1660 1008/1527/1660 1001/1516/1660
f 1008/1529/1665 1010/1530/1666 1009/1531/1667
f 1009/1531/1667 1001/1532/1665 1008/1529/1665
f 1010/1533/1658 1008/1534/1658 1011/1535/1658
f 1007/1528/1658 1011/1536/1658 1008/1527/1658
f 1011/1536/1660 1007/1528/1660 1013/1537/1660
f 1011/1535/1658 1012/1538/1658 1010/1533/1658
f 1012/1539/1668 1011/1540/1665 1014/1541/1665
f 1013/1537/1660 1014/1542/1660 1011/1536/1660
f 1015/1543/1669 1016/1544/1669 1014/1545/1669
f 1015/1543/1669 1014/1545/1669 1013/1546/1669
f 1016/1544/1669 1017/1547/1669 1014/1545/1669
f 1017/1547/1669 1018/1548/1669 1014/1545/1669
f 1018/1548/1669 1019/1549/1669 1014/1545/1669
f 1019/1549/1669 1020/1550/1669 1014/1545/1669
f 1020/1550/1669 1021/1551/1669 1014/1545/1669
f 1021/1551/1669 1022/1552/1669 1014/1545/1669
f 1014/1541/1665 1022/1553/1670 1012/1539/1668
f 1022/1553/1670 1021/1554/1671 1023/1555/1672
f 1023/1555/1672 1012/1539/1668 1022/1553/1670
f 1012/1556/1658 1023/1557/1658 1024/1558/1658
f 1025/1559/1658 1024/1560/1658 1023/1561/1658
f 1023/1561/1658 1026/1562/1658 1025/1559/1658
f 1026/1563/1673 1023/1555/1672 1021/1554/1671
f 1026/1562/1658 1027/1564/1658 1029/1565/1658
f 1027/1564/1674 1026/1562/1674 1028/1566/1674
f 1021/1554/1671 1028/1567/1673 1026/1563/1673
f 1029/1565/1658 1025/1559/1658 1026/1562/1658
f 1025/1559/1675 1029/1565/1674 1030/1568/1674
f 1032/1569/1676 1030/1568/1676 1029/1570/1676
f 1029/1570/1676 1031/1571/1676 1032/1569/1676
f 1031/1571/1658 1029/1570/1658 1027/1572/1658
f 1036/1573/1658 1002/1507/1658 1032/1569/1658
f 1002/1507/1658 994/1509/1658 1032/1569/1658
f 994/1509/1658 1033/1574/1658 1032/1569/1658
f 1033/1574/1658 1034/1575/1658 1032/1569/1658
f 1034/1575/1658 1035/1576/1677 1032/1569/1658
f 1035/1576/1677 1030/1568/1658 1032/1569/1658
f 1036/1573/1678 1032/1569/1679 1031/1577/1679
f 1002/1578/1680 1036/1573/1678 1037/1579/1681
f 1031/1577/1679 1037/1579/1681 1036/1573/1678
f 1037/1579/1681 1038/1580/1682 1002/1578/1680
f 1038/1580/1658 1037/1579/1658 1039/1581/1658
f 1040/1582/1658 1039/1581/1658 1037/1579/1658
f 1037/1579/1658 1031/1577/1658 1040/1582/1658
f 1039/1581/1679 1040/1582/1679 1041/1583/1679
f 1020/1584/1676 1041/1585/1676 1040/1586/1676
f 1040/1586/1676 1027/1572/1676 1020/1584/1676
f 1027/1572/1658 1040/1586/1658 1031/1571/1658
f 1044/1587/1669 1042/1588/1669 1041/1589/1669
f 1042/1588/1669 1043/1590/1669 1041/1589/1669
f 1043/1590/1669 1047/1591/1669 1041/1589/1669
f 1045/1592/1669 1044/1587/1669 1041/1589/1669
f 1046/1593/1669 1045/1592/1669 1041/1589/1669
f 1046/1593/1669 1041/1589/1669 1020/1550/1669
f 1041/1583/1679 1047/1594/1679 1039/1581/1679
f 1047/1595/1683 1043/1596/1684 1048/1597/1685
f 1048/1597/1685 1039/1598/1683 1047/1595/1683
f 1039/1581/1658 1048/1599/1658 1038/1580/1658
f 1004/1600/1659 1038/1601/1658 1048/1602/1658
f 1048/1602/1658 1006/1603/1658 1004/1600/1659
f 1006/1604/1686 1048/1597/1685 1043/1596/1684
f 1034/1605/1687 1045/1606/1688 1046/1607/1689
f 1049/1608/1669 1046/1593/1669 1020/1550/1669
f 1035/1609/1690 1046/1607/1689 1049/1610/1691
f 1046/1607/1689 1035/1609/1690 1034/1605/1687
f 1050/1611/1669 1049/1608/1669 1020/1550/1669
f 1051/1612/1692 1049/1610/1691 1050/1613/1693
f 1049/1610/1691 1051/1612/1692 1035/1609/1690
f 1035/1576/1677 1051/1614/1658 1030/1568/1658
f 1051/1614/1658 1052/1615/1658 1030/1568/1658
f 1050/1613/1693 1052/1616/1694 1051/1612/1692
f 1052/1615/1658 1053/1617/1658 1030/1568/1658
f 1019/1618/1695 1053/1619/1696 1052/1616/1697
f 1052/1616/1697 1050/1613/1698 1019/1618/1695
f 1053/1617/1658 1009/1620/1658 1055/1621/1658
f 1053/1617/1658 1054/1622/1658 1009/1620/1658
f 1018/1623/1699 1054/1624/1699 1053/1619/1696
f 1053/1617/1658 1055/1621/1658 1030/1568/1658
f 1053/1619/1696 1019/1618/1695 1018/1623/1699
f 1030/1568/1674 1055/1621/1700 1025/1559/1675
f 1009/1620/1658 1056/1625/1658 1055/1621/1658
f 1055/1621/1700 1056/1626/1701 1024/1560/1702
f 1024/1560/1702 1025/1559/1675 1055/1621/1700
f 1056/1626/1701 1009/1531/1667 1010/1530/1666
f 1010/1530/1666 1024/1560/1702 1056/1626/1701
f 1054/1622/1658 1001/1516/1658 1009/1620/1658
f 1054/1622/1658 1057/1627/1658 1001/1516/1658
f 1017/1547/1679 1057/1628/1679 1054/1629/1679
f 1054/1629/1679 1018/1548/1679 1017/1547/1679
f 1057/1627/1658 1058/1630/1658 1001/1516/1658
f 1016/1631/1703 1058/1632/1704 1057/1633/1705
f 1057/1633/1705 1017/1634/1705 1016/1631/1703
f 1058/1630/1658 1000/1515/1658 1001/1516/1658
f 1015/1635/1706 1000/1636/1707 1058/1632/1704
f 1058/1632/1704 1016/1631/1703 1015/1635/1706
f 1019/1549/1669 1050/1611/1669 1020/1550/1669
f 1033/1637/1708 1044/1638/1708 1045/1606/1688
f 1045/1606/1688 1034/1605/1687 1033/1637/1708
f 994/1639/1709 1042/1640/1709 1044/1638/1709
f 1044/1638/1709 1033/1637/1709 994/1639/1709
f 1042/1588/1669 1013/1546/1669 1043/1590/1669
f 1013/1546/1669 1059/1641/1669 1043/1590/1669
f 1043/1596/1684 1059/1642/1710 1006/1604/1686
f 1059/1642/1710 1013/1643/1662 1007/1644/1662
f 1007/1644/1662 1006/1604/1686 1059/1642/1710
f 1042/1588/1669 1060/1645/1711 1013/1546/1669
f 995/1646/1712 1060/1645/1712 1042/1588/1712
f 1042/1588/1712 994/1647/1712 995/1646/1712
f 1060/1645/1711 1061/1648/1669 1013/1546/1669
f 996/1649/1713 1061/1650/1713 1060/1651/1713
f 1060/1651/1713 995/1652/1713 996/1649/1713
f 1013/1546/1669 1061/1648/1669 1062/1653/1669
f 997/1654/1714 1062/1655/1715 1061/1656/1716
f 1061/1656/1716 996/1657/1716 997/1654/1714
f 1013/1546/1669 1062/1653/1669 1063/1658/1669
f 998/1659/1717 1063/1660/1718 1062/1655/1715
f 1062/1655/1715 997/1654/1714 998/1659/1717
f 1013/1546/1669 1063/1658/1669 1064/1661/1669
f 999/1662/1719 1064/1663/1720 1063/1660/1718
f 1063/1660/1718 998/1659/1717 999/1662/1719
f 1015/1543/1669 1013/1546/1669 1064/1661/1669
f 1000/1636/1707 1015/1635/1706 1064/1663/1720
f 1064/1663/1720 999/1662/1719 1000/1636/1707
f 1038/1580/1682 1004/1521/1664 1003/1520/1663
f 1003/1520/1663 1002/1578/1680 1038/1580/1682
f 1028/1566/1674 1020/1664/1674 1027/1564/1674
f 1020/1550/1669 1028/1665/1711 1021/1551/1669
f 1024/1558/1658 1010/1666/1658 1012/1556/1658
o gaz2975_nomg_body.317
v -7.397228 13.888004 -83.852959
v -5.236222 14.576015 -84.767120
v -4.975803 13.915775 -84.131294
v -7.426878 13.226208 -84.515396
v -7.432222 14.550034 -84.515579
v -22.918421 13.226204 -84.515411
v -22.948069 13.888000 -83.852943
v -25.109077 14.576012 -84.767128
v -22.913074 14.550030 -84.515579
v -25.369492 13.915771 -84.131287
v -25.938940 14.570747 -85.406227
v -25.113472 13.252178 -84.768600
v -26.542601 13.908337 -85.034737
v -25.922102 13.247051 -85.391342
v -26.715164 13.880978 -86.114342
v -26.071297 14.549767 -86.234215
v -25.408102 13.895252 -86.323624
v -25.318447 13.909466 -85.762848
v -26.051970 13.226463 -86.203766
v -24.853056 13.912415 -85.404442
v -22.883427 13.888237 -85.178032
v -7.461873 13.888241 -85.178032
v -5.231827 13.252182 -84.768593
v -5.492244 13.912418 -85.404434
v -5.026853 13.909470 -85.762840
v -4.423193 13.247055 -85.391335
v -3.802700 13.908340 -85.034729
v -3.630131 13.880981 -86.114349
v -4.293329 13.226467 -86.203773
v -4.937199 13.895256 -86.323616
v -4.406355 14.570751 -85.406219
v -4.274003 14.549770 -86.234207
vn 0.0728 0.7066 0.7039
vn 0.0722 0.7075 0.7030
vn 0.1142 -0.0000 0.9935
vn 0.0888 -0.7066 0.7020
vn -0.0000 -0.9486 0.3164
vn -0.0000 -0.9491 -0.3150
vn -0.0000 -0.3154 0.9489
vn -0.0000 0.3155 0.9489
vn -0.0000 0.9485 0.3167
vn -0.0728 0.7066 0.7039
vn -0.1142 -0.0000 0.9935
vn -0.0722 0.7075 0.7030
vn -0.0727 0.7067 0.7038
vn -0.0000 0.9491 -0.3149
vn -0.0888 -0.7067 0.7020
vn -0.4338 0.7079 0.5574
vn -0.6102 0.0013 0.7923
vn -0.6102 0.0010 0.7923
vn -0.0892 -0.7076 0.7010
vn -0.0888 -0.7067 0.7019
vn -0.4291 -0.7063 0.5630
vn -0.6878 -0.7145 0.1281
vn -0.6879 -0.7145 0.1281
vn -0.7085 0.6992 0.0955
vn 0.6878 0.7145 -0.1281
vn 0.6879 0.7145 -0.1281
vn 0.7085 -0.6992 -0.0955
vn 0.4291 0.7063 -0.5630
vn 0.4338 -0.7079 -0.5574
vn 0.0724 -0.7068 -0.7037
vn 0.0723 -0.7065 -0.7040
vn 0.0726 -0.7072 -0.7033
vn 0.0892 0.7069 -0.7017
vn 0.0894 0.7066 -0.7019
vn 0.0888 0.7073 -0.7013
vn 0.0887 0.7075 -0.7011
vn 0.0727 -0.7075 -0.7030
vn -0.0000 -0.7074 -0.7068
vn -0.0000 0.7075 -0.7068
vn -0.0000 0.7075 -0.7067
vn -0.0724 -0.7068 -0.7037
vn -0.0727 -0.7075 -0.7030
vn -0.0726 -0.7072 -0.7033
vn -0.0723 -0.7065 -0.7040
vn -0.0888 0.7073 -0.7013
vn -0.0894 0.7066 -0.7019
vn -0.0892 0.7069 -0.7017
vn -0.4338 -0.7079 -0.5574
vn -0.0887 0.7075 -0.7011
vn -0.4291 0.7063 -0.5630
vn 0.4291 -0.7063 0.5630
vn 0.6878 -0.7145 0.1281
vn -0.7085 -0.6992 -0.0955
vn 0.6879 -0.7145 0.1281
vn -0.6878 0.7145 -0.1281
vn -0.6879 0.7145 -0.1281
vn 0.7085 0.6992 0.0955
vn 0.4338 0.7079 0.5574
vn 0.6102 0.0010 0.7923
vn 0.6102 0.0013 0.7923
vn 0.0892 -0.7076 0.7010
vt 0.299998 0.992995
vt 0.305071 0.992772
vt 0.305149 0.994987
vt 0.300022 0.994980
vt 0.305067 0.997196
vt 0.340589 0.997196
vt 0.340508 0.994987
vt 0.345658 0.992995
vt 0.345634 0.994980
vt 0.340584 0.992772
vt 0.348112 0.992981
vt 0.348464 0.994982
vt 0.345666 0.996972
vt 0.348085 0.996995
vt 0.350622 0.995002
vt 0.349937 0.992359
vt 0.348800 0.990301
vt 0.347471 0.990865
vt 0.349888 0.997621
vt 0.348764 0.999668
vt 0.347445 0.999111
vt 0.345676 0.990886
vt 0.345678 0.999084
vt 0.340697 0.999354
vt 0.340689 0.990610
vt 0.304967 0.990610
vt 0.304960 0.999354
vt 0.299991 0.996972
vt 0.299979 0.999085
vt 0.299980 0.990887
vt 0.297572 0.996995
vt 0.298185 0.990865
vt 0.298212 0.999111
vt 0.297192 0.994983
vt 0.295035 0.995003
vt 0.295769 0.997621
vt 0.296893 0.999669
vt 0.297545 0.992981
vt 0.295719 0.992359
vt 0.296856 0.990302
s 1
usemtl body
f 1066/1667/1721 1069/1668/1722 1065/1669/1722
f 1065/1669/1723 1067/1670/1723 1066/1667/1721
f 1067/1670/1723 1065/1669/1723 1068/1671/1724
f 1070/1672/1725 1068/1671/1726 1065/1669/1727
f 1071/1673/1728 1065/1669/1727 1069/1668/1729
f 1065/1669/1727 1071/1673/1728 1070/1672/1725
f 1072/1674/1730 1074/1675/1731 1071/1673/1731
f 1071/1673/1732 1073/1676/1732 1072/1674/1733
f 1069/1668/1729 1073/1676/1734 1071/1673/1728
f 1070/1672/1735 1071/1673/1731 1074/1675/1731
f 1075/1677/1736 1077/1678/1737 1074/1675/1738
f 1074/1675/1736 1072/1674/1736 1075/1677/1736
f 1074/1675/1739 1076/1679/1739 1070/1672/1740
f 1076/1679/1741 1074/1675/1738 1077/1678/1737
f 1077/1678/1741 1078/1680/1741 1076/1679/1741
f 1078/1680/1742 1077/1678/1743 1079/1681/1742
f 1080/1682/1744 1079/1681/1744 1077/1678/1744
f 1077/1678/1744 1075/1677/1744 1080/1682/1744
f 1081/1683/1745 1080/1682/1746 1075/1677/1745
f 1075/1677/1745 1082/1684/1745 1081/1683/1745
f 1083/1685/1747 1081/1686/1747 1082/1687/1747
f 1079/1681/1742 1083/1685/1742 1078/1680/1742
f 1082/1687/1747 1078/1680/1747 1083/1685/1747
f 1072/1674/1748 1084/1688/1748 1082/1684/1748
f 1082/1684/1748 1075/1677/1748 1072/1674/1748
f 1078/1680/1749 1082/1687/1749 1084/1689/1749
f 1084/1689/1749 1076/1679/1749 1078/1680/1749
f 1076/1679/1750 1084/1689/1751 1085/1690/1752
f 1073/1676/1753 1085/1691/1754 1084/1688/1755
f 1084/1688/1755 1072/1674/1756 1073/1676/1753
f 1085/1690/1752 1070/1672/1757 1076/1679/1750
f 1068/1671/1726 1070/1672/1725 1085/1690/1758
f 1086/1692/1759 1085/1691/1760 1073/1676/1734
f 1085/1690/1758 1086/1693/1758 1068/1671/1726
f 1087/1694/1761 1068/1671/1762 1086/1693/1763
f 1086/1693/1763 1088/1695/1764 1087/1694/1761
f 1088/1696/1765 1086/1692/1766 1069/1668/1767
f 1073/1676/1734 1069/1668/1729 1086/1692/1759
f 1090/1697/1768 1087/1694/1768 1088/1695/1768
f 1069/1668/1767 1066/1667/1769 1088/1696/1765
f 1089/1698/1770 1088/1696/1770 1066/1667/1770
f 1088/1695/1768 1089/1699/1768 1090/1697/1768
f 1087/1694/1771 1090/1697/1771 1091/1700/1771
f 1092/1701/1772 1091/1700/1772 1090/1697/1772
f 1093/1702/1773 1090/1697/1773 1089/1699/1773
f 1090/1697/1774 1093/1702/1774 1092/1701/1774
f 1089/1699/1773 1094/1703/1773 1093/1702/1773
f 1095/1704/1775 1096/1705/1775 1094/1706/1775
f 1094/1706/1776 1089/1698/1776 1095/1704/1776
f 1091/1700/1777 1092/1701/1777 1096/1705/1777
f 1096/1705/1777 1095/1704/1777 1091/1700/1777
f 1095/1704/1778 1066/1667/1778 1067/1670/1778
f 1067/1670/1779 1091/1700/1780 1095/1704/1778
f 1066/1667/1770 1095/1704/1770 1089/1698/1770
f 1091/1700/1780 1067/1670/1779 1087/1694/1771
f 1068/1671/1724 1087/1694/1781 1067/1670/1781
o gaz2975_nomg_body.324
v 7.449348 13.226200 -84.515411
v 22.905901 13.888237 -85.178032
v 7.484343 13.888233 -85.178032
v 22.940893 13.226204 -84.515411
v 7.419701 13.887997 -83.852943
v 5.254297 13.252178 -84.768593
v 4.998275 13.915775 -84.131279
v 4.428829 14.570747 -85.406219
v 5.258694 14.576012 -84.767120
v 3.825171 13.908337 -85.034729
v 4.445665 13.247047 -85.391335
v 3.652603 13.880978 -86.114334
v 4.296475 14.549767 -86.234207
v 4.959671 13.895248 -86.323631
v 5.049324 13.909462 -85.762825
v 4.315801 13.226463 -86.203758
v 5.514715 13.912418 -85.404434
v 7.454692 14.550030 -84.515579
v 22.970541 13.888000 -83.852959
v 22.935549 14.550030 -84.515579
v 25.131544 14.576012 -84.767113
v 24.875519 13.912415 -85.404427
v 25.135937 13.252178 -84.768585
v 25.340916 13.909466 -85.762817
v 25.944580 13.247051 -85.391327
v 26.565067 13.908333 -85.034721
v 26.737635 13.880978 -86.114326
v 26.074444 13.226463 -86.203766
v 25.430569 13.895252 -86.323624
v 26.093763 14.549767 -86.234200
v 25.961414 14.570747 -85.406212
v 25.391966 13.915771 -84.131271
vn -0.0000 -0.7074 -0.7068
vn -0.0000 -0.9486 0.3163
vn -0.0000 -0.9491 -0.3150
vn 0.0726 -0.7072 -0.7033
vn 0.0727 -0.7075 -0.7030
vn 0.0724 -0.7068 -0.7037
vn -0.0000 -0.3155 0.9489
vn -0.0892 -0.7076 0.7009
vn -0.1142 -0.0001 0.9935
vn -0.1142 -0.0000 0.9935
vn -0.0892 -0.7076 0.7010
vn -0.4338 0.7079 0.5574
vn -0.6102 0.0014 0.7923
vn -0.6102 0.0010 0.7923
vn -0.0728 0.7066 0.7039
vn -0.4291 -0.7063 0.5630
vn -0.6878 -0.7145 0.1281
vn -0.7085 0.6992 0.0955
vn 0.6878 0.7145 -0.1281
vn 0.6879 0.7145 -0.1281
vn 0.7085 -0.6992 -0.0955
vn -0.6879 -0.7145 0.1281
vn 0.4291 0.7063 -0.5630
vn 0.4338 -0.7079 -0.5574
vn 0.0723 -0.7065 -0.7040
vn 0.0892 0.7069 -0.7017
vn 0.0894 0.7066 -0.7019
vn 0.0888 0.7073 -0.7013
vn 0.0887 0.7075 -0.7011
vn -0.0000 0.3155 0.9489
vn -0.0000 0.9491 -0.3149
vn -0.0000 0.9485 0.3168
vn -0.0722 0.7075 0.7030
vn -0.0727 0.7067 0.7038
vn -0.0000 0.7075 -0.7068
vn 0.0728 0.7065 0.7039
vn 0.0722 0.7075 0.7030
vn -0.0888 0.7073 -0.7013
vn -0.0894 0.7066 -0.7019
vn -0.0885 0.7078 -0.7009
vn -0.0887 0.7075 -0.7011
vn -0.0726 -0.7072 -0.7033
vn -0.0723 -0.7065 -0.7040
vn -0.0724 -0.7068 -0.7037
vn -0.4338 -0.7079 -0.5574
vn -0.4291 0.7063 -0.5630
vn -0.4337 -0.7079 -0.5574
vn 0.4291 -0.7063 0.5630
vn 0.6879 -0.7145 0.1281
vn -0.7085 -0.6992 -0.0955
vn 0.6878 -0.7145 0.1281
vn 0.7085 0.6992 0.0955
vn 0.0032 1.0000 -0.0041
vn 0.0034 1.0000 -0.0038
vn 0.4338 0.7079 0.5574
vn 0.6101 0.0010 0.7923
vn 0.6102 0.0014 0.7923
vn 0.1142 -0.0001 0.9935
vn 0.0892 -0.7076 0.7009
vn 0.0728 0.7066 0.7039
vn -0.0727 -0.7075 -0.7030
vt 0.310584 0.981282
vt 0.310683 0.983399
vt 0.345532 0.983516
vt 0.345645 0.981399
vt 0.350512 0.983750
vt 0.345446 0.985683
vt 0.350475 0.985704
vt 0.352900 0.987672
vt 0.353252 0.985710
vt 0.350493 0.987652
vt 0.352885 0.983734
vt 0.355369 0.985696
vt 0.354690 0.988288
vt 0.353568 0.990304
vt 0.352266 0.989747
vt 0.354656 0.983125
vt 0.353559 0.981113
vt 0.352264 0.981657
vt 0.350505 0.989721
vt 0.350530 0.981678
vt 0.345514 0.987856
vt 0.345611 0.989978
vt 0.310755 0.985567
vt 0.310672 0.987740
vt 0.305695 0.987504
vt 0.310563 0.989861
vt 0.305670 0.989572
vt 0.305696 0.981529
vt 0.305701 0.983602
vt 0.303328 0.983571
vt 0.303909 0.989587
vt 0.303963 0.981497
vt 0.302949 0.985544
vt 0.300832 0.985517
vt 0.301561 0.982951
vt 0.302671 0.980945
vt 0.301494 0.988113
vt 0.303288 0.987509
vt 0.305725 0.985556
s 1
usemtl body
f 1098/1707/1782 1100/1708/1783 1097/1709/1784
f 1097/1709/1784 1099/1710/1782 1098/1707/1782
f 1099/1710/1785 1097/1709/1786 1102/1711/1787
f 1101/1712/1788 1097/1709/1784 1100/1708/1783
f 1097/1709/1789 1101/1712/1790 1103/1713/1791
f 1103/1713/1792 1102/1711/1792 1097/1709/1792
f 1104/1714/1793 1106/1715/1794 1103/1713/1795
f 1103/1713/1793 1105/1716/1793 1104/1714/1793
f 1105/1716/1796 1103/1713/1791 1101/1712/1790
f 1102/1711/1797 1103/1713/1795 1106/1715/1794
f 1106/1715/1797 1107/1717/1797 1102/1711/1797
f 1107/1717/1798 1106/1715/1798 1108/1718/1798
f 1109/1719/1799 1108/1718/1799 1106/1715/1799
f 1106/1715/1799 1104/1714/1799 1109/1719/1799
f 1110/1720/1800 1109/1719/1801 1104/1714/1800
f 1104/1714/1800 1111/1721/1800 1110/1720/1800
f 1112/1722/1802 1110/1723/1802 1111/1724/1802
f 1108/1718/1798 1112/1722/1803 1107/1717/1798
f 1111/1724/1802 1107/1717/1802 1112/1722/1802
f 1105/1716/1804 1113/1725/1804 1111/1721/1804
f 1111/1721/1804 1104/1714/1804 1105/1716/1804
f 1107/1717/1805 1111/1724/1805 1113/1726/1805
f 1113/1726/1805 1102/1711/1805 1107/1717/1805
f 1102/1711/1787 1113/1726/1806 1099/1710/1785
f 1114/1727/1807 1099/1728/1808 1113/1725/1809
f 1113/1725/1809 1105/1716/1810 1114/1727/1807
f 1115/1729/1811 1116/1730/1812 1114/1727/1813
f 1114/1727/1813 1101/1712/1788 1115/1729/1811
f 1101/1712/1814 1114/1727/1814 1105/1716/1815
f 1099/1728/1816 1114/1727/1813 1116/1730/1812
f 1117/1731/1817 1116/1730/1818 1115/1729/1818
f 1116/1730/1812 1098/1732/1816 1099/1728/1816
f 1118/1733/1819 1098/1732/1820 1116/1730/1821
f 1116/1730/1821 1117/1731/1822 1118/1733/1819
f 1098/1707/1823 1118/1734/1824 1119/1735/1825
f 1121/1736/1826 1119/1735/1826 1118/1734/1826
f 1120/1737/1827 1118/1733/1827 1117/1731/1827
f 1118/1734/1826 1120/1738/1828 1121/1736/1826
f 1119/1735/1829 1121/1736/1829 1122/1739/1829
f 1123/1740/1830 1122/1739/1830 1121/1736/1830
f 1124/1741/1831 1121/1736/1831 1120/1738/1831
f 1121/1736/1832 1124/1741/1832 1123/1740/1832
f 1120/1738/1831 1125/1742/1831 1124/1741/1831
f 1122/1739/1833 1123/1740/1833 1126/1743/1833
f 1126/1743/1833 1127/1744/1833 1122/1739/1833
f 1127/1744/1834 1117/1731/1835 1128/1745/1836
f 1128/1745/1837 1122/1739/1838 1127/1744/1836
f 1117/1731/1835 1127/1744/1834 1120/1737/1827
f 1128/1745/1839 1115/1729/1839 1100/1708/1840
f 1115/1729/1839 1128/1745/1839 1117/1731/1841
f 1100/1708/1840 1119/1735/1840 1128/1745/1840
f 1122/1739/1838 1128/1745/1837 1119/1735/1829
f 1119/1735/1825 1100/1708/1842 1098/1707/1823
f 1100/1708/1783 1115/1729/1811 1101/1712/1788
o gaz2975_nomg_body.089
v 3.661476 -13.446941 -90.335014
v 4.538015 -13.448614 -89.874527
v 4.363343 -13.446281 -90.640480
v 4.113835 -13.448889 -89.730370
v 3.804563 -13.449615 -89.449471
v 3.147154 -13.448353 -89.798615
v 3.434890 -12.746979 -90.635437
v 4.275098 -12.746128 -91.022141
v 4.361523 -12.048317 -90.637833
v 3.659662 -12.048977 -90.332367
v 3.145348 -12.050385 -89.795914
v 2.817547 -12.748730 -89.971832
v 2.793216 -12.053940 -88.554214
v 2.391762 -12.752789 -88.555580
v 2.795027 -13.451906 -88.556877
v 3.599792 -13.452177 -88.556793
v 3.635827 -13.457811 -86.661461
v 2.831047 -13.457533 -86.661552
v 2.427782 -12.758415 -86.660286
v 2.829208 -12.059574 -86.658867
v 3.597944 -12.054222 -88.554092
v 3.633964 -12.059853 -86.658783
v 4.001260 -12.753353 -88.555374
v 4.037282 -12.758976 -86.660065
v 3.802724 -12.051651 -89.446808
v 4.132323 -12.751270 -89.273590
v 4.111998 -12.050930 -89.727707
v 4.339895 -12.750889 -89.426147
v 4.624428 -12.750793 -89.490211
v 26.733641 -12.066341 -89.861794
v 4.536180 -12.050648 -89.871841
v 26.657681 -12.766422 -89.481659
v 26.735466 -13.464296 -89.864464
v 26.952513 -12.766602 -89.456299
v 27.171581 -12.066807 -89.755226
v 27.167976 -12.767002 -89.343567
v 27.173409 -13.464771 -89.757927
v 27.611994 -13.463148 -90.358276
v 27.493818 -13.465607 -89.516541
v 28.143726 -13.464809 -89.859848
v 27.683685 -13.468523 -88.550629
v 28.488392 -13.468801 -88.550529
v 28.524450 -13.474424 -86.655212
v 27.719673 -13.474146 -86.655334
v 27.280346 -12.769402 -88.549332
v 27.316372 -12.775040 -86.654037
v 27.681856 -12.070564 -88.547966
v 27.491985 -12.067631 -89.513863
v 28.486572 -12.070843 -88.547859
v 27.717831 -12.076187 -86.652649
v 28.522589 -12.076473 -86.652534
v 28.889870 -12.769966 -88.549141
v 28.925886 -12.775593 -86.653816
v 28.467775 -12.765423 -90.030144
v 27.829721 -12.763344 -90.656548
v 28.141890 -12.066841 -89.857162
v 27.610165 -12.065178 -90.355614
v 26.887398 -12.064133 -90.624771
v 26.965166 -12.762009 -91.007614
v 26.889235 -13.462099 -90.627457
vn -0.0004 -1.0000 -0.0030
vn -0.0003 -1.0000 -0.0030
vn -0.3533 -0.4632 -0.8128
vn -0.6507 -0.4568 -0.6066
vn -0.6369 -0.4688 -0.6120
vn -0.6507 -0.4567 -0.6066
vn -0.3663 -0.4805 -0.7968
vn -0.3664 0.4833 -0.7951
vn -0.3535 0.4660 -0.8111
vn -0.6376 0.4703 -0.6101
vn -0.6377 0.4702 -0.6101
vn -0.6377 0.4703 -0.6101
vn -0.6514 0.4581 -0.6048
vn -0.8538 0.4615 -0.2408
vn -0.8539 0.4615 -0.2408
vn -0.8529 -0.4620 -0.2432
vn -0.8392 0.4825 -0.2509
vn -0.8382 -0.4830 -0.2534
vn -0.8661 -0.4996 0.0150
vn -0.8670 0.4980 0.0180
vn -0.8670 0.4980 0.0179
vn 0.0003 1.0000 0.0030
vn 0.0004 1.0000 0.0030
vn 0.8661 0.4997 -0.0150
vn 0.8670 -0.4980 -0.0180
vn 0.8495 0.4897 0.1963
vn 0.8505 -0.4890 0.1937
vn 0.8768 0.4530 0.1613
vn 0.8778 -0.4520 0.1589
vn 0.5205 0.4751 0.7094
vn 0.6008 0.4471 0.6627
vn 0.5210 -0.4772 0.7077
vn 0.6014 -0.4488 0.6610
vn 0.1970 0.4413 0.8755
vn 0.1969 -0.4446 0.8738
vn -0.0003 0.1778 0.9841
vn -0.0005 -0.1822 0.9833
vn 0.0002 0.7368 0.6761
vn 0.0005 0.9388 0.3444
vn 0.2808 0.4864 0.8274
vn 0.1718 0.8445 0.5072
vn 0.1717 0.8447 0.5069
vn -0.0007 -0.4823 0.8760
vn 0.2809 -0.4894 0.8256
vn -0.0748 0.4821 0.8729
vn -0.0007 -0.4810 0.8767
vn -0.0752 -0.4860 0.8707
vn -0.2120 0.4393 0.8730
vn -0.4100 0.4638 0.7853
vn -0.4104 -0.4680 0.7827
vn -0.2123 -0.4434 0.8708
vn -0.0007 -1.0000 -0.0030
vn -0.5435 -0.4317 0.7199
vn -0.8761 -0.4509 0.1708
vn -0.8661 -0.4997 0.0150
vn -0.8598 -0.4963 0.1201
vn -0.8670 0.4981 0.0180
vn -0.8606 0.4942 0.1233
vn -0.8768 0.4485 0.1737
vn 0.8661 0.4996 -0.0150
vn 0.8417 -0.4831 -0.2414
vn 0.8411 0.4856 -0.2382
vn 0.6264 0.4499 -0.6366
vn 0.6050 -0.4640 -0.6470
vn 0.6263 -0.4459 -0.6394
vn 0.6051 -0.4640 -0.6470
vn 0.8611 -0.4545 -0.2281
vn 0.8604 0.4571 -0.2251
vn 0.6052 0.4679 -0.6440
vn 0.3110 0.4570 -0.8333
vn 0.0006 0.0028 -1.0000
vn 0.0009 0.8557 -0.5175
vn 0.0009 0.8535 -0.5210
vn 0.0006 0.0015 -1.0000
vn 0.3303 0.4820 -0.8115
vn -0.0001 -0.7355 -0.6775
vn 0.3299 -0.4779 -0.8142
vn -0.0004 -0.9375 -0.3480
vn 0.3106 -0.4528 -0.8358
vn -0.5432 0.4276 0.7226
vn -0.0007 -1.0000 -0.0029
vt 0.644608 0.578832
vt 0.642356 0.579126
vt 0.642548 0.581150
vt 0.644653 0.580949
vt 0.642744 0.583303
vt 0.640289 0.579591
vt 0.640544 0.581566
vt 0.644702 0.583128
vt 0.644792 0.585320
vt 0.643038 0.585477
vt 0.641343 0.585753
vt 0.640826 0.583663
vt 0.638135 0.586696
vt 0.637052 0.582377
vt 0.637266 0.584615
vt 0.637034 0.580130
vt 0.631524 0.581157
vt 0.631866 0.583511
vt 0.632335 0.586063
vt 0.633251 0.588536
vt 0.639378 0.588636
vt 0.634381 0.590719
vt 0.640423 0.590674
vt 0.635369 0.592744
vt 0.641068 0.592829
vt 0.636224 0.594797
vt 0.642013 0.587734
vt 0.643272 0.592133
vt 0.642705 0.589954
vt 0.643838 0.589751
vt 0.643430 0.587541
vt 0.644132 0.591941
vt 0.645079 0.589651
vt 0.707443 0.589724
vt 0.707588 0.587523
vt 0.644934 0.587454
vt 0.645150 0.591849
vt 0.708671 0.589800
vt 0.707378 0.591916
vt 0.709090 0.587582
vt 0.709759 0.589992
vt 0.708411 0.591994
vt 0.712280 0.579765
vt 0.710287 0.579225
vt 0.710089 0.581219
vt 0.708059 0.578833
vt 0.709192 0.592187
vt 0.712032 0.581698
vt 0.715712 0.580279
vt 0.711573 0.592940
vt 0.715698 0.582538
vt 0.720866 0.583765
vt 0.721179 0.581413
vt 0.712215 0.590792
vt 0.716413 0.594952
vt 0.717244 0.592880
vt 0.713266 0.588789
vt 0.710473 0.587747
vt 0.714550 0.586875
vt 0.718260 0.590867
vt 0.719443 0.588724
vt 0.715467 0.584792
vt 0.720397 0.586292
vt 0.711742 0.583754
vt 0.711184 0.585804
vt 0.709861 0.583367
vt 0.709523 0.585539
vt 0.707746 0.585356
vt 0.707870 0.583122
vt 0.707971 0.580935
s 1
usemtl body
f 1130/1746/1843 1132/1747/1843 1129/1748/1844
f 1129/1748/1844 1131/1749/1843 1130/1746/1843
f 1131/1749/1845 1129/1748/1845 1135/1750/1845
f 1129/1748/1844 1132/1747/1843 1133/1751/1843
f 1133/1751/1843 1134/1752/1844 1129/1748/1844
f 1135/1750/1846 1129/1748/1847 1134/1752/1848
f 1135/1750/1845 1136/1753/1849 1131/1749/1845
f 1137/1754/1850 1136/1753/1850 1135/1750/1850
f 1135/1750/1850 1138/1755/1851 1137/1754/1850
f 1139/1756/1852 1138/1755/1853 1135/1750/1854
f 1135/1750/1854 1140/1757/1855 1139/1756/1852
f 1134/1752/1848 1140/1757/1846 1135/1750/1846
f 1141/1758/1856 1139/1756/1857 1140/1757/1857
f 1140/1757/1858 1134/1752/1858 1143/1759/1858
f 1140/1757/1857 1142/1760/1859 1141/1758/1856
f 1143/1759/1858 1142/1760/1860 1140/1757/1858
f 1143/1759/1844 1144/1761/1844 1145/1762/1844
f 1144/1761/1844 1143/1759/1844 1134/1752/1844
f 1145/1762/1844 1146/1763/1844 1143/1759/1844
f 1142/1760/1861 1143/1759/1861 1146/1763/1861
f 1146/1763/1861 1147/1764/1861 1142/1760/1861
f 1141/1758/1862 1142/1760/1862 1147/1764/1863
f 1147/1764/1863 1148/1765/1863 1141/1758/1862
f 1149/1766/1864 1141/1758/1864 1148/1765/1865
f 1148/1765/1865 1150/1767/1865 1149/1766/1864
f 1151/1768/1866 1149/1766/1866 1150/1767/1866
f 1150/1767/1866 1152/1769/1866 1151/1768/1866
f 1144/1770/1867 1151/1768/1867 1152/1769/1867
f 1152/1769/1867 1145/1771/1867 1144/1770/1867
f 1153/1772/1868 1149/1766/1868 1151/1768/1868
f 1151/1768/1869 1144/1770/1869 1133/1773/1869
f 1151/1768/1870 1154/1774/1870 1153/1772/1870
f 1133/1773/1871 1154/1774/1871 1151/1768/1871
f 1154/1774/1872 1156/1775/1872 1155/1776/1872
f 1155/1776/1873 1153/1772/1873 1154/1774/1873
f 1132/1777/1874 1156/1775/1874 1154/1774/1874
f 1154/1774/1875 1133/1773/1875 1132/1777/1875
f 1155/1776/1876 1156/1775/1876 1157/1778/1876
f 1157/1778/1877 1156/1775/1877 1132/1777/1877
f 1157/1778/1878 1160/1779/1879 1158/1780/1880
f 1158/1780/1880 1159/1781/1881 1157/1778/1878
f 1157/1778/1882 1159/1781/1883 1155/1776/1884
f 1160/1779/1879 1157/1778/1878 1130/1782/1885
f 1132/1777/1886 1130/1782/1886 1157/1778/1886
f 1158/1780/1887 1160/1779/1887 1162/1783/1887
f 1130/1782/1885 1161/1784/1888 1160/1779/1879
f 1162/1783/1889 1160/1779/1889 1161/1784/1889
f 1162/1783/1890 1163/1785/1890 1158/1780/1890
f 1163/1785/1891 1162/1783/1891 1164/1786/1891
f 1164/1786/1892 1162/1783/1892 1165/1787/1892
f 1161/1784/1893 1165/1787/1893 1162/1783/1893
f 1167/1788/1843 1165/1789/1843 1166/1790/1843
f 1166/1790/1843 1165/1789/1843 1161/1791/1894
f 1165/1787/1895 1167/1792/1895 1164/1786/1895
f 1166/1790/1843 1168/1793/1844 1167/1788/1843
f 1169/1794/1844 1167/1788/1843 1168/1793/1844
f 1164/1786/1896 1167/1792/1896 1169/1795/1896
f 1168/1793/1844 1170/1796/1844 1169/1794/1844
f 1169/1794/1844 1170/1796/1844 1171/1797/1844
f 1171/1797/1844 1172/1798/1844 1169/1794/1844
f 1173/1799/1897 1169/1795/1897 1172/1800/1897
f 1169/1795/1898 1173/1799/1898 1164/1786/1898
f 1172/1800/1897 1174/1801/1897 1173/1799/1897
f 1175/1802/1899 1173/1799/1899 1174/1801/1863
f 1164/1786/1900 1173/1799/1900 1175/1802/1900
f 1175/1802/1901 1176/1803/1901 1164/1786/1901
f 1176/1803/1864 1175/1802/1864 1177/1804/1865
f 1177/1804/1865 1175/1802/1864 1178/1805/1865
f 1174/1801/1863 1178/1805/1863 1175/1802/1899
f 1178/1805/1865 1179/1806/1865 1177/1804/1865
f 1180/1807/1902 1177/1804/1902 1179/1806/1866
f 1179/1806/1866 1181/1808/1866 1180/1807/1902
f 1170/1796/1867 1180/1807/1867 1181/1808/1867
f 1181/1808/1867 1171/1797/1867 1170/1796/1867
f 1182/1809/1903 1180/1807/1903 1170/1796/1903
f 1177/1804/1904 1180/1807/1904 1182/1809/1904
f 1184/1810/1905 1182/1809/1905 1183/1811/1905
f 1183/1811/1906 1182/1809/1907 1168/1793/1908
f 1170/1796/1909 1168/1793/1909 1182/1809/1909
f 1182/1809/1910 1184/1810/1910 1177/1804/1910
f 1177/1804/1865 1184/1810/1865 1176/1803/1864
f 1176/1803/1864 1184/1810/1865 1185/1812/1864
f 1183/1811/1905 1185/1812/1911 1184/1810/1905
f 1158/1780/1864 1163/1785/1864 1185/1812/1864
f 1185/1812/1864 1186/1813/1864 1158/1780/1864
f 1186/1813/1912 1185/1812/1912 1183/1811/1912
f 1185/1812/1864 1163/1785/1864 1176/1803/1864
f 1136/1753/1913 1137/1754/1914 1186/1813/1915
f 1186/1813/1915 1187/1814/1916 1136/1753/1913
f 1183/1811/1917 1187/1814/1917 1186/1813/1917
f 1186/1813/1915 1137/1754/1914 1159/1781/1881
f 1159/1781/1881 1158/1780/1880 1186/1813/1915
f 1136/1753/1913 1187/1814/1916 1188/1815/1918
f 1188/1815/1919 1187/1814/1919 1183/1811/1919
f 1188/1815/1918 1131/1749/1920 1136/1753/1913
f 1131/1749/1920 1188/1815/1918 1161/1791/1894
f 1161/1791/1894 1188/1815/1843 1166/1790/1843
f 1183/1811/1921 1166/1790/1921 1188/1815/1921
f 1168/1793/1908 1166/1790/1906 1183/1811/1906
f 1164/1786/1922 1176/1803/1922 1163/1785/1922
f 1161/1791/1894 1130/1746/1923 1131/1749/1920
f 1159/1781/1864 1137/1754/1864 1138/1755/1864
f 1138/1755/1864 1155/1776/1884 1159/1781/1883
f 1153/1772/1865 1155/1776/1865 1138/1755/1865
f 1149/1766/1864 1153/1772/1865 1139/1756/1865
f 1138/1755/1865 1139/1756/1865 1153/1772/1865
f 1139/1756/1865 1141/1758/1864 1149/1766/1864
f 1134/1752/1844 1133/1751/1843 1144/1761/1844
o gaz2975_nomg_body.104
v 11.204996 -3.737061 -89.330551
v 11.204998 -3.737061 -88.786064
v 11.205000 -2.449795 -89.875015
v 11.205000 -3.737061 -89.875015
v 10.745479 -4.246479 -89.330536
v 5.657801 -3.737061 -89.330536
v 5.657802 -3.737061 -88.786064
v 5.657802 -2.449795 -88.241600
v 5.657803 -2.449795 -89.875000
v 5.657803 -3.737061 -89.875000
v 6.117321 -4.246479 -89.875015
v 6.117321 -4.246479 -89.330551
v 10.745479 -4.246479 -89.875000
v 10.745479 -1.940376 -89.875000
v 6.117319 -1.940376 -88.241615
v 6.117320 -1.940376 -89.875015
v 10.745479 -1.940376 -88.241600
v 11.205000 -2.449795 -88.241600
v 11.205000 -3.737061 -88.241600
v 10.745479 -4.246479 -88.241600
v 10.745481 -4.246479 -88.786064
v 6.117321 -4.246479 -88.241615
v 6.117321 -4.246479 -88.786079
v 5.657802 -3.737061 -88.241600
vn -0.0000 -1.0000 -0.0000
vn 0.9891 -0.1474 0.0001
vn 0.9853 0.1708 0.0002
vn 0.9978 -0.0660 -0.0000
vn 0.9289 -0.3703 -0.0000
vn 0.7425 -0.6698 -0.0000
vn -0.0000 -0.0000 1.0000
vn -0.9891 -0.1474 -0.0001
vn -0.9853 0.1708 -0.0000
vn -0.9925 -0.1225 -0.0000
vn -0.9479 0.3185 -0.0000
vn -0.9688 -0.2480 -0.0000
vn -0.7425 -0.6698 -0.0000
vn -0.0000 -0.0000 -1.0000
vn -0.0999 0.9950 -0.0000
vn 0.0999 0.9950 0.0001
vn 0.0999 0.9950 -0.0000
vn -0.0999 0.9950 0.0001
vn 0.9479 0.3185 -0.0000
vn 0.9688 -0.2480 -0.0001
vn -0.9290 -0.3701 -0.0000
vt 0.076455 0.397896
vt 0.076455 0.413419
vt 0.077979 0.413419
vt 0.089252 0.312397
vt 0.090776 0.308999
vt 0.087728 0.312397
vt 0.090776 0.312397
vt 0.089252 0.314209
vt 0.075030 0.412133
vt 0.077979 0.397896
vt 0.087728 0.289756
vt 0.086204 0.293155
vt 0.089252 0.289756
vt 0.090776 0.293155
vt 0.090776 0.289756
vt 0.090776 0.287944
vt 0.089252 0.287944
vt 0.075030 0.399182
vt 0.073506 0.399182
vt 0.073506 0.412133
vt 0.090776 0.314209
vt 0.075432 0.430021
vt 0.079034 0.430021
vt 0.080460 0.428735
vt 0.074006 0.428735
vt 0.080460 0.415784
vt 0.086204 0.294966
vt 0.086204 0.307187
vt 0.090776 0.307187
vt 0.090776 0.294966
vt 0.074006 0.415784
vt 0.086204 0.308999
vt 0.086204 0.312397
vt 0.086204 0.314209
vt 0.087728 0.314209
vt 0.079405 0.412133
vt 0.080928 0.412133
vt 0.080928 0.399182
vt 0.079405 0.399182
vt 0.087728 0.287944
vt 0.086204 0.287944
vt 0.086204 0.289756
vt 0.075432 0.414498
vt 0.079034 0.414498
s 1
usemtl body
f 1194/1816/1924 1189/1817/1924 1190/1818/1924
f 1189/1819/1925 1191/1820/1926 1190/1821/1927
f 1189/1819/1925 1192/1822/1928 1191/1820/1926
f 1192/1822/1928 1189/1819/1925 1193/1823/1929
f 1193/1824/1930 1189/1817/1930 1194/1816/1930
f 1190/1818/1924 1195/1825/1924 1194/1816/1924
f 1195/1826/1931 1196/1827/1932 1194/1828/1933
f 1196/1827/1932 1197/1829/1934 1194/1828/1933
f 1197/1829/1934 1198/1830/1935 1194/1828/1933
f 1194/1828/1933 1198/1830/1935 1199/1831/1936
f 1199/1831/1936 1200/1832/1936 1194/1828/1933
f 1194/1816/1930 1200/1833/1930 1193/1824/1930
f 1200/1833/1924 1199/1834/1924 1201/1835/1924
f 1201/1835/1924 1193/1824/1924 1200/1833/1924
f 1193/1823/1929 1201/1836/1929 1192/1822/1928
f 1191/1837/1937 1192/1838/1937 1201/1839/1937
f 1202/1840/1937 1201/1839/1937 1199/1841/1937
f 1201/1839/1937 1202/1840/1937 1191/1837/1937
f 1203/1842/1938 1205/1843/1939 1202/1844/1940
f 1202/1844/1940 1204/1845/1941 1203/1842/1938
f 1199/1841/1937 1204/1846/1937 1202/1840/1937
f 1202/1844/1940 1205/1843/1939 1206/1847/1942
f 1206/1847/1942 1191/1820/1926 1202/1844/1940
f 1191/1820/1926 1206/1847/1942 1190/1821/1927
f 1206/1847/1942 1207/1848/1943 1190/1821/1927
f 1190/1821/1927 1207/1848/1943 1208/1849/1929
f 1208/1849/1929 1209/1850/1929 1190/1821/1929
f 1209/1851/1924 1208/1852/1924 1210/1853/1924
f 1210/1853/1924 1211/1854/1924 1209/1851/1924
f 1211/1855/1936 1210/1856/1936 1212/1857/1944
f 1212/1857/1944 1195/1826/1931 1211/1855/1936
f 1195/1826/1931 1212/1857/1944 1196/1827/1932
f 1211/1854/1937 1195/1825/1937 1190/1818/1937
f 1190/1818/1937 1209/1851/1937 1211/1854/1937
f 1203/1842/1938 1204/1845/1941 1197/1829/1934
f 1197/1858/1937 1204/1846/1937 1199/1841/1937
f 1197/1829/1934 1196/1827/1932 1203/1842/1938
f 1199/1841/1937 1198/1859/1937 1197/1858/1937
o gaz2975_nomg_body.105
v 3.661474 -0.110542 -90.335014
v 4.538014 -0.112213 -89.874527
v 4.363343 -0.109882 -90.640480
v 4.113833 -0.112495 -89.730370
v 3.804563 -0.113216 -89.449471
v 3.147154 -0.111954 -89.798615
v 3.434890 0.589420 -90.635437
v 4.275098 0.590263 -91.022141
v 4.361523 1.288078 -90.637833
v 3.659664 1.287418 -90.332367
v 3.145348 1.286011 -89.795914
v 2.817548 0.587669 -89.971832
v 2.793219 1.282459 -88.554214
v 2.391762 0.583611 -88.555580
v 2.795027 -0.115509 -88.556877
v 3.599792 -0.115780 -88.556793
v 3.635825 -0.121414 -86.661461
v 2.831047 -0.121140 -86.661552
v 2.427782 0.577984 -86.660286
v 2.829208 1.276825 -86.658867
v 3.597944 1.282177 -88.554092
v 3.633964 1.276546 -86.658783
v 4.001260 0.583046 -88.555374
v 4.037282 0.577419 -86.660065
v 3.802724 1.284744 -89.446808
v 4.132323 0.585121 -89.273590
v 4.111998 1.285469 -89.727707
v 4.339893 0.585510 -89.426147
v 4.624428 0.585602 -89.490211
v 26.733641 1.270058 -89.861794
v 4.536182 1.285751 -89.871841
v 26.657681 0.569973 -89.481659
v 26.735466 -0.127895 -89.864464
v 26.952513 0.569798 -89.456299
v 27.171581 1.269592 -89.755226
v 27.167976 0.569393 -89.343567
v 27.173410 -0.128372 -89.757927
v 27.611994 -0.126751 -90.358276
v 27.493818 -0.129208 -89.516541
v 28.143726 -0.128410 -89.859848
v 27.683685 -0.132126 -88.550629
v 28.488392 -0.132404 -88.550529
v 28.524450 -0.138027 -86.655212
v 27.719673 -0.137749 -86.655334
v 27.280346 0.566998 -88.549332
v 27.316372 0.561359 -86.654037
v 27.681856 1.265835 -88.547966
v 27.491985 1.268764 -89.513863
v 28.486574 1.265556 -88.547859
v 27.717831 1.260208 -86.652649
v 28.522589 1.259930 -86.652534
v 28.889870 0.566429 -88.549141
v 28.925886 0.560802 -86.653816
v 28.467775 0.570972 -90.030144
v 27.829721 0.573051 -90.656548
v 28.141890 1.269558 -89.857162
v 27.610163 1.271221 -90.355614
v 26.887398 1.272266 -90.624771
v 26.965166 0.574390 -91.007614
v 26.889235 -0.125702 -90.627457
vn -0.0004 -1.0000 -0.0030
vn -0.0003 -1.0000 -0.0030
vn -0.3533 -0.4632 -0.8128
vn -0.6507 -0.4568 -0.6066
vn -0.6370 -0.4688 -0.6120
vn -0.6507 -0.4567 -0.6066
vn -0.3663 -0.4805 -0.7968
vn -0.3664 0.4833 -0.7951
vn -0.3535 0.4660 -0.8111
vn -0.6376 0.4703 -0.6101
vn -0.6377 0.4703 -0.6101
vn -0.6514 0.4581 -0.6048
vn -0.8539 0.4614 -0.2408
vn -0.8539 0.4615 -0.2408
vn -0.8529 -0.4620 -0.2432
vn -0.8392 0.4825 -0.2509
vn -0.8382 -0.4830 -0.2534
vn -0.8661 -0.4996 0.0150
vn -0.8670 0.4980 0.0180
vn -0.8670 0.4980 0.0179
vn 0.0004 1.0000 0.0030
vn 0.0003 1.0000 0.0030
vn 0.8661 0.4997 -0.0150
vn 0.8670 -0.4980 -0.0180
vn 0.8505 -0.4890 0.1937
vn 0.8495 0.4897 0.1963
vn 0.8768 0.4530 0.1613
vn 0.8778 -0.4520 0.1589
vn 0.5205 0.4751 0.7094
vn 0.6008 0.4471 0.6627
vn 0.5210 -0.4772 0.7077
vn 0.6014 -0.4488 0.6610
vn 0.1970 0.4413 0.8755
vn 0.1969 -0.4446 0.8738
vn -0.0003 0.1777 0.9841
vn -0.0005 -0.1822 0.9833
vn 0.0002 0.7368 0.6761
vn 0.0005 0.9388 0.3444
vn 0.2808 0.4864 0.8274
vn 0.1718 0.8445 0.5072
vn 0.1717 0.8447 0.5069
vn -0.0007 -0.4823 0.8760
vn 0.2809 -0.4895 0.8255
vn -0.0748 0.4821 0.8729
vn -0.0007 -0.4810 0.8767
vn -0.0752 -0.4860 0.8707
vn -0.2120 0.4393 0.8730
vn -0.4100 0.4638 0.7853
vn -0.4104 -0.4680 0.7827
vn -0.2123 -0.4434 0.8708
vn -0.5435 -0.4317 0.7199
vn -0.8761 -0.4509 0.1708
vn -0.8661 -0.4997 0.0150
vn -0.8598 -0.4963 0.1201
vn -0.8670 0.4981 0.0180
vn -0.8606 0.4942 0.1232
vn -0.8768 0.4485 0.1737
vn 0.8661 0.4996 -0.0150
vn 0.8417 -0.4831 -0.2414
vn 0.8411 0.4856 -0.2382
vn 0.6264 0.4499 -0.6366
vn 0.6050 -0.4640 -0.6470
vn 0.6263 -0.4459 -0.6394
vn 0.6051 -0.4640 -0.6470
vn 0.8611 -0.4545 -0.2281
vn 0.8604 0.4571 -0.2251
vn 0.6052 0.4679 -0.6440
vn 0.3110 0.4570 -0.8333
vn 0.0006 0.0028 -1.0000
vn 0.0009 0.8557 -0.5175
vn 0.0009 0.8535 -0.5210
vn 0.0006 0.0015 -1.0000
vn 0.3303 0.4820 -0.8115
vn -0.0001 -0.7355 -0.6775
vn 0.3299 -0.4779 -0.8142
vn -0.0004 -0.9375 -0.3480
vn -0.0007 -1.0000 -0.0030
vn -0.0004 -1.0000 -0.0029
vn 0.3106 -0.4528 -0.8357
vn -0.5432 0.4276 0.7226
vn -0.0007 -1.0000 -0.0029
vt 0.501224 0.605163
vt 0.498971 0.605456
vt 0.499163 0.607480
vt 0.501269 0.607279
vt 0.499359 0.609633
vt 0.496904 0.605921
vt 0.497159 0.607896
vt 0.501317 0.609458
vt 0.501407 0.611650
vt 0.499653 0.611807
vt 0.497958 0.612083
vt 0.497441 0.609993
vt 0.494750 0.613026
vt 0.493667 0.608707
vt 0.493881 0.610945
vt 0.493649 0.606460
vt 0.488139 0.607488
vt 0.488481 0.609841
vt 0.488951 0.612393
vt 0.489866 0.614866
vt 0.495993 0.614966
vt 0.490997 0.617049
vt 0.491984 0.619074
vt 0.497038 0.617004
vt 0.497683 0.619159
vt 0.492839 0.621127
vt 0.499887 0.618463
vt 0.498628 0.614064
vt 0.499320 0.616284
vt 0.500453 0.616081
vt 0.500045 0.613871
vt 0.500747 0.618271
vt 0.501694 0.615981
vt 0.564058 0.616054
vt 0.564203 0.613853
vt 0.501549 0.613784
vt 0.501765 0.618180
vt 0.565287 0.616130
vt 0.563993 0.618246
vt 0.565705 0.613912
vt 0.566375 0.616322
vt 0.565027 0.618324
vt 0.568895 0.606094
vt 0.566902 0.605554
vt 0.566704 0.607549
vt 0.564674 0.605163
vt 0.565807 0.618517
vt 0.568648 0.608028
vt 0.572327 0.606609
vt 0.568188 0.619270
vt 0.572313 0.608868
vt 0.577481 0.610095
vt 0.577795 0.607743
vt 0.568830 0.617122
vt 0.573028 0.621282
vt 0.573859 0.619210
vt 0.569881 0.615119
vt 0.567089 0.614077
vt 0.571165 0.613205
vt 0.574875 0.617197
vt 0.576058 0.615054
vt 0.572082 0.611122
vt 0.577013 0.612622
vt 0.568358 0.610084
vt 0.567800 0.612134
vt 0.566477 0.609696
vt 0.566138 0.611869
vt 0.564361 0.611686
vt 0.564485 0.609452
vt 0.564586 0.607265
s 1
usemtl body
f 1214/1860/1945 1216/1861/1946 1213/1862/1945
f 1213/1862/1945 1215/1863/1945 1214/1860/1945
f 1215/1863/1947 1213/1862/1947 1219/1864/1947
f 1213/1862/1945 1216/1861/1946 1217/1865/1945
f 1217/1865/1945 1218/1866/1946 1213/1862/1945
f 1219/1864/1948 1213/1862/1949 1218/1866/1950
f 1219/1864/1947 1220/1867/1951 1215/1863/1947
f 1221/1868/1952 1220/1867/1952 1219/1864/1952
f 1219/1864/1952 1222/1869/1953 1221/1868/1952
f 1223/1870/1954 1222/1869/1955 1219/1864/1955
f 1219/1864/1955 1224/1871/1956 1223/1870/1954
f 1218/1866/1950 1224/1871/1948 1219/1864/1948
f 1225/1872/1957 1223/1870/1958 1224/1871/1958
f 1224/1871/1959 1218/1866/1959 1227/1873/1959
f 1224/1871/1958 1226/1874/1960 1225/1872/1957
f 1227/1873/1959 1226/1874/1961 1224/1871/1959
f 1227/1873/1946 1228/1875/1946 1229/1876/1946
f 1228/1875/1946 1227/1873/1946 1218/1866/1946
f 1229/1876/1946 1230/1877/1946 1227/1873/1946
f 1226/1874/1962 1227/1873/1962 1230/1877/1962
f 1230/1877/1962 1231/1878/1962 1226/1874/1962
f 1225/1872/1963 1226/1874/1963 1231/1878/1964
f 1231/1878/1964 1232/1879/1964 1225/1872/1963
f 1233/1880/1965 1225/1872/1965 1232/1879/1966
f 1232/1879/1966 1234/1881/1966 1233/1880/1965
f 1234/1881/1967 1236/1882/1967 1235/1883/1967
f 1235/1883/1967 1233/1880/1967 1234/1881/1967
f 1228/1884/1968 1235/1883/1968 1236/1882/1968
f 1236/1882/1968 1229/1885/1968 1228/1884/1968
f 1235/1883/1969 1228/1884/1969 1217/1886/1969
f 1237/1887/1970 1233/1880/1970 1235/1883/1970
f 1235/1883/1971 1238/1888/1971 1237/1887/1971
f 1217/1886/1972 1238/1888/1972 1235/1883/1972
f 1238/1888/1973 1240/1889/1973 1239/1890/1973
f 1239/1890/1974 1237/1887/1974 1238/1888/1974
f 1216/1891/1975 1240/1889/1975 1238/1888/1975
f 1238/1888/1976 1217/1886/1976 1216/1891/1976
f 1239/1890/1977 1240/1889/1977 1241/1892/1977
f 1241/1892/1978 1240/1889/1978 1216/1891/1978
f 1241/1892/1979 1244/1893/1980 1242/1894/1981
f 1242/1894/1981 1243/1895/1982 1241/1892/1979
f 1241/1892/1983 1243/1895/1984 1239/1890/1985
f 1244/1893/1980 1241/1892/1979 1214/1896/1986
f 1216/1891/1987 1214/1896/1987 1241/1892/1987
f 1242/1894/1988 1244/1893/1988 1246/1897/1988
f 1214/1896/1986 1245/1898/1989 1244/1893/1980
f 1246/1897/1990 1244/1893/1990 1245/1898/1990
f 1246/1897/1991 1247/1899/1991 1242/1894/1991
f 1247/1899/1992 1246/1897/1992 1248/1900/1992
f 1248/1900/1993 1246/1897/1993 1249/1901/1993
f 1245/1898/1994 1249/1901/1994 1246/1897/1994
f 1251/1902/1946 1249/1903/1945 1250/1904/1945
f 1250/1904/1945 1249/1903/1945 1245/1905/1945
f 1249/1901/1995 1251/1906/1995 1248/1900/1995
f 1250/1904/1945 1252/1907/1946 1251/1902/1946
f 1253/1908/1946 1251/1902/1946 1252/1907/1946
f 1248/1900/1996 1251/1906/1996 1253/1909/1996
f 1252/1907/1946 1254/1910/1946 1253/1908/1946
f 1253/1908/1946 1254/1910/1946 1255/1911/1946
f 1255/1911/1946 1256/1912/1946 1253/1908/1946
f 1257/1913/1997 1253/1909/1997 1256/1914/1997
f 1253/1909/1998 1257/1913/1998 1248/1900/1998
f 1256/1914/1997 1258/1915/1997 1257/1913/1997
f 1259/1916/1963 1257/1913/1999 1258/1915/1964
f 1248/1900/2000 1257/1913/2000 1259/1916/2000
f 1259/1916/2001 1260/1917/2001 1248/1900/2001
f 1260/1917/1966 1259/1916/1966 1261/1918/1966
f 1261/1918/1966 1259/1916/1966 1262/1919/1966
f 1258/1915/1964 1262/1919/1964 1259/1916/1963
f 1262/1919/1966 1263/1920/1966 1261/1918/1966
f 1264/1921/2002 1261/1918/2002 1263/1920/2002
f 1263/1920/2002 1265/1922/2002 1264/1921/2002
f 1254/1910/1968 1264/1921/1968 1265/1922/1968
f 1265/1922/1968 1255/1911/1968 1254/1910/1968
f 1266/1923/2003 1264/1921/2003 1254/1910/2003
f 1261/1918/2004 1264/1921/2004 1266/1923/2004
f 1268/1924/2005 1266/1923/2005 1267/1925/2005
f 1267/1925/2006 1266/1923/2007 1252/1907/2008
f 1254/1910/2009 1252/1907/2009 1266/1923/2009
f 1266/1923/2010 1268/1924/2010 1261/1918/2010
f 1261/1918/1966 1268/1924/1966 1260/1917/1966
f 1260/1917/1966 1268/1924/1966 1269/1926/1966
f 1267/1925/2005 1269/1926/2011 1268/1924/2005
f 1242/1894/1966 1247/1899/1966 1269/1926/1966
f 1269/1926/1966 1270/1927/1966 1242/1894/1966
f 1270/1927/2012 1269/1926/2012 1267/1925/2012
f 1269/1926/1966 1247/1899/1966 1260/1917/1966
f 1220/1867/2013 1221/1868/2014 1270/1927/2015
f 1270/1927/2015 1271/1928/2016 1220/1867/2013
f 1267/1925/2017 1271/1928/2017 1270/1927/2017
f 1270/1927/2015 1221/1868/2014 1243/1895/1982
f 1243/1895/1982 1242/1894/1981 1270/1927/2015
f 1220/1867/2013 1271/1928/2016 1272/1929/2018
f 1272/1929/2019 1271/1928/2019 1267/1925/2019
f 1272/1929/2018 1215/1863/2020 1220/1867/2013
f 1215/1863/2020 1272/1929/2018 1245/1905/2021
f 1245/1905/1945 1272/1929/2022 1250/1904/1945
f 1267/1925/2023 1250/1904/2023 1272/1929/2023
f 1252/1907/2008 1250/1904/2006 1267/1925/2006
f 1248/1900/2024 1260/1917/2024 1247/1899/2024
f 1245/1905/2021 1214/1860/2025 1215/1863/2020
f 1243/1895/1965 1221/1868/1965 1222/1869/1965
f 1222/1869/1966 1239/1890/1985 1243/1895/1984
f 1237/1887/1965 1239/1890/1965 1222/1869/1965
f 1233/1880/1965 1237/1887/1965 1223/1870/1965
f 1222/1869/1965 1223/1870/1965 1237/1887/1965
f 1223/1870/1965 1225/1872/1965 1233/1880/1965
f 1218/1866/1946 1217/1865/1945 1228/1875/1946
o gaz2975_nomg_body.304
v -23.595371 4.237450 -90.005371
v -3.232265 3.402912 -90.005318
v -3.232265 4.237453 -90.005318
v -3.232265 4.237453 -88.929131
v -23.595375 4.237450 -88.929169
v -23.595371 3.402908 -90.005371
v -3.232265 3.402912 -88.929131
v -23.595375 3.402908 -88.929169
vn -0.0000 -0.0000 -1.0000
vn 0.0003 0.9324 -0.3613
vn -0.0001 0.7902 -0.6128
vn -0.0000 0.7901 0.6129
vn -0.0002 0.7902 0.6128
vn -0.0000 -1.0000 -0.0000
vn 0.0004 -0.7903 0.6127
vn -0.0000 -0.5421 0.8403
vt 0.108574 0.429221
vt 0.108574 0.368440
vt 0.111065 0.368440
vt 0.111065 0.429221
vt 0.114277 0.429221
vt 0.114277 0.368440
vt 0.119980 0.368440
vt 0.119980 0.429221
vt 0.116768 0.429221
vt 0.116768 0.368440
s 1
usemtl body
f 1274/1930/2026 1278/1931/2026 1273/1932/2026
f 1273/1932/2027 1275/1933/2028 1274/1930/2026
f 1276/1934/2029 1275/1933/2028 1273/1932/2027
f 1273/1932/2027 1277/1935/2030 1276/1934/2029
f 1278/1936/2031 1274/1937/2031 1279/1938/2031
f 1279/1938/2032 1280/1939/2033 1278/1936/2031
f 1280/1939/2033 1279/1938/2032 1276/1934/2029
f 1276/1934/2029 1277/1935/2030 1280/1939/2033
o gaz2975_nomg_body.314
v -24.339823 29.156330 -88.273888
v -21.902506 29.154102 -88.788918
v -24.339823 29.154095 -88.788910
v -21.902506 29.156338 -88.273895
v -24.339823 29.603474 -88.018295
v -24.415424 29.601246 -88.533333
v -24.339823 30.048389 -88.277756
v -24.339823 30.046154 -88.792770
v -24.339821 29.599010 -89.048363
v -21.902502 30.046162 -88.792778
v -21.902502 29.599018 -89.048370
v -21.826904 29.601254 -88.533325
v -21.902502 30.048397 -88.277763
v -21.902502 29.603481 -88.018288
vn -0.0000 -1.0000 0.0043
vn -0.0000 -0.7533 0.6577
vn -0.0000 -0.9434 0.3316
vn -0.9894 -0.1261 -0.0721
vn -0.9859 -0.1671 0.0007
vn -0.0000 -0.1845 0.9828
vn -0.9859 -0.0829 0.1451
vn -0.9859 0.0842 0.1444
vn -0.9894 0.1261 0.0721
vn -0.9859 0.1671 -0.0007
vn -0.9859 0.0829 -0.1451
vn -0.9859 -0.0842 -0.1444
vn -0.0000 0.7532 -0.6578
vn -0.0000 -0.1930 -0.9812
vn -0.0000 0.1845 -0.9828
vn -0.0000 0.9434 -0.3316
vn -0.0000 -0.5038 -0.8638
vn 0.9859 0.0829 -0.1451
vn 0.9894 0.1255 -0.0732
vn 0.9859 -0.0842 -0.1443
vn 0.9859 0.1671 -0.0007
vn 0.9859 0.0842 0.1443
vn 0.9859 -0.0829 0.1451
vn 0.9894 -0.1255 0.0732
vn 0.9859 -0.1671 0.0007
vn -0.0000 0.1930 0.9812
vn -0.0000 0.7589 0.6512
vn -0.0000 0.9462 0.3234
vt 0.175328 0.106828
vt 0.175328 0.108040
vt 0.169597 0.108040
vt 0.169597 0.106828
vt 0.149639 0.090208
vt 0.150394 0.088935
vt 0.151119 0.090225
vt 0.169597 0.109251
vt 0.151874 0.088952
vt 0.152599 0.090243
vt 0.151844 0.091516
vt 0.150364 0.091498
vt 0.175328 0.111673
vt 0.175328 0.112884
vt 0.169597 0.112884
vt 0.169597 0.111673
vt 0.169597 0.114095
vt 0.156556 0.097419
vt 0.155824 0.096132
vt 0.157304 0.096142
vt 0.175328 0.114095
vt 0.158036 0.097428
vt 0.156572 0.094856
vt 0.158052 0.094865
vt 0.158784 0.096151
vt 0.175328 0.109251
vt 0.169597 0.110462
vt 0.175328 0.110462
s 1
usemtl body
f 1282/1940/2034 1284/1941/2035 1281/1942/2036
f 1281/1942/2036 1283/1943/2034 1282/1940/2034
f 1283/1944/2037 1281/1945/2038 1286/1946/2037
f 1285/1947/2039 1281/1942/2036 1284/1941/2035
f 1281/1945/2040 1285/1948/2040 1286/1946/2040
f 1285/1948/2041 1287/1949/2042 1286/1946/2042
f 1287/1949/2042 1288/1950/2043 1286/1946/2042
f 1288/1950/2044 1289/1951/2044 1286/1946/2044
f 1289/1951/2045 1283/1944/2037 1286/1946/2037
f 1290/1952/2046 1291/1953/2047 1289/1954/2048
f 1289/1954/2048 1288/1955/2049 1290/1952/2046
f 1283/1956/2050 1289/1954/2048 1291/1953/2047
f 1291/1957/2051 1290/1958/2052 1292/1959/2052
f 1291/1953/2047 1282/1960/2050 1283/1956/2050
f 1282/1961/2053 1291/1957/2053 1292/1959/2053
f 1290/1958/2052 1293/1962/2054 1292/1959/2052
f 1293/1962/2055 1294/1963/2055 1292/1959/2055
f 1294/1963/2056 1284/1964/2057 1292/1959/2057
f 1284/1964/2057 1282/1961/2058 1292/1959/2057
f 1284/1941/2035 1294/1965/2059 1285/1947/2039
f 1287/1966/2060 1285/1947/2039 1294/1965/2059
f 1294/1965/2059 1293/1967/2061 1287/1966/2060
f 1288/1955/2049 1287/1966/2060 1293/1967/2061
f 1293/1967/2061 1290/1952/2046 1288/1955/2049
o gaz2975_nomg_body.315
v -7.620736 29.154102 -88.788902
v -7.428936 29.017559 -88.273270
v -7.620736 29.156338 -88.273880
v -7.428936 29.015324 -88.788307
v -8.598024 29.154102 -88.788918
v -8.598024 29.156338 -88.273895
v -8.789818 29.015324 -88.788322
v -8.789818 29.017559 -88.273270
v -8.767611 27.486492 -88.781685
v -7.451149 27.486492 -88.781685
v -7.451149 27.488728 -88.266640
v -8.767611 27.488728 -88.266640
vn 0.5862 0.8102 -0.0035
vn 0.5862 0.8101 -0.0035
vn -0.0000 -0.0044 -1.0000
vn -0.0000 -0.0043 -1.0000
vn -0.5862 0.8101 -0.0035
vn -0.5863 0.8101 -0.0035
vn -0.5862 0.8102 -0.0035
vn -0.9999 -0.0145 0.0001
vn -0.0000 -1.0000 0.0043
vn 0.9999 -0.0145 0.0001
vt 0.212460 0.071006
vt 0.213917 0.071006
vt 0.213923 0.071681
vt 0.212454 0.071681
vt 0.217238 0.071401
vt 0.214452 0.071401
vt 0.219237 0.071681
vt 0.217768 0.071681
vt 0.217774 0.071006
vt 0.219231 0.071006
vt 0.217734 0.066646
vt 0.213957 0.066646
vt 0.213969 0.065178
vt 0.217722 0.065178
vt 0.212466 0.066646
vt 0.219225 0.066646
s 1
usemtl body
f 1296/1968/2062 1298/1969/2062 1295/1970/2062
f 1295/1970/2063 1297/1971/2063 1296/1968/2063
f 1299/1972/2064 1295/1973/2065 1298/1969/2065
f 1300/1974/2066 1299/1975/2067 1301/1976/2066
f 1298/1969/2065 1301/1976/2065 1299/1972/2064
f 1301/1976/2066 1302/1977/2068 1300/1974/2066
f 1302/1977/2069 1301/1976/2069 1303/1978/2069
f 1304/1979/2065 1303/1978/2065 1301/1976/2065
f 1301/1976/2065 1298/1969/2065 1304/1979/2065
f 1304/1979/2070 1305/1980/2070 1306/1981/2070
f 1305/1982/2071 1304/1979/2071 1298/1969/2071
f 1306/1981/2070 1303/1978/2070 1304/1979/2070
f 1303/1978/2069 1306/1983/2069 1302/1977/2069
f 1298/1969/2071 1296/1968/2071 1305/1982/2071
o gaz2975_nomg_body.316
v -22.632523 29.154102 -88.788902
v -22.440725 29.017559 -88.273270
v -22.632523 29.156338 -88.273880
v -22.440725 29.015324 -88.788307
v -23.609814 29.154095 -88.788925
v -23.609814 29.156330 -88.273888
v -23.801607 29.015316 -88.788315
v -23.801607 29.017551 -88.273277
v -23.779396 27.486485 -88.781708
v -22.462934 27.486492 -88.781685
v -22.462934 27.488728 -88.266640
v -23.779396 27.488720 -88.266647
vn 0.5862 0.8102 -0.0035
vn 0.5863 0.8101 -0.0035
vn -0.0000 -0.0044 -1.0000
vn -0.0000 -0.0042 -1.0000
vn -0.0000 -0.0043 -1.0000
vn -0.5862 0.8101 -0.0035
vn -0.5861 0.8102 -0.0035
vn -0.5862 0.8102 -0.0035
vn -0.5863 0.8101 -0.0035
vn -0.9999 -0.0145 0.0001
vn -0.0000 -1.0000 0.0043
vn 0.9999 -0.0145 0.0001
vt 0.205091 0.070866
vt 0.206548 0.070866
vt 0.206554 0.071541
vt 0.205085 0.071541
vt 0.209870 0.071262
vt 0.207083 0.071262
vt 0.211868 0.071541
vt 0.210399 0.071541
vt 0.210405 0.070866
vt 0.211862 0.070866
vt 0.210365 0.066507
vt 0.206588 0.066507
vt 0.206600 0.065039
vt 0.210353 0.065039
vt 0.205097 0.066507
vt 0.211856 0.066507
s 1
usemtl body
f 1308/1984/2072 1310/1985/2072 1307/1986/2072
f 1307/1986/2073 1309/1987/2073 1308/1984/2073
f 1311/1988/2074 1307/1989/2075 1310/1985/2076
f 1312/1990/2077 1311/1991/2078 1313/1992/2079
f 1310/1985/2076 1313/1992/2074 1311/1988/2074
f 1313/1992/2079 1314/1993/2080 1312/1990/2077
f 1314/1993/2081 1313/1992/2081 1315/1994/2081
f 1316/1995/2076 1315/1994/2076 1313/1992/2074
f 1313/1992/2074 1310/1985/2076 1316/1995/2076
f 1316/1995/2082 1317/1996/2082 1318/1997/2082
f 1317/1998/2083 1316/1995/2083 1310/1985/2083
f 1318/1997/2082 1315/1994/2082 1316/1995/2082
f 1315/1994/2081 1318/1999/2081 1314/1993/2081
f 1310/1985/2083 1308/1984/2083 1317/1998/2083
o gaz2975_nomg_body.318
v -31.661642 27.715603 -88.452179
v -29.671333 27.621746 -87.837494
v -31.661640 27.715603 -87.837494
v -29.671337 27.621746 -88.452179
v -31.661642 24.806667 -88.452179
v -32.193977 27.805836 -88.144836
v -32.193985 27.715603 -88.759537
v -32.726330 27.715603 -88.452194
v -32.193985 24.806660 -88.759537
v -32.726330 24.806667 -88.452194
v -32.193977 24.716427 -88.144836
v -31.661640 24.806667 -87.837494
v -32.193985 24.806667 -87.530136
v -32.726330 24.806667 -87.837494
v -32.193985 27.715603 -87.530136
v -32.726330 27.715603 -87.837494
v -29.671337 24.900517 -88.452179
v -29.671333 24.900517 -87.837494
vn 0.0471 0.9989 -0.0000
vn 0.1671 0.9859 -0.0000
vn -0.0000 -0.0000 -1.0000
vn 0.1888 -0.0000 -0.9820
vn 0.5000 -0.0000 -0.8660
vn 0.0836 0.9859 -0.1447
vn -0.0000 0.9894 -0.1452
vn -0.0836 0.9859 -0.1447
vn -0.7561 -0.0000 -0.6545
vn -0.1887 -0.0000 -0.9820
vn -0.9448 -0.0000 -0.3276
vn -0.0836 -0.9859 -0.1447
vn -0.0000 -0.9894 -0.1452
vn 0.0836 -0.9859 -0.1447
vn 0.1671 -0.9859 -0.0000
vn 0.0836 -0.9859 0.1447
vn -0.0000 -0.9894 0.1452
vn -0.0836 -0.9859 0.1447
vn -0.1671 -0.9859 -0.0000
vn -0.7561 -0.0000 0.6545
vn -0.0002 -0.0000 1.0000
vn -0.1887 -0.0000 0.9820
vn -0.9448 -0.0000 0.3275
vn -0.1671 0.9859 -0.0000
vn -0.0836 0.9859 0.1447
vn -0.0000 0.9894 0.1452
vn 0.0836 0.9859 0.1447
vn 0.5000 -0.0000 0.8660
vn 0.0471 -0.9989 -0.0000
vn 1.0000 -0.0000 -0.0000
vt 0.190946 0.106160
vt 0.190861 0.107912
vt 0.185184 0.107644
vt 0.185269 0.105881
vt 0.144333 0.094682
vt 0.146098 0.094682
vt 0.145215 0.096212
vt 0.185184 0.115942
vt 0.183430 0.107644
vt 0.146979 0.096212
vt 0.146103 0.097743
vt 0.181677 0.107644
vt 0.183430 0.115942
vt 0.181677 0.115942
vt 0.212081 0.134497
vt 0.212957 0.136028
vt 0.211194 0.136027
vt 0.212077 0.137558
vt 0.210311 0.137558
vt 0.209431 0.136028
vt 0.210307 0.134497
vt 0.179923 0.115942
vt 0.178170 0.115942
vt 0.178170 0.107644
vt 0.179923 0.107644
vt 0.144329 0.097743
vt 0.143452 0.096212
vt 0.176416 0.107644
vt 0.176416 0.115942
vt 0.190861 0.115674
vt 0.190946 0.117426
vt 0.185269 0.117705
vt 0.192615 0.115674
vt 0.192615 0.107912
s 1
usemtl body
f 1320/2000/2084 1322/2001/2084 1319/2002/2084
f 1319/2002/2084 1321/2003/2084 1320/2000/2084
f 1321/2004/2085 1319/2005/2085 1324/2006/2085
f 1323/2007/2086 1319/2002/2086 1322/2001/2086
f 1325/2008/2087 1319/2002/2088 1323/2007/2088
f 1319/2005/2089 1325/2009/2090 1324/2006/2090
f 1325/2009/2090 1326/2010/2091 1324/2006/2090
f 1326/2011/2092 1325/2008/2087 1327/2012/2093
f 1323/2007/2088 1327/2012/2093 1325/2008/2087
f 1327/2012/2093 1328/2013/2094 1326/2011/2092
f 1328/2014/2095 1327/2015/2096 1329/2016/2096
f 1327/2015/2096 1323/2017/2097 1329/2016/2096
f 1323/2017/2098 1330/2018/2098 1329/2016/2098
f 1330/2018/2099 1331/2019/2100 1329/2016/2100
f 1331/2019/2100 1332/2020/2101 1329/2016/2100
f 1332/2020/2102 1328/2014/2102 1329/2016/2102
f 1332/2021/2103 1331/2022/2104 1333/2023/2105
f 1328/2013/2094 1332/2021/2103 1334/2024/2106
f 1333/2023/2105 1334/2024/2106 1332/2021/2103
f 1326/2010/2107 1334/2025/2107 1324/2006/2107
f 1334/2025/2108 1333/2026/2109 1324/2006/2109
f 1334/2024/2106 1326/2011/2092 1328/2013/2094
f 1333/2026/2109 1321/2004/2110 1324/2006/2109
f 1321/2027/2111 1333/2023/2105 1331/2022/2104
f 1331/2022/2111 1330/2028/2111 1321/2027/2111
f 1335/2029/2112 1336/2030/2112 1330/2031/2112
f 1330/2031/2112 1323/2007/2112 1335/2029/2112
f 1336/2032/2113 1335/2029/2113 1322/2001/2113
f 1322/2001/2113 1320/2033/2113 1336/2032/2113
f 1322/2001/2086 1335/2029/2086 1323/2007/2086
o gaz2975_nomg_body.332
v -9.328039 29.156338 -88.273880
v -6.890720 29.154102 -88.788902
v -9.328039 29.154102 -88.788902
v -6.890720 29.156338 -88.273880
v -9.328039 29.603481 -88.018288
v -9.403642 29.601254 -88.533340
v -9.328039 30.048397 -88.277748
v -9.328039 30.046162 -88.792763
v -9.328039 29.599018 -89.048355
v -6.890720 30.046162 -88.792763
v -6.890720 29.599018 -89.048355
v -6.815117 29.601254 -88.533325
v -6.890720 30.048397 -88.277748
v -6.890720 29.603481 -88.018288
vn -0.0000 -1.0000 0.0043
vn -0.0000 -0.7533 0.6577
vn -0.0000 -0.9434 0.3317
vn -0.9859 -0.1671 0.0007
vn -0.0000 -0.1845 0.9828
vn -0.9859 -0.0829 0.1451
vn -0.9859 0.0842 0.1444
vn -0.9859 0.1671 -0.0007
vn -0.9859 0.0829 -0.1451
vn -0.9859 -0.0842 -0.1444
vn -0.0000 0.7532 -0.6577
vn -0.0000 -0.1930 -0.9812
vn -0.0000 0.1845 -0.9828
vn -0.0000 0.9434 -0.3316
vn -0.0000 -0.5038 -0.8638
vn 0.9859 0.0829 -0.1451
vn 0.9894 0.1255 -0.0732
vn -0.0000 -0.5037 -0.8639
vn 0.9859 -0.0842 -0.1444
vn 0.9859 0.1671 -0.0007
vn 0.9859 0.0842 0.1444
vn 0.9859 -0.0829 0.1451
vn 0.9894 -0.1255 0.0732
vn 0.9859 -0.1671 0.0007
vn -0.0000 0.1930 0.9812
vn -0.0000 0.7589 0.6512
vn -0.0000 0.9462 0.3234
vt 0.154700 0.092090
vt 0.154700 0.093559
vt 0.147746 0.093559
vt 0.147746 0.092090
vt 0.223424 0.090004
vt 0.224698 0.090759
vt 0.223407 0.091484
vt 0.147746 0.095029
vt 0.224680 0.092238
vt 0.223390 0.092963
vt 0.222117 0.092209
vt 0.222134 0.090729
vt 0.154700 0.097968
vt 0.154700 0.099437
vt 0.147746 0.099437
vt 0.147746 0.097968
vt 0.147746 0.100907
vt 0.150376 0.103802
vt 0.149643 0.102516
vt 0.151123 0.102525
vt 0.154700 0.100907
vt 0.151855 0.103811
vt 0.150391 0.101238
vt 0.151871 0.101248
vt 0.152603 0.102534
vt 0.154700 0.095029
vt 0.147746 0.096498
vt 0.154700 0.096498
s 1
usemtl body
f 1338/2034/2114 1340/2035/2115 1337/2036/2116
f 1337/2036/2116 1339/2037/2114 1338/2034/2114
f 1339/2038/2117 1337/2039/2117 1342/2040/2117
f 1341/2041/2118 1337/2036/2116 1340/2035/2115
f 1337/2039/2119 1341/2042/2119 1342/2040/2119
f 1341/2042/2120 1343/2043/2120 1342/2040/2120
f 1343/2043/2121 1344/2044/2121 1342/2040/2121
f 1344/2044/2122 1345/2045/2122 1342/2040/2122
f 1345/2045/2123 1339/2038/2123 1342/2040/2123
f 1346/2046/2124 1347/2047/2125 1345/2048/2126
f 1345/2048/2126 1344/2049/2127 1346/2046/2124
f 1339/2050/2128 1345/2048/2126 1347/2047/2125
f 1347/2051/2129 1346/2052/2130 1348/2053/2130
f 1347/2047/2125 1338/2054/2131 1339/2050/2128
f 1338/2055/2132 1347/2051/2132 1348/2053/2132
f 1346/2052/2130 1349/2056/2133 1348/2053/2130
f 1349/2056/2134 1350/2057/2134 1348/2053/2134
f 1350/2057/2135 1340/2058/2136 1348/2053/2136
f 1340/2058/2136 1338/2055/2137 1348/2053/2136
f 1340/2035/2115 1350/2059/2138 1341/2041/2118
f 1343/2060/2139 1341/2041/2118 1350/2059/2138
f 1350/2059/2138 1349/2061/2140 1343/2060/2139
f 1344/2049/2127 1343/2060/2139 1349/2061/2140
f 1349/2061/2140 1346/2046/2124 1344/2049/2127
o gaz2975_nomg_body.066
v -43.187389 5.852234 -87.507271
v -42.841938 5.852234 -90.123009
v -41.649807 5.855770 -90.587875
v -40.457661 5.859310 -90.211174
v -39.430553 5.848068 -87.589783
v -43.187389 3.196220 -87.507271
v -43.187389 5.598698 -87.871010
v -42.841938 5.598698 -90.123009
v -41.652962 5.602421 -90.584183
v -40.463974 5.606144 -90.203743
v -39.881920 5.594154 -87.960930
v -39.976551 3.197292 -87.849693
v -43.187389 3.196220 -87.871010
v -39.531498 3.198048 -87.471123
vn -0.9914 -0.0000 -0.1309
vn 0.0001 1.0000 0.0027
vn -0.0030 1.0000 -0.0003
vn -0.0031 1.0000 -0.0004
vn 0.0001 1.0000 0.0028
vn 0.0012 1.0000 0.0038
vn -1.0000 -0.0000 -0.0000
vn -0.2259 -0.0000 -0.9742
vn -0.9659 0.2126 -0.1482
vn -0.3625 -0.0042 -0.9320
vn -0.3633 -0.0000 -0.9317
vn -0.3624 -0.0049 -0.9320
vn -0.3616 -0.0091 -0.9323
vn 0.0009 -1.0000 -0.0022
vn 0.0033 -1.0000 0.0005
vn 0.0031 -1.0000 0.0004
vn 0.3012 -0.0353 -0.9529
vn 0.3048 -0.0177 -0.9523
vn 0.3012 -0.0354 -0.9529
vn 0.0007 -1.0000 -0.0024
vn 0.9674 -0.0315 -0.2512
vn -0.0015 -1.0000 -0.0050
vn -0.0272 -0.0453 -0.9986
vn 0.6505 -0.0598 -0.7571
vn 0.6541 -0.0608 -0.7539
vn 0.6506 -0.0598 -0.7571
vn 0.6212 -0.7438 -0.2466
vn 0.0066 -0.0000 -1.0000
vn -0.1058 -0.0001 -0.9944
vn 0.0005 -1.0000 0.0001
vn 0.0003 -1.0000 0.0016
vn 0.0004 -1.0000 0.0014
vn 0.6469 -0.0587 -0.7603
vn 0.0005 -1.0000 -0.0000
vt 0.859202 0.627455
vt 0.866506 0.626327
vt 0.866615 0.627025
vt 0.867735 0.622959
vt 0.866607 0.619644
vt 0.859202 0.616928
vt 0.973881 0.597011
vt 0.981371 0.597011
vt 0.980656 0.598037
vt 0.860310 0.628013
vt 0.986974 0.599192
vt 0.987648 0.598954
vt 0.988855 0.602353
vt 0.988178 0.602579
vt 0.987010 0.605898
vt 0.988849 0.602823
vt 0.987679 0.606148
vt 0.860884 0.616445
vt 0.866818 0.619068
vt 0.980643 0.607358
vt 0.973885 0.607091
vt 0.981360 0.608631
vt 0.973881 0.598037
vt 0.972826 0.608354
vt 0.973887 0.608347
vt 0.972856 0.598044
s 1
usemtl body
f 1351/2062/2141 1352/2063/2141 1358/2064/2141
f 1351/2062/2142 1353/2065/2143 1352/2063/2144
f 1351/2062/2142 1354/2066/2145 1353/2065/2143
f 1351/2062/2142 1355/2067/2146 1354/2066/2145
f 1356/2068/2147 1351/2069/2147 1357/2070/2148
f 1358/2064/2149 1357/2071/2149 1351/2062/2149
f 1358/2072/2150 1352/2073/2151 1353/2074/2152
f 1353/2074/2152 1359/2075/2153 1358/2072/2150
f 1357/2070/2154 1358/2072/2155 1359/2075/2156
f 1360/2076/2157 1359/2075/2158 1353/2077/2159
f 1357/2070/2154 1359/2075/2156 1360/2076/2160
f 1353/2077/2159 1354/2078/2159 1360/2076/2157
f 1361/2079/2161 1360/2080/2161 1354/2066/2161
f 1361/2081/2162 1357/2070/2154 1360/2076/2160
f 1357/2070/2163 1361/2081/2163 1362/2082/2163
f 1362/2082/2164 1361/2081/2165 1355/2083/2166
f 1354/2066/2167 1355/2067/2167 1361/2079/2167
f 1362/2082/2168 1363/2084/2169 1357/2070/2148
f 1363/2084/2170 1362/2082/2171 1364/2085/2172
f 1355/2083/2166 1364/2086/2173 1362/2082/2164
f 1364/2085/2172 1356/2087/2174 1363/2084/2170
f 1357/2070/2148 1363/2084/2169 1356/2068/2147
o gaz2975_nomg_body.068
v -40.010826 -17.539631 -87.507256
v -40.356277 -17.539631 -90.123009
v -41.548428 -17.543167 -90.587891
v -42.740559 -17.546700 -90.211174
v -43.767673 -17.535460 -87.589783
v -40.010826 -14.883614 -87.507256
v -40.010834 -17.286093 -87.871010
v -40.356277 -17.286093 -90.123009
v -41.545265 -17.289814 -90.584183
v -42.734245 -17.293537 -90.203758
v -43.316307 -17.281549 -87.960930
v -43.221676 -14.884693 -87.849693
v -40.010834 -14.883614 -87.871010
v -43.666725 -14.885439 -87.471123
vn 0.9914 -0.0000 -0.1309
vn -0.0001 -1.0000 0.0028
vn 0.0029 -1.0000 -0.0003
vn 0.0031 -1.0000 -0.0004
vn -0.0012 -1.0000 0.0038
vn 1.0000 -0.0000 -0.0000
vn 0.2259 -0.0000 -0.9742
vn 0.9659 -0.2125 -0.1482
vn 0.3626 0.0037 -0.9319
vn 0.3633 -0.0000 -0.9317
vn 0.3624 0.0048 -0.9320
vn 0.3616 0.0092 -0.9323
vn -0.0009 1.0000 -0.0022
vn -0.0033 1.0000 0.0005
vn -0.0031 1.0000 0.0004
vn -0.3012 0.0354 -0.9529
vn -0.3047 0.0178 -0.9523
vn -0.0007 1.0000 -0.0024
vn -0.9674 0.0315 -0.2512
vn 0.0015 1.0000 -0.0050
vn 0.0272 0.0453 -0.9986
vn -0.6503 0.0597 -0.7574
vn -0.6541 0.0608 -0.7539
vn -0.6504 0.0597 -0.7573
vn -0.6212 0.7438 -0.2466
vn -0.0066 -0.0000 -1.0000
vn 0.1058 0.0003 -0.9944
vn -0.0005 1.0000 0.0001
vn -0.0003 1.0000 0.0016
vn -0.0004 1.0000 0.0014
vn -0.6469 0.0587 -0.7603
vn -0.0005 1.0000 -0.0000
vt 0.846012 0.616448
vt 0.847140 0.623753
vt 0.846442 0.623861
vt 0.850507 0.624981
vt 0.853823 0.623853
vt 0.856539 0.616448
vt 0.973881 0.597011
vt 0.981371 0.597011
vt 0.980656 0.598037
vt 0.845454 0.617556
vt 0.986974 0.599192
vt 0.987648 0.598954
vt 0.988855 0.602353
vt 0.988178 0.602579
vt 0.987010 0.605898
vt 0.988849 0.602823
vt 0.987679 0.606148
vt 0.857022 0.618131
vt 0.854399 0.624064
vt 0.980643 0.607358
vt 0.973885 0.607091
vt 0.981360 0.608631
vt 0.973881 0.598037
vt 0.972826 0.608354
vt 0.973887 0.608347
vt 0.972856 0.598044
s 1
usemtl body
f 1365/2088/2175 1366/2089/2175 1372/2090/2175
f 1365/2088/2176 1367/2091/2177 1366/2089/2178
f 1365/2088/2176 1368/2092/2176 1367/2091/2177
f 1365/2088/2176 1369/2093/2179 1368/2092/2176
f 1370/2094/2180 1365/2095/2180 1371/2096/2181
f 1372/2090/2182 1371/2097/2182 1365/2088/2182
f 1372/2098/2183 1366/2099/2184 1367/2100/2185
f 1367/2100/2185 1373/2101/2186 1372/2098/2183
f 1371/2096/2187 1372/2098/2188 1373/2101/2189
f 1374/2102/2190 1373/2101/2191 1367/2103/2190
f 1371/2096/2187 1373/2101/2189 1374/2102/2192
f 1367/2103/2190 1368/2104/2190 1374/2102/2190
f 1375/2105/2193 1374/2106/2193 1368/2092/2193
f 1375/2107/2194 1371/2096/2187 1374/2102/2192
f 1371/2096/2195 1375/2107/2195 1376/2108/2195
f 1376/2108/2196 1375/2107/2197 1369/2109/2198
f 1368/2092/2199 1369/2093/2199 1375/2105/2199
f 1376/2108/2200 1377/2110/2201 1371/2096/2181
f 1377/2110/2202 1376/2108/2203 1378/2111/2204
f 1369/2109/2198 1378/2112/2205 1376/2108/2196
f 1378/2111/2204 1370/2113/2206 1377/2110/2202
f 1371/2096/2181 1377/2110/2201 1370/2094/2180
o gaz2975_nomg_body.082
v -23.933842 -1.235897 -90.451050
v -40.839882 4.332802 -90.451080
v -40.839882 -1.235901 -90.451080
v -30.103436 9.211647 -90.451057
v -23.933844 9.211647 -90.451050
v -23.933840 9.211647 -89.992218
v -23.933838 -1.235897 -89.992218
v -40.839882 -1.235901 -89.992226
v -40.839882 4.332802 -89.992226
v -30.103432 9.211647 -89.992210
vn -0.0000 -0.0000 -1.0000
vn -0.0000 0.0137 -0.9999
vn -0.0000 -1.0000 -0.0000
vn -0.0000 -0.0513 0.9987
vn -0.0000 0.0873 -0.9962
vn 1.0000 -0.0000 -0.0000
vn -0.0000 -0.0000 1.0000
vn -0.0002 -0.0819 0.9966
vn -0.0000 1.0000 -0.0000
vn -0.4137 0.9104 -0.0000
vn -1.0000 -0.0000 -0.0000
vt 0.170478 0.072350
vt 0.220940 0.088972
vt 0.188893 0.103535
vt 0.220940 0.072350
vt 0.204432 0.138998
vt 0.170916 0.138998
vt 0.170916 0.138089
vt 0.170478 0.103535
vt 0.170007 0.138089
vt 0.170007 0.117376
vt 0.170916 0.117376
vt 0.183147 0.117376
vt 0.204432 0.138089
vt 0.204432 0.127049
vt 0.188893 0.104904
vt 0.170478 0.104904
vt 0.221507 0.090219
vt 0.189460 0.104782
vt 0.222310 0.072350
vt 0.222310 0.088972
s 1
usemtl body
f 1379/2114/2207 1380/2115/2207 1382/2116/2208
f 1379/2114/2207 1381/2117/2207 1380/2115/2207
f 1381/2118/2209 1379/2119/2209 1385/2120/2210
f 1379/2114/2207 1382/2116/2208 1383/2121/2211
f 1379/2122/2212 1383/2123/2212 1384/2124/2212
f 1384/2124/2212 1385/2120/2212 1379/2122/2212
f 1385/2120/2210 1384/2124/2213 1388/2125/2213
f 1385/2120/2210 1386/2126/2214 1381/2118/2209
f 1387/2127/2213 1386/2126/2214 1385/2120/2210
f 1387/2127/2213 1385/2120/2210 1388/2125/2213
f 1388/2128/2215 1384/2129/2215 1383/2121/2211
f 1383/2121/2211 1382/2116/2208 1388/2128/2215
f 1387/2130/2216 1388/2131/2216 1382/2116/2216
f 1386/2132/2217 1387/2133/2217 1380/2115/2217
f 1382/2116/2216 1380/2115/2216 1387/2130/2216
f 1380/2115/2217 1381/2117/2217 1386/2132/2217
o gaz2975_nomg_body.083
v -18.251198 -2.869389 -97.019714
v -18.251198 10.340454 -97.019707
v -20.970345 4.934643 -97.111237
v -21.340902 3.551685 -97.111237
v -22.353298 2.539295 -97.111244
v -29.221300 -2.846001 -97.040878
v -18.251198 10.119553 -96.798805
v -18.251198 -2.648487 -96.798813
v -18.251205 -2.960888 -90.327240
v -27.297409 -2.960888 -90.327263
v -27.297409 -2.648487 -90.327263
v -29.221300 -2.648487 -96.798836
v -18.251205 -2.648487 -90.327240
v -29.221302 10.321072 -97.037544
v -29.221302 10.119553 -96.798836
v -23.736246 2.168736 -96.798828
v -25.119198 2.539295 -96.798828
v -26.131592 3.551685 -96.798828
v -26.502153 4.934639 -96.798820
v -26.502161 4.934635 -97.111244
v -26.131598 6.317593 -97.111252
v -26.131594 6.317596 -96.798828
v -25.119209 7.329987 -97.111237
v -25.119200 7.329987 -96.798820
v -23.736248 7.700550 -96.798828
v -23.736250 7.700550 -97.111252
v -22.353296 7.329990 -96.798820
v -21.340904 6.317596 -97.111229
v -21.340900 6.317593 -96.798813
v -22.353300 7.329994 -97.111237
v -20.970341 4.934643 -96.798820
v -21.340899 3.551685 -96.798813
v -22.353294 2.539299 -96.798820
v -26.131596 3.551682 -97.111244
v -25.119207 2.539288 -97.111244
v -23.736252 2.168732 -97.111244
v -27.297407 10.119553 -89.095909
v -27.297407 10.431953 -89.095909
v -18.251207 10.431953 -89.095886
v -18.251207 10.119553 -89.095886
vn 1.0000 -0.0000 -0.0000
vn 0.0120 -0.0088 -0.9999
vn 0.0190 -0.0051 -0.9998
vn 0.0336 -0.0000 -0.9994
vn 0.0135 -0.0077 -0.9999
vn 0.0014 -0.0150 -0.9999
vn -0.0003 -0.0138 -0.9999
vn -0.0000 -0.9999 -0.0137
vn -0.0021 -0.9999 -0.0165
vn 0.0247 -0.9996 -0.0137
vn 0.0578 -0.9982 -0.0136
vn 0.0246 -0.9996 -0.0137
vn -0.9613 -0.0000 0.2755
vn -0.0000 1.0000 -0.0000
vn -0.0000 0.9259 0.3777
vn -0.0000 0.8023 0.5970
vn -0.9050 -0.3297 0.2690
vn -1.0000 -0.0000 -0.0000
vn -0.0000 -0.0000 1.0000
vn 0.9659 -0.2588 -0.0000
vn 0.9659 0.2588 -0.0000
vn 0.7071 -0.7071 -0.0000
vn 0.2588 -0.9659 -0.0000
vn -0.2588 -0.9659 -0.0000
vn -0.0000 -0.9855 0.1698
vn -0.0000 -0.9543 0.2989
vn -0.7071 -0.7071 -0.0000
vn 0.0184 0.0086 -0.9998
vn 0.0060 0.0222 -0.9997
vn 0.0028 0.0287 -0.9996
vn 0.0026 0.0292 -0.9996
vn -0.9659 -0.2588 -0.0000
vn -0.9659 0.2588 -0.0000
vn -0.7071 0.7071 -0.0000
vn -0.2588 0.9659 -0.0000
vn 0.0016 0.0314 -0.9995
vn -0.0048 0.0180 -0.9998
vn -0.0230 0.0024 -0.9997
vn -0.0135 0.0080 -0.9999
vn -0.0245 0.0013 -0.9997
vn -0.0101 -0.0061 -0.9999
vn -0.0050 -0.0093 -0.9999
vn 0.7071 0.7071 -0.0000
vn -0.0002 -0.0138 -0.9999
vn 0.2588 0.9659 -0.0000
vn -0.9380 0.2648 0.2235
vn -0.0000 -0.9993 0.0364
vn -0.9702 -0.0000 0.2423
vn -0.0011 0.9999 -0.0127
vn -0.0000 0.9999 -0.0115
vn -0.0008 0.9999 -0.0125
vn -0.0017 0.9999 -0.0135
vn 0.0006 -0.9992 0.0403
vt 0.168591 0.118726
vt 0.168591 0.080444
vt 0.169022 0.081084
vt 0.168067 0.118726
vt 0.159786 0.096274
vt 0.168067 0.080444
vt 0.158631 0.100116
vt 0.155447 0.102852
vt 0.134235 0.118681
vt 0.140671 0.138595
vt 0.134714 0.119025
vt 0.168546 0.119070
vt 0.169022 0.118086
vt 0.168570 0.138561
vt 0.169199 0.119704
vt 0.139799 0.138845
vt 0.017146 0.293338
vt 0.001228 0.293338
vt 0.001228 0.282636
vt 0.020532 0.282636
vt 0.134326 0.119844
vt 0.169479 0.138548
vt 0.133659 0.080519
vt 0.133659 0.118681
vt 0.133272 0.118108
vt 0.133277 0.081103
vt 0.020532 0.261524
vt 0.015885 0.270191
vt 0.010853 0.274704
vt 0.013328 0.274142
vt 0.015217 0.272530
vt 0.015401 0.270189
vt 0.014800 0.268088
vt 0.015232 0.267850
vt 0.013094 0.266638
vt 0.013346 0.266198
vt 0.010889 0.265552
vt 0.010884 0.266063
vt 0.008419 0.266116
vt 0.001228 0.261524
vt 0.008665 0.266556
vt 0.006956 0.267982
vt 0.006534 0.267733
vt 0.158645 0.092435
vt 0.155455 0.089443
vt 0.151157 0.088385
vt 0.006353 0.270084
vt 0.005867 0.270079
vt 0.006916 0.272201
vt 0.006484 0.272437
vt 0.008628 0.273647
vt 0.008376 0.274088
vt 0.134235 0.080519
vt 0.146865 0.089392
vt 0.143684 0.092334
vt 0.142566 0.096016
vt 0.143726 0.099688
vt 0.014795 0.272283
vt 0.146869 0.102653
vt 0.013080 0.273702
vt 0.151151 0.103654
vt 0.010853 0.274191
vt 0.140331 0.056752
vt 0.134427 0.079657
vt 0.134012 0.078825
vt 0.017146 0.248786
vt 0.139427 0.056532
vt 0.168229 0.056716
vt 0.168259 0.079582
vt 0.001228 0.248270
vt 0.017146 0.248270
vt 0.169131 0.056725
vt 0.001228 0.248786
vt 0.168903 0.078951
s 1
usemtl body
f 1389/2134/2218 1390/2135/2218 1395/2136/2218
f 1389/2137/2219 1391/2138/2220 1390/2139/2221
f 1389/2137/2219 1392/2140/2222 1391/2138/2220
f 1389/2137/2219 1393/2141/2223 1392/2140/2222
f 1394/2142/2224 1393/2141/2223 1389/2137/2219
f 1398/2143/2225 1394/2144/2226 1389/2145/2227
f 1395/2136/2218 1396/2146/2218 1389/2134/2218
f 1397/2147/2228 1389/2145/2229 1396/2148/2218
f 1389/2145/2229 1397/2147/2228 1398/2143/2225
f 1394/2144/2230 1398/2143/2230 1399/2149/2230
f 1399/2150/2231 1401/2151/2231 1396/2152/2232
f 1396/2152/2232 1400/2153/2233 1399/2150/2231
f 1399/2149/2234 1400/2154/2234 1394/2144/2234
f 1396/2148/2218 1401/2155/2218 1397/2147/2228
f 1402/2156/2235 1394/2157/2235 1400/2158/2235
f 1400/2158/2235 1403/2159/2235 1402/2156/2235
f 1403/2160/2236 1400/2153/2236 1407/2161/2236
f 1404/2162/2236 1405/2163/2236 1400/2153/2236
f 1404/2162/2236 1400/2153/2233 1396/2152/2232
f 1400/2153/2236 1405/2163/2236 1406/2164/2236
f 1406/2164/2236 1407/2161/2236 1400/2153/2236
f 1407/2161/2218 1408/2165/2218 1409/2166/2237
f 1408/2165/2218 1407/2161/2218 1406/2164/2238
f 1409/2166/2237 1410/2167/2237 1407/2161/2237
f 1407/2161/2236 1410/2167/2236 1403/2160/2236
f 1410/2167/2239 1409/2166/2239 1411/2168/2239
f 1411/2168/2239 1412/2169/2239 1410/2167/2239
f 1410/2167/2236 1412/2169/2236 1403/2160/2236
f 1412/2169/2236 1413/2170/2236 1403/2160/2236
f 1413/2170/2240 1412/2169/2240 1411/2168/2240
f 1411/2168/2240 1414/2171/2240 1413/2170/2240
f 1415/2172/2241 1413/2170/2241 1414/2171/2241
f 1413/2170/2236 1415/2172/2236 1395/2173/2236
f 1413/2170/2236 1395/2173/2242 1403/2160/2243
f 1415/2172/2244 1418/2174/2244 1416/2175/2244
f 1416/2175/2244 1417/2176/2244 1415/2172/2244
f 1395/2173/2236 1415/2172/2236 1417/2176/2236
f 1414/2171/2241 1418/2174/2241 1415/2172/2241
f 1416/2177/2245 1418/2178/2246 1390/2139/2247
f 1390/2139/2247 1418/2178/2246 1414/2179/2248
f 1417/2176/2249 1416/2175/2249 1391/2180/2249
f 1391/2180/2249 1419/2181/2249 1417/2176/2249
f 1417/2176/2236 1419/2181/2236 1395/2173/2236
f 1419/2181/2250 1391/2180/2250 1392/2182/2250
f 1392/2182/2250 1420/2183/2250 1419/2181/2250
f 1419/2181/2236 1420/2183/2236 1396/2152/2236
f 1419/2181/2236 1396/2152/2236 1395/2173/2236
f 1420/2183/2251 1392/2182/2251 1393/2184/2251
f 1393/2184/2251 1421/2185/2251 1420/2183/2251
f 1420/2183/2236 1421/2185/2236 1396/2152/2236
f 1421/2185/2236 1404/2162/2236 1396/2152/2236
f 1404/2162/2252 1421/2185/2252 1393/2184/2252
f 1390/2139/2247 1391/2138/2220 1416/2177/2245
f 1390/2139/2247 1414/2179/2248 1402/2186/2253
f 1414/2179/2248 1411/2187/2254 1402/2186/2255
f 1402/2186/2255 1411/2187/2254 1409/2188/2256
f 1402/2186/2255 1409/2188/2256 1408/2189/2257
f 1402/2186/2255 1408/2189/2257 1394/2142/2224
f 1394/2142/2224 1408/2189/2257 1422/2190/2258
f 1406/2164/2238 1422/2191/2238 1408/2165/2238
f 1422/2190/2258 1423/2192/2259 1394/2142/2224
f 1405/2163/2260 1423/2193/2260 1422/2191/2260
f 1422/2191/2260 1406/2164/2260 1405/2163/2260
f 1394/2142/2224 1423/2192/2259 1424/2194/2261
f 1424/2195/2262 1423/2193/2262 1405/2163/2262
f 1394/2142/2224 1424/2194/2261 1393/2141/2223
f 1393/2184/2252 1424/2195/2252 1404/2162/2252
f 1405/2163/2262 1404/2162/2262 1424/2195/2262
f 1426/2196/2263 1402/2197/2263 1403/2198/2263
f 1425/2199/2264 1403/2160/2243 1395/2173/2242
f 1403/2198/2265 1425/2200/2265 1426/2196/2265
f 1426/2196/2266 1427/2201/2267 1390/2202/2268
f 1390/2202/2268 1402/2197/2269 1426/2196/2266
f 1427/2203/2236 1426/2204/2236 1425/2199/2264
f 1390/2202/2218 1427/2201/2218 1428/2205/2218
f 1425/2199/2264 1428/2206/2270 1427/2203/2236
f 1428/2205/2218 1395/2207/2218 1390/2202/2218
f 1395/2173/2242 1428/2206/2270 1425/2199/2264
o gaz2975_nomg_body.084
v -15.455573 -4.649323 -90.428520
v -17.336182 -2.985134 -90.428520
v -19.984009 -1.500458 -90.428528
v -32.092091 -1.538055 -90.428551
v -32.092087 -11.046207 -90.428551
v -17.336182 -2.985134 -90.243042
v -15.455573 -4.649323 -90.243034
v -32.092087 -11.046207 -90.243073
v -32.092091 -1.538055 -90.243073
v -19.984013 -1.500458 -90.243042
vn 0.6627 0.7489 -0.0000
vn -0.0000 -0.0000 -1.0000
vn 0.3589 -0.9334 -0.0000
vn -0.0000 -0.0000 1.0000
vn -0.0031 1.0000 -0.0000
vn 0.4891 0.8723 -0.0000
vn 0.4891 0.8722 -0.0000
vn -1.0000 -0.0000 -0.0000
vt 0.099644 0.289846
vt 0.095672 0.296203
vt 0.095202 0.295909
vt 0.092607 0.304730
vt 0.098688 0.340356
vt 0.126678 0.335667
vt 0.127598 0.335263
vt 0.100563 0.289441
vt 0.101040 0.289160
vt 0.099174 0.289552
vt 0.204824 0.125727
vt 0.201607 0.124055
vt 0.198235 0.121257
vt 0.128075 0.334981
vt 0.192012 0.104921
vt 0.204824 0.099995
vt 0.098142 0.340449
vt 0.092061 0.304823
vt 0.092085 0.304542
vt 0.095151 0.296016
vt 0.126770 0.336213
vt 0.098779 0.340902
s 1
usemtl body
f 1429/2208/2271 1430/2209/2271 1434/2210/2271
f 1429/2208/2272 1431/2211/2272 1430/2209/2272
f 1429/2208/2272 1432/2212/2272 1431/2211/2272
f 1429/2208/2272 1433/2213/2272 1432/2212/2272
f 1433/2214/2273 1429/2215/2273 1435/2216/2273
f 1434/2210/2271 1435/2217/2271 1429/2208/2271
f 1435/2218/2274 1434/2219/2274 1438/2220/2274
f 1435/2216/2273 1436/2221/2273 1433/2214/2273
f 1437/2222/2274 1436/2223/2274 1435/2218/2274
f 1437/2222/2274 1435/2218/2274 1438/2220/2274
f 1437/2224/2275 1438/2225/2275 1431/2211/2275
f 1430/2209/2276 1431/2211/2277 1438/2226/2277
f 1438/2226/2277 1434/2227/2276 1430/2209/2276
f 1436/2228/2278 1437/2229/2278 1432/2212/2278
f 1431/2211/2275 1432/2212/2275 1437/2224/2275
f 1432/2212/2278 1433/2213/2278 1436/2228/2278
o gaz2975_nomg_body.306
v -32.482204 -11.147141 -90.215347
v -31.482901 -1.511372 -90.215347
v -32.482208 -1.511375 -90.215347
v -32.981865 -11.069679 -89.349922
v -31.482901 -10.949852 -89.440483
v -30.983250 -1.511372 -89.349907
v -30.983248 -11.069679 -89.349907
v -31.982559 -1.511372 -88.484474
v -31.982552 -11.699825 -88.484474
v -32.981869 -1.511372 -89.349922
vn 0.6194 -0.0642 -0.7824
vn -0.5000 -0.0000 -0.8660
vn -0.6537 -0.0000 -0.7567
vn -0.0000 -0.0000 -1.0000
vn -1.0000 -0.0000 -0.0013
vn 0.8653 -0.0410 -0.4996
vn 0.1784 -0.0000 -0.9840
vn 0.6547 -0.0000 0.7559
vn -0.6547 -0.0000 0.7559
vn -0.9607 -0.0003 0.2776
vt 0.280933 0.415523
vt 0.309490 0.414670
vt 0.310047 0.418332
vt 0.280971 0.418332
vt 0.309818 0.421348
vt 0.281030 0.412631
vt 0.309865 0.413399
vt 0.281133 0.408642
vt 0.311876 0.409460
vt 0.311721 0.425339
vt 0.280966 0.425339
vt 0.280966 0.421348
s 1
usemtl body
f 1440/2230/2279 1443/2231/2279 1439/2232/2279
f 1439/2232/2280 1441/2233/2281 1440/2230/2282
f 1441/2233/2281 1439/2232/2280 1442/2234/2283
f 1443/2231/2284 1440/2230/2284 1444/2235/2284
f 1444/2235/2285 1445/2236/2285 1443/2231/2285
f 1445/2236/2286 1444/2235/2286 1446/2237/2286
f 1446/2237/2286 1447/2238/2286 1445/2236/2286
f 1447/2239/2287 1446/2240/2287 1448/2241/2287
f 1448/2241/2288 1442/2234/2283 1447/2239/2287
f 1442/2234/2283 1448/2241/2288 1441/2233/2281
o gaz2975_nomg_body.307
v -19.888586 -1.459034 -90.218788
v -40.955872 -0.518208 -89.404045
v -40.955864 -1.459038 -90.218842
v -19.688875 -0.518204 -89.404007
v -20.088306 -2.399868 -89.404022
v -17.293119 -2.612999 -90.218788
v -17.879623 -3.381870 -89.404007
v -16.344946 -5.257198 -89.403999
v -15.354014 -5.041443 -88.589218
v -17.293119 -2.612999 -88.589218
v -19.888586 -1.459034 -88.589218
v -16.706621 -1.844131 -89.403999
v -14.888743 -4.065506 -89.404015
v -15.616842 -4.661350 -90.218803
v -40.955864 -1.459038 -88.589264
v -40.955872 -2.399872 -89.404045
vn -0.0000 0.6547 -0.7559
vn -0.0000 -0.6546 -0.7559
vn 0.2660 0.5982 -0.7559
vn -0.2660 -0.5982 -0.7559
vn -0.2660 -0.5982 0.7559
vn -0.5066 -0.4146 -0.7559
vn -0.5124 -0.4092 0.7550
vn -0.5183 -0.4241 0.7426
vn -0.0002 -0.6546 0.7560
vn -0.0321 -0.6504 0.7589
vn 0.2660 0.5982 0.7559
vn 0.5066 0.4146 0.7559
vn 0.5018 0.4007 0.7665
vn 0.5066 0.4146 -0.7559
vn -0.0000 -0.6546 0.7559
vn -0.0000 0.6547 0.7559
vn -0.0000 -0.6547 0.7559
vn -0.0000 -0.6547 -0.7559
vn -0.0000 0.6546 0.7559
vt 0.132036 0.429562
vt 0.132110 0.366331
vt 0.135794 0.366191
vt 0.135780 0.429564
vt 0.120893 0.429184
vt 0.120893 0.366551
vt 0.124600 0.366405
vt 0.135065 0.356987
vt 0.124012 0.358468
vt 0.120229 0.358813
vt 0.127819 0.357890
vt 0.122947 0.350943
vt 0.126406 0.350106
vt 0.128368 0.366368
vt 0.131459 0.357331
vt 0.130203 0.349215
vt 0.134067 0.348759
vt 0.119418 0.351297
vt 0.128293 0.429371
vt 0.124593 0.429183
s 1
usemtl body
f 1450/2242/2289 1452/2243/2289 1449/2244/2289
f 1449/2244/2289 1451/2245/2289 1450/2242/2289
f 1451/2246/2290 1449/2247/2290 1453/2248/2290
f 1454/2249/2291 1449/2244/2291 1452/2243/2291
f 1455/2250/2292 1453/2248/2292 1449/2247/2292
f 1449/2247/2292 1454/2251/2292 1455/2250/2292
f 1453/2248/2293 1455/2250/2293 1458/2252/2293
f 1456/2253/2294 1455/2250/2294 1454/2251/2294
f 1455/2250/2295 1456/2253/2296 1457/2254/2295
f 1457/2254/2295 1458/2252/2295 1455/2250/2295
f 1458/2252/2293 1459/2255/2297 1453/2248/2298
f 1459/2255/2299 1458/2252/2299 1460/2256/2299
f 1461/2257/2300 1460/2256/2300 1458/2252/2300
f 1458/2252/2300 1457/2254/2301 1461/2257/2300
f 1460/2256/2302 1461/2257/2302 1462/2258/2302
f 1462/2258/2302 1454/2249/2302 1460/2256/2302
f 1454/2251/2294 1462/2259/2294 1456/2253/2294
f 1460/2256/2299 1452/2243/2299 1459/2255/2299
f 1452/2243/2291 1460/2256/2291 1454/2249/2291
f 1459/2255/2303 1463/2260/2303 1464/2261/2303
f 1463/2260/2304 1459/2255/2304 1452/2243/2304
f 1464/2261/2305 1453/2248/2298 1459/2255/2297
f 1453/2248/2306 1464/2261/2306 1451/2246/2306
f 1452/2243/2307 1450/2242/2307 1463/2260/2307
o gaz2975_nomg_body.308
v -20.533581 5.252808 -95.508072
v -20.063908 -2.467365 -90.057236
v -20.063904 4.785320 -96.227509
v -20.533588 -1.942692 -89.435547
v -20.063904 5.777294 -94.886200
v -20.063906 6.472466 -96.327744
v -20.533585 5.657391 -96.326416
v -20.063900 6.466934 -96.817764
v -20.533577 5.651882 -96.816483
v -20.063900 4.836830 -96.815170
v -19.124554 4.785320 -96.227509
v -19.124548 4.836830 -96.815163
v -18.654873 5.657391 -96.326416
v -18.654871 5.651882 -96.816467
v -19.124552 6.472466 -96.327736
v -19.124550 6.466934 -96.817764
v -19.124554 5.777294 -94.886200
v -18.654873 5.252808 -95.508064
v -19.124556 -1.418022 -88.813828
v -20.063904 -1.418022 -88.813828
v -18.654879 -1.942692 -89.435539
v -19.124559 -2.467365 -90.057220
vn -0.8755 -0.3131 -0.3681
vn -0.8660 -0.3225 -0.3821
vn -0.8753 -0.3133 -0.3683
vn -0.8436 -0.4813 -0.2380
vn -0.8660 0.3225 0.3821
vn -0.8439 0.4826 0.2346
vn -0.8451 0.4815 0.2322
vn -0.8438 0.4826 0.2346
vn -0.8410 0.4850 0.2398
vn -0.8664 0.4993 -0.0056
vn -0.8807 -0.4737 0.0053
vn -0.8656 -0.4989 -0.0437
vn -0.0000 -0.9962 -0.0873
vn 0.8777 -0.4774 -0.0418
vn 0.8664 -0.4993 0.0056
vn 0.8664 0.4993 -0.0056
vn -0.0000 0.9999 -0.0113
vn 0.8434 0.4832 0.2348
vn 0.8422 0.4857 0.2342
vn 0.8439 0.4822 0.2351
vn -0.0000 0.9007 0.4344
vn 0.8462 0.4777 0.2362
vn 0.8660 0.3225 0.3821
vn -0.0000 0.6450 0.7642
vn 0.8660 -0.3240 -0.3808
vn 0.8756 -0.3116 -0.3692
vn 0.8660 -0.3240 -0.3809
vn -0.0000 -0.6480 -0.7617
vn 0.8436 -0.4813 -0.2380
vt 0.170808 0.071281
vt 0.170573 0.068420
vt 0.199102 0.067586
vt 0.199876 0.070325
vt 0.201882 0.067850
vt 0.198636 0.065061
vt 0.203228 0.065255
vt 0.204558 0.065523
vt 0.203193 0.068501
vt 0.201617 0.071044
vt 0.199829 0.057236
vt 0.199633 0.054330
vt 0.201314 0.054079
vt 0.201654 0.056766
vt 0.201846 0.059798
vt 0.203154 0.059182
vt 0.203217 0.062389
vt 0.204544 0.062118
vt 0.198628 0.062567
vt 0.199081 0.060025
vt 0.170281 0.062566
vt 0.170290 0.065508
vt 0.170549 0.059657
vt 0.170805 0.056807
vt 0.170893 0.053972
s 1
usemtl body
f 1466/2262/2308 1468/2263/2309 1465/2264/2310
f 1465/2264/2310 1467/2265/2308 1466/2262/2308
f 1465/2264/2311 1471/2266/2311 1467/2265/2311
f 1469/2267/2312 1465/2264/2312 1468/2263/2312
f 1465/2264/2313 1469/2267/2314 1470/2268/2315
f 1470/2268/2315 1471/2266/2316 1465/2264/2313
f 1471/2266/2317 1470/2268/2317 1472/2269/2317
f 1472/2269/2317 1473/2270/2317 1471/2266/2317
f 1467/2265/2318 1471/2266/2318 1473/2270/2318
f 1473/2270/2319 1474/2271/2319 1467/2265/2319
f 1475/2272/2320 1467/2273/2320 1474/2274/2320
f 1474/2274/2320 1476/2275/2320 1475/2272/2320
f 1477/2276/2321 1475/2272/2321 1476/2275/2321
f 1476/2275/2322 1478/2277/2322 1477/2276/2322
f 1479/2278/2323 1477/2276/2323 1478/2277/2323
f 1478/2277/2323 1480/2279/2323 1479/2278/2323
f 1470/2268/2324 1479/2278/2324 1480/2279/2324
f 1480/2279/2324 1472/2269/2324 1470/2268/2324
f 1477/2276/2325 1479/2278/2326 1481/2280/2327
f 1469/2267/2328 1481/2280/2328 1479/2278/2328
f 1479/2278/2328 1470/2268/2328 1469/2267/2328
f 1481/2280/2327 1482/2281/2329 1477/2276/2325
f 1482/2281/2330 1481/2280/2330 1483/2282/2330
f 1484/2283/2331 1483/2282/2331 1481/2280/2331
f 1481/2280/2331 1469/2267/2331 1484/2283/2331
f 1468/2263/2312 1484/2283/2312 1469/2267/2312
f 1483/2282/2330 1485/2284/2330 1482/2281/2330
f 1475/2272/2332 1482/2281/2333 1485/2284/2334
f 1485/2284/2334 1486/2285/2332 1475/2272/2332
f 1486/2285/2335 1466/2286/2335 1467/2273/2335
f 1467/2273/2335 1475/2272/2335 1486/2285/2335
f 1475/2272/2336 1477/2276/2336 1482/2281/2336
o gaz2975_nomg_body.309
v -24.641304 7.266029 -90.130287
v -25.110971 -0.454144 -95.581139
v -24.641291 0.013344 -96.300575
v -23.701952 7.266029 -90.130302
v -25.110983 6.741360 -89.508614
v -24.641296 -0.978630 -94.959267
v -24.641304 6.216690 -88.886894
v -23.701946 -0.978630 -94.959282
v -23.701954 6.216686 -88.886909
v -23.232265 -0.454144 -95.581123
v -23.232273 6.741360 -89.508591
v -23.701941 0.013344 -96.300575
v -24.641293 -0.038174 -96.888237
v -23.701939 -0.038174 -96.888245
v -23.232265 -0.858734 -96.399475
v -23.701941 -1.673809 -96.400810
v -23.232260 -0.853222 -96.889526
v -23.701939 -1.668270 -96.890854
v -24.641296 -1.673809 -96.400810
v -24.641287 -1.668274 -96.890839
v -25.110970 -0.858734 -96.399483
v -25.110968 -0.853222 -96.889534
vn -0.8660 0.3225 -0.3821
vn -0.5169 0.5546 -0.6521
vn -0.5170 0.5546 -0.6520
vn -0.0000 0.6480 -0.7617
vn -0.8660 -0.3225 0.3821
vn -0.5000 -0.5587 0.6617
vn -0.5000 -0.5585 0.6618
vn -0.0000 -0.6450 0.7642
vn 0.8660 -0.3225 0.3821
vn 1.0000 -0.0000 -0.0000
vn 1.0000 0.0003 0.0003
vn 0.8660 0.3240 -0.3808
vn -0.0000 0.9962 -0.0873
vn 0.8436 0.4813 -0.2380
vn 0.8777 0.4774 -0.0419
vn 0.8437 -0.4827 0.2349
vn 0.8422 -0.4857 0.2342
vn 0.8439 -0.4823 0.2350
vn 0.8462 -0.4777 0.2362
vn 0.8664 -0.4993 -0.0056
vn 0.8664 0.4993 0.0056
vn -0.0000 -0.9999 -0.0113
vn -0.8664 -0.4993 -0.0057
vn -0.8664 -0.4993 -0.0056
vn -0.8807 0.4737 0.0053
vn -0.8656 0.4989 -0.0437
vn -0.8436 0.4813 -0.2380
vn -0.8439 -0.4826 0.2346
vn -0.8410 -0.4850 0.2398
vn -0.8431 -0.4832 0.2359
vn -0.8451 -0.4815 0.2322
vn -0.0000 -0.9007 0.4344
vt 0.194545 0.420109
vt 0.166551 0.419899
vt 0.166689 0.417073
vt 0.195092 0.417198
vt 0.166708 0.414289
vt 0.194332 0.422849
vt 0.166464 0.422755
vt 0.194619 0.425569
vt 0.166467 0.425588
vt 0.166525 0.408735
vt 0.194461 0.408311
vt 0.194599 0.411134
vt 0.166609 0.411521
vt 0.195090 0.414112
vt 0.196774 0.416778
vt 0.197180 0.411788
vt 0.196751 0.414556
vt 0.198955 0.409603
vt 0.198313 0.412621
vt 0.200072 0.410502
vt 0.200902 0.423995
vt 0.199465 0.424490
vt 0.198772 0.421824
vt 0.200009 0.421217
vt 0.197166 0.419557
vt 0.198360 0.418794
s 1
usemtl body
f 1488/2287/2337 1491/2288/2337 1487/2289/2337
f 1487/2289/2338 1489/2290/2339 1488/2287/2337
f 1489/2290/2339 1487/2289/2338 1490/2291/2340
f 1491/2288/2341 1488/2287/2341 1492/2292/2341
f 1492/2292/2342 1493/2293/2343 1491/2288/2341
f 1493/2293/2343 1492/2292/2342 1494/2294/2344
f 1494/2294/2344 1495/2295/2344 1493/2293/2344
f 1495/2296/2345 1494/2297/2345 1496/2298/2345
f 1496/2298/2346 1497/2299/2347 1495/2296/2345
f 1497/2299/2347 1496/2298/2346 1498/2300/2348
f 1498/2300/2348 1490/2291/2348 1497/2299/2348
f 1490/2291/2340 1498/2300/2340 1489/2290/2340
f 1499/2301/2349 1489/2290/2349 1498/2300/2349
f 1498/2300/2350 1496/2298/2350 1501/2302/2350
f 1498/2300/2349 1500/2303/2349 1499/2301/2349
f 1500/2303/2351 1498/2300/2351 1501/2302/2351
f 1494/2297/2352 1502/2304/2353 1501/2302/2354
f 1501/2302/2354 1496/2298/2355 1494/2297/2352
f 1503/2305/2356 1501/2302/2356 1502/2304/2356
f 1501/2302/2357 1503/2305/2357 1500/2303/2357
f 1502/2304/2356 1504/2306/2356 1503/2305/2356
f 1504/2307/2358 1502/2308/2358 1505/2309/2358
f 1505/2309/2358 1506/2310/2358 1504/2307/2358
f 1506/2310/2359 1505/2309/2359 1507/2311/2359
f 1507/2311/2360 1508/2312/2360 1506/2310/2360
f 1508/2312/2361 1507/2311/2361 1489/2290/2361
f 1489/2290/2362 1499/2301/2362 1508/2312/2362
f 1488/2287/2363 1489/2290/2363 1507/2311/2363
f 1488/2287/2364 1507/2311/2365 1505/2309/2366
f 1505/2309/2366 1492/2292/2367 1488/2287/2364
f 1492/2292/2368 1505/2309/2368 1502/2308/2368
f 1502/2308/2368 1494/2294/2368 1492/2292/2368
o gaz2975_nomg_body.310
v -29.094475 5.252808 -95.508095
v -28.624804 -2.467365 -90.057243
v -28.624798 4.785320 -96.227531
v -29.094482 -1.942692 -89.435570
v -28.624800 5.777294 -94.886223
v -28.624796 6.472469 -96.327751
v -29.094475 5.657391 -96.326439
v -28.624794 6.466934 -96.817787
v -29.094475 5.651882 -96.816490
v -28.624794 4.836830 -96.815193
v -27.685444 4.785320 -96.227531
v -27.685444 4.836830 -96.815201
v -27.215765 5.657391 -96.326439
v -27.215765 5.651882 -96.816490
v -27.685446 6.472469 -96.327766
v -27.685446 6.466934 -96.817802
v -27.685448 5.777294 -94.886238
v -27.215767 5.252808 -95.508087
v -27.685452 -1.418018 -88.813866
v -28.624804 -1.418018 -88.813850
v -27.215780 -1.942692 -89.435547
v -27.685455 -2.467365 -90.057259
vn -0.8755 -0.3131 -0.3681
vn -0.8660 -0.3225 -0.3821
vn -0.8754 -0.3132 -0.3681
vn -0.8436 -0.4813 -0.2380
vn -0.8660 0.3225 0.3821
vn -0.8439 0.4826 0.2346
vn -0.8451 0.4815 0.2322
vn -0.8437 0.4827 0.2349
vn -0.8410 0.4850 0.2398
vn -0.8664 0.4993 -0.0056
vn -0.8807 -0.4737 0.0053
vn -0.8656 -0.4989 -0.0437
vn -0.0000 -0.9962 -0.0873
vn 0.8777 -0.4774 -0.0418
vn 0.8664 -0.4993 0.0056
vn 0.8664 0.4993 -0.0056
vn -0.0000 0.9999 -0.0113
vn 0.8434 0.4832 0.2348
vn 0.8422 0.4857 0.2342
vn 0.8442 0.4817 0.2352
vn -0.0000 0.9007 0.4344
vn 0.8462 0.4777 0.2362
vn 0.8660 0.3225 0.3821
vn -0.0000 0.6450 0.7642
vn 0.8756 -0.3116 -0.3692
vn 0.8660 -0.3240 -0.3808
vn -0.0000 -0.6480 -0.7617
vn 0.8436 -0.4813 -0.2380
vt 0.885324 0.345043
vt 0.885580 0.347893
vt 0.857049 0.348262
vt 0.856301 0.345471
vt 0.854284 0.348034
vt 0.857501 0.350803
vt 0.852913 0.350625
vt 0.851586 0.350353
vt 0.852977 0.347417
vt 0.854476 0.345001
vt 0.856497 0.342566
vt 0.854816 0.342315
vt 0.854244 0.356086
vt 0.856251 0.358562
vt 0.854509 0.359280
vt 0.852933 0.356736
vt 0.852902 0.353491
vt 0.851572 0.353756
vt 0.857493 0.353298
vt 0.857026 0.355823
vt 0.885838 0.353745
vt 0.885848 0.350803
vt 0.885555 0.356656
vt 0.885318 0.359517
vt 0.885236 0.342209
s 1
usemtl body
f 1510/2313/2369 1512/2314/2370 1509/2315/2371
f 1509/2315/2371 1511/2316/2369 1510/2313/2369
f 1509/2315/2372 1515/2317/2372 1511/2316/2372
f 1513/2318/2373 1509/2315/2373 1512/2314/2373
f 1509/2315/2374 1513/2318/2375 1514/2319/2376
f 1514/2319/2376 1515/2317/2377 1509/2315/2374
f 1515/2317/2378 1514/2319/2378 1516/2320/2378
f 1516/2320/2378 1517/2321/2378 1515/2317/2378
f 1511/2316/2379 1515/2317/2379 1517/2321/2379
f 1517/2321/2380 1518/2322/2380 1511/2316/2380
f 1519/2323/2381 1511/2316/2381 1518/2322/2381
f 1518/2322/2381 1520/2324/2381 1519/2323/2381
f 1521/2325/2382 1519/2326/2382 1520/2327/2382
f 1520/2327/2383 1522/2328/2383 1521/2325/2383
f 1523/2329/2384 1521/2325/2384 1522/2328/2384
f 1522/2328/2384 1524/2330/2384 1523/2329/2384
f 1514/2319/2385 1523/2329/2385 1524/2330/2385
f 1524/2330/2385 1516/2320/2385 1514/2319/2385
f 1521/2325/2386 1523/2329/2387 1525/2331/2388
f 1513/2318/2389 1525/2331/2389 1523/2329/2389
f 1523/2329/2389 1514/2319/2389 1513/2318/2389
f 1525/2331/2388 1526/2332/2390 1521/2325/2386
f 1526/2332/2391 1525/2331/2391 1527/2333/2391
f 1528/2334/2392 1527/2333/2392 1525/2331/2392
f 1525/2331/2392 1513/2318/2392 1528/2334/2392
f 1512/2314/2373 1528/2334/2373 1513/2318/2373
f 1527/2333/2391 1529/2335/2391 1526/2332/2391
f 1529/2335/2393 1530/2336/2394 1519/2326/2393
f 1519/2326/2393 1526/2332/2393 1529/2335/2393
f 1511/2316/2395 1519/2323/2395 1530/2337/2395
f 1530/2337/2395 1510/2313/2395 1511/2316/2395
f 1519/2326/2396 1521/2325/2396 1526/2332/2396
o gaz2975_nomg_body.311
v -24.098883 -1.461483 -88.648415
v -25.038242 9.580490 -89.349922
v -24.098886 9.580490 -88.648415
v -23.159531 -1.461483 -89.349892
v -25.038242 -1.461483 -89.349922
v -24.568565 9.580490 -90.163422
v -24.568562 -1.461483 -90.163422
v -23.629215 9.580490 -90.163406
v -23.629211 -1.461483 -90.163406
v -23.159533 9.580490 -89.349892
vn -0.5984 -0.0000 0.8012
vn -0.0000 -0.0000 1.0000
vn 0.2413 0.0001 0.9704
vn 0.8440 -0.0000 0.5363
vn -0.8660 -0.0000 -0.5000
vn -0.5000 -0.0001 -0.8660
vn -0.3275 0.0002 -0.9448
vn 0.3275 -0.0001 -0.9448
vn 0.6545 0.0001 -0.7561
vn 1.0000 -0.0001 0.0002
vt 0.221179 0.097877
vt 0.221179 0.130836
vt 0.217680 0.130836
vt 0.217680 0.097877
vt 0.214180 0.130836
vt 0.205769 0.130836
vt 0.205769 0.097877
vt 0.208573 0.097877
vt 0.208573 0.130836
vt 0.211376 0.097877
vt 0.211376 0.130836
vt 0.214180 0.097877
s 1
usemtl body
f 1532/2338/2397 1535/2339/2397 1531/2340/2397
f 1531/2340/2398 1533/2341/2399 1532/2338/2397
f 1533/2341/2399 1531/2340/2398 1534/2342/2400
f 1535/2343/2401 1532/2344/2401 1536/2345/2401
f 1536/2345/2402 1537/2346/2403 1535/2343/2401
f 1537/2346/2403 1536/2345/2402 1538/2347/2404
f 1538/2347/2404 1539/2348/2405 1537/2346/2403
f 1539/2348/2405 1538/2347/2404 1540/2349/2406
f 1540/2349/2406 1534/2342/2400 1539/2348/2405
f 1534/2342/2400 1540/2349/2406 1533/2341/2399
o gaz2975_nomg_body.312
v -40.912090 -17.270281 -88.441231
v -41.961376 5.638580 -88.441216
v -40.912094 5.638584 -88.441231
v -40.387451 -17.270281 -89.349922
v -41.961372 -17.270281 -88.441216
v -42.486015 5.638580 -89.349937
v -42.486012 -17.270281 -89.349937
v -41.961376 5.638580 -90.258621
v -41.961372 -17.270285 -90.258621
v -40.912094 5.638580 -90.258636
v -40.912090 -17.270281 -90.258636
v -40.387455 5.638580 -89.349922
vn -0.0000 -0.0000 1.0000
vn 0.5000 -0.0000 0.8660
vn 0.6545 -0.0001 0.7561
vn 0.9820 -0.0001 0.1888
vn -0.8660 -0.0000 0.5000
vn -1.0000 -0.0000 -0.0000
vn -0.9820 0.0002 -0.1888
vn -0.6545 -0.0001 -0.7561
vn -0.3275 -0.0000 -0.9448
vn 0.3275 -0.0000 -0.9448
vn 0.6545 0.0001 -0.7561
vn 0.9820 0.0001 -0.1888
vt 0.084490 0.287739
vt 0.084490 0.356119
vt 0.081358 0.356119
vt 0.081358 0.287739
vt 0.078226 0.356119
vt 0.065698 0.356119
vt 0.065698 0.287739
vt 0.068830 0.287739
vt 0.068830 0.356119
vt 0.071962 0.287739
vt 0.071962 0.356119
vt 0.075094 0.287739
vt 0.075094 0.356119
vt 0.078226 0.287739
s 1
usemtl body
f 1542/2350/2407 1545/2351/2407 1541/2352/2407
f 1541/2352/2408 1543/2353/2409 1542/2350/2407
f 1543/2353/2409 1541/2352/2408 1544/2354/2410
f 1545/2355/2411 1542/2356/2411 1546/2357/2411
f 1546/2357/2412 1547/2358/2413 1545/2355/2411
f 1547/2358/2413 1546/2357/2412 1548/2359/2414
f 1548/2359/2414 1549/2360/2415 1547/2358/2413
f 1549/2360/2415 1548/2359/2414 1550/2361/2416
f 1550/2361/2416 1551/2362/2417 1549/2360/2415
f 1551/2362/2417 1550/2361/2416 1552/2363/2418
f 1552/2363/2418 1544/2354/2410 1551/2362/2417
f 1544/2354/2410 1552/2363/2418 1543/2353/2409
o gaz2975_nomg_body.319
v -31.661638 -9.494236 -88.452179
v -29.671328 -9.588097 -87.837494
v -31.661636 -9.494236 -87.837494
v -29.671329 -9.588097 -88.452179
v -31.661634 -12.403179 -88.452179
v -32.193974 -9.404007 -88.144836
v -32.193981 -9.494236 -88.759537
v -32.726330 -9.494236 -88.452194
v -32.193981 -12.403179 -88.759537
v -32.726326 -12.403179 -88.452194
v -32.193974 -12.493408 -88.144836
v -31.661633 -12.403179 -87.837494
v -32.193981 -12.403179 -87.530136
v -32.726326 -12.403179 -87.837494
v -32.193981 -9.494236 -87.530136
v -32.726330 -9.494236 -87.837494
v -29.671329 -12.309326 -88.452179
v -29.671328 -12.309326 -87.837494
vn 0.0471 0.9989 -0.0000
vn 0.1671 0.9859 -0.0000
vn -0.0000 -0.0000 -1.0000
vn 0.1888 -0.0000 -0.9820
vn 0.5000 -0.0000 -0.8660
vn 0.0835 0.9859 -0.1447
vn -0.0000 0.9894 -0.1452
vn -0.0835 0.9859 -0.1447
vn -0.7561 -0.0000 -0.6545
vn -0.1888 -0.0000 -0.9820
vn -0.9448 -0.0000 -0.3276
vn -0.0835 -0.9859 -0.1447
vn -0.0000 -0.9894 -0.1452
vn 0.0836 -0.9859 -0.1447
vn 0.1671 -0.9859 -0.0000
vn 0.0836 -0.9859 0.1447
vn -0.0000 -0.9894 0.1452
vn -0.0836 -0.9859 0.1447
vn -0.1671 -0.9859 -0.0000
vn -0.7561 -0.0000 0.6545
vn -0.0002 -0.0000 1.0000
vn -0.1887 -0.0000 0.9820
vn -0.9448 -0.0000 0.3275
vn -0.1671 0.9859 -0.0000
vn -0.0835 0.9859 0.1447
vn -0.0000 0.9894 0.1452
vn 0.0835 0.9859 0.1447
vn 0.5000 -0.0000 0.8660
vn 0.0471 -0.9989 -0.0000
vn 1.0000 -0.0000 -0.0000
vt 0.399986 0.174529
vt 0.399902 0.176281
vt 0.394224 0.176013
vt 0.394309 0.174250
vt 0.192641 0.117242
vt 0.194407 0.117242
vt 0.193524 0.118772
vt 0.394224 0.184311
vt 0.392471 0.176013
vt 0.195288 0.118772
vt 0.194411 0.120302
vt 0.390718 0.176013
vt 0.392471 0.184311
vt 0.390718 0.184311
vt 0.216536 0.094131
vt 0.217412 0.095661
vt 0.215649 0.095661
vt 0.216532 0.097192
vt 0.214766 0.097192
vt 0.213886 0.095661
vt 0.214762 0.094131
vt 0.388964 0.184311
vt 0.387210 0.184311
vt 0.387210 0.176013
vt 0.388964 0.176013
vt 0.192638 0.120302
vt 0.191761 0.118772
vt 0.385457 0.176013
vt 0.385457 0.184311
vt 0.399902 0.184044
vt 0.399986 0.185795
vt 0.394309 0.186074
vt 0.401656 0.184044
vt 0.401656 0.176281
s 1
usemtl body
f 1554/2364/2419 1556/2365/2419 1553/2366/2419
f 1553/2366/2419 1555/2367/2419 1554/2364/2419
f 1555/2368/2420 1553/2369/2420 1558/2370/2420
f 1557/2371/2421 1553/2366/2421 1556/2365/2421
f 1559/2372/2422 1553/2366/2423 1557/2371/2423
f 1553/2369/2424 1559/2373/2425 1558/2370/2425
f 1559/2373/2425 1560/2374/2426 1558/2370/2425
f 1560/2375/2427 1559/2372/2422 1561/2376/2428
f 1557/2371/2423 1561/2376/2428 1559/2372/2422
f 1561/2376/2428 1562/2377/2429 1560/2375/2427
f 1562/2378/2430 1561/2379/2431 1563/2380/2431
f 1561/2379/2431 1557/2381/2432 1563/2380/2431
f 1557/2381/2433 1564/2382/2433 1563/2380/2433
f 1564/2382/2434 1565/2383/2435 1563/2380/2435
f 1565/2383/2435 1566/2384/2436 1563/2380/2435
f 1566/2384/2437 1562/2378/2437 1563/2380/2437
f 1566/2385/2438 1565/2386/2439 1567/2387/2440
f 1562/2377/2429 1566/2385/2438 1568/2388/2441
f 1567/2387/2440 1568/2388/2441 1566/2385/2438
f 1560/2374/2442 1568/2389/2442 1558/2370/2442
f 1568/2389/2443 1567/2390/2444 1558/2370/2444
f 1568/2388/2441 1560/2375/2427 1562/2377/2429
f 1567/2390/2444 1555/2368/2445 1558/2370/2444
f 1555/2391/2446 1567/2387/2440 1565/2386/2439
f 1565/2386/2446 1564/2392/2446 1555/2391/2446
f 1569/2393/2447 1570/2394/2447 1564/2395/2447
f 1564/2395/2447 1557/2371/2447 1569/2393/2447
f 1570/2396/2448 1569/2393/2448 1556/2365/2448
f 1556/2365/2448 1554/2397/2448 1570/2396/2448
f 1556/2365/2421 1569/2393/2421 1557/2371/2421
o gaz2975_nomg_body.320
v 22.463196 29.015324 -88.788307
v 23.632280 29.154110 -88.788887
v 22.654991 29.154102 -88.788910
v 23.824080 29.015331 -88.788284
v 22.485409 27.486492 -88.781685
v 22.463196 29.017551 -88.273254
v 22.485409 27.488720 -88.266624
v 23.801865 27.488728 -88.266617
v 23.824080 29.017559 -88.273247
v 23.801865 27.486500 -88.781662
v 23.632280 29.156338 -88.273857
v 22.654991 29.156330 -88.273865
vn -0.0000 -0.0043 -1.0000
vn -0.0000 -0.0044 -1.0000
vn -0.0000 -0.0047 -1.0000
vn -0.5863 0.8101 -0.0035
vn -0.9999 -0.0145 0.0001
vn -0.0000 -1.0000 0.0043
vn 0.9999 -0.0145 0.0001
vn 0.5862 0.8101 -0.0035
vn 0.5862 0.8102 -0.0035
vn -0.5862 0.8102 -0.0035
vt 0.394907 0.058612
vt 0.394381 0.059000
vt 0.398164 0.059000
vt 0.397639 0.058612
vt 0.398159 0.058338
vt 0.399593 0.058999
vt 0.398125 0.063275
vt 0.399588 0.063275
vt 0.394432 0.064715
vt 0.398114 0.064715
vt 0.392953 0.058999
vt 0.392958 0.063275
vt 0.394421 0.063275
vt 0.392947 0.058337
vt 0.394387 0.058338
vt 0.399599 0.058337
s 1
usemtl body
f 1572/2398/2449 1574/2399/2449 1571/2400/2449
f 1571/2400/2450 1573/2401/2451 1572/2398/2450
f 1573/2402/2452 1571/2400/2452 1576/2403/2452
f 1575/2404/2449 1571/2400/2449 1574/2399/2449
f 1571/2400/2453 1575/2404/2453 1577/2405/2453
f 1577/2405/2453 1576/2403/2453 1571/2400/2453
f 1578/2406/2454 1577/2407/2454 1575/2404/2454
f 1579/2408/2455 1578/2409/2455 1580/2410/2455
f 1575/2404/2454 1580/2410/2454 1578/2406/2454
f 1580/2410/2455 1574/2399/2455 1579/2408/2455
f 1574/2399/2449 1580/2410/2449 1575/2404/2449
f 1581/2411/2456 1579/2408/2456 1574/2399/2457
f 1574/2399/2457 1572/2412/2457 1581/2411/2456
f 1576/2403/2458 1582/2413/2458 1573/2402/2458
o gaz2975_nomg_body.323
v 8.812293 29.015324 -88.788277
v 7.473620 27.486492 -88.781654
v 8.790081 27.486492 -88.781654
v 7.451408 29.015324 -88.788277
v 8.620494 29.154102 -88.788879
v 8.620494 29.156338 -88.273849
v 8.812293 29.017559 -88.273239
v 8.790081 27.488728 -88.266609
v 7.473620 27.488728 -88.266609
v 7.451408 29.017559 -88.273239
v 7.643204 29.154102 -88.788879
v 7.643204 29.156338 -88.273849
vn -0.0000 -0.0043 -1.0000
vn 0.9999 -0.0145 0.0001
vn -0.0000 -0.0042 -1.0000
vn 0.5862 0.8101 -0.0035
vn 0.5862 0.8102 -0.0035
vn -0.0000 -1.0000 0.0043
vn -0.9999 -0.0145 0.0001
vn -0.5862 0.8101 -0.0035
vn -0.5862 0.8102 -0.0035
vn -0.0000 -0.0044 -1.0000
vt 0.206892 0.059015
vt 0.206852 0.063290
vt 0.210635 0.063290
vt 0.210596 0.059015
vt 0.212064 0.063290
vt 0.210110 0.063678
vt 0.210630 0.063952
vt 0.212070 0.063953
vt 0.212058 0.059015
vt 0.210585 0.057575
vt 0.206903 0.057575
vt 0.205429 0.059015
vt 0.205423 0.063290
vt 0.205417 0.063953
vt 0.206858 0.063952
vt 0.207377 0.063678
s 1
usemtl body
f 1584/2414/2459 1586/2415/2459 1583/2416/2459
f 1583/2416/2459 1585/2417/2459 1584/2414/2459
f 1585/2417/2460 1583/2416/2460 1589/2418/2460
f 1587/2419/2461 1583/2416/2459 1586/2415/2459
f 1583/2416/2462 1587/2420/2462 1588/2421/2463
f 1588/2421/2463 1589/2418/2463 1583/2416/2462
f 1589/2418/2460 1590/2422/2460 1585/2417/2460
f 1584/2414/2464 1585/2417/2464 1590/2423/2464
f 1590/2423/2464 1591/2424/2464 1584/2414/2464
f 1591/2425/2465 1592/2426/2465 1586/2415/2465
f 1586/2415/2465 1584/2414/2465 1591/2425/2465
f 1592/2426/2466 1594/2427/2466 1593/2428/2466
f 1593/2428/2467 1586/2415/2467 1592/2426/2467
f 1586/2415/2468 1593/2429/2468 1587/2419/2468
o gaz2975_nomg_body.333
v 21.924974 29.154102 -88.788895
v 24.362299 29.156338 -88.273872
v 24.362299 29.154110 -88.788902
v 21.924974 29.156330 -88.273865
v 21.924978 29.599010 -89.048340
v 21.849382 29.601246 -88.533310
v 21.924974 30.048389 -88.277733
v 21.924978 29.603481 -88.018272
v 21.924974 30.046154 -88.792747
v 24.362299 30.046162 -88.792755
v 24.362297 29.599018 -89.048347
v 24.437899 29.601254 -88.533302
v 24.362299 29.603489 -88.018265
v 24.362299 30.048397 -88.277740
vn 0.0001 -0.9434 0.3316
vn -0.0002 -0.7533 0.6577
vn -0.0000 -1.0000 0.0043
vn -0.0000 -0.5037 -0.8639
vn -0.0000 -0.5038 -0.8638
vn 0.0001 -0.1930 -0.9812
vn -0.9894 -0.1254 0.0732
vn -0.9859 -0.1671 0.0007
vn -0.9859 -0.0842 -0.1444
vn -0.9894 0.1254 -0.0732
vn -0.9859 0.1671 -0.0007
vn -0.9859 0.0842 0.1444
vn -0.9859 -0.0829 0.1451
vn -0.9859 0.0829 -0.1451
vn -0.0001 0.7532 -0.6577
vn -0.0002 0.9434 -0.3316
vn -0.0000 0.1845 -0.9828
vn -0.0001 0.9462 0.3234
vn 0.9859 0.0829 -0.1451
vn 0.9859 -0.0842 -0.1444
vn 0.9894 -0.1261 -0.0721
vn 0.9859 -0.1671 0.0007
vn 0.9859 -0.0829 0.1451
vn 0.9859 0.0842 0.1444
vn 0.9894 0.1261 0.0721
vn 0.9859 0.1671 -0.0007
vn -0.0000 0.7589 0.6512
vn -0.0001 0.1930 0.9812
vn 0.0002 -0.1845 0.9828
vt 0.057899 0.419228
vt 0.064719 0.419228
vt 0.064719 0.417787
vt 0.057899 0.417787
vt 0.057899 0.426435
vt 0.064719 0.426435
vt 0.064719 0.424993
vt 0.221356 0.064102
vt 0.219904 0.064093
vt 0.220622 0.065355
vt 0.219170 0.065346
vt 0.218452 0.064085
vt 0.219186 0.062832
vt 0.220638 0.062841
vt 0.064719 0.423552
vt 0.057899 0.423552
vt 0.057899 0.424993
vt 0.064719 0.422111
vt 0.115727 0.006408
vt 0.115016 0.005143
vt 0.114275 0.006391
vt 0.113564 0.005126
vt 0.114304 0.003877
vt 0.115756 0.003894
vt 0.116467 0.005160
vt 0.057899 0.422111
vt 0.064719 0.420669
vt 0.057899 0.420669
s 1
usemtl body
f 1596/2430/2469 1598/2431/2470 1595/2432/2471
f 1595/2432/2471 1597/2433/2471 1596/2430/2469
f 1597/2434/2472 1595/2435/2473 1599/2436/2474
f 1598/2437/2475 1600/2438/2475 1595/2439/2476
f 1595/2439/2477 1600/2438/2477 1599/2440/2477
f 1603/2441/2478 1600/2438/2478 1601/2442/2479
f 1601/2442/2480 1600/2438/2480 1602/2443/2480
f 1602/2443/2481 1600/2438/2475 1598/2437/2475
f 1599/2440/2482 1600/2438/2478 1603/2441/2478
f 1603/2444/2483 1604/2445/2484 1605/2446/2485
f 1604/2445/2484 1603/2444/2483 1601/2447/2486
f 1605/2446/2485 1599/2436/2474 1603/2444/2483
f 1604/2448/2487 1606/2449/2487 1605/2450/2487
f 1599/2436/2474 1605/2446/2485 1597/2434/2472
f 1605/2450/2488 1606/2449/2489 1597/2451/2489
f 1597/2451/2489 1606/2449/2489 1596/2452/2490
f 1596/2452/2491 1606/2449/2491 1607/2453/2491
f 1607/2453/2492 1606/2449/2493 1608/2454/2493
f 1608/2454/2493 1606/2449/2493 1604/2448/2494
f 1608/2455/2495 1601/2447/2486 1602/2456/2496
f 1602/2456/2496 1607/2457/2497 1608/2455/2495
f 1601/2447/2486 1608/2455/2495 1604/2445/2484
f 1607/2457/2497 1602/2456/2496 1598/2431/2470
f 1598/2431/2470 1596/2430/2469 1607/2457/2497
o gaz2975_nomg_body.336
v 6.913191 29.154102 -88.788879
v 9.350512 29.156338 -88.273849
v 9.350510 29.154102 -88.788895
v 6.913190 29.156338 -88.273849
v 6.913191 29.599010 -89.048325
v 6.837589 29.601246 -88.533302
v 6.913190 30.048389 -88.277725
v 6.913190 29.603481 -88.018257
v 6.913191 30.046154 -88.792732
v 9.350510 30.046154 -88.792747
v 9.350510 29.599010 -89.048340
v 9.426108 29.601246 -88.533302
v 9.350510 29.603481 -88.018257
v 9.350510 30.048389 -88.277725
vn -0.0000 -0.9434 0.3317
vn -0.0000 -0.7533 0.6577
vn -0.0000 -1.0000 0.0043
vn -0.0000 -0.5037 -0.8639
vn -0.0000 -0.1930 -0.9812
vn -0.9859 -0.1671 0.0007
vn -0.9859 -0.0842 -0.1444
vn -0.9859 0.1671 -0.0007
vn -0.9859 0.0842 0.1444
vn -0.9859 -0.0829 0.1451
vn -0.9859 0.0829 -0.1451
vn -0.0001 0.7532 -0.6577
vn -0.0000 0.9434 -0.3316
vn -0.0000 0.1845 -0.9828
vn -0.0002 0.9462 0.3234
vn 0.9859 0.0829 -0.1451
vn 0.9859 -0.0842 -0.1444
vn 0.9894 -0.1261 -0.0721
vn 0.9859 -0.1671 0.0007
vn 0.9859 -0.0829 0.1451
vn 0.9859 0.0842 0.1444
vn 0.9894 0.1261 0.0721
vn 0.9859 0.1671 -0.0007
vn -0.0000 0.7589 0.6512
vn 0.0002 0.1930 0.9812
vn -0.0000 -0.1845 0.9828
vt 0.112143 0.359324
vt 0.118964 0.359324
vt 0.118964 0.357883
vt 0.112143 0.357883
vt 0.112143 0.366531
vt 0.118964 0.366531
vt 0.118964 0.365090
vt 0.115909 0.003210
vt 0.115918 0.001758
vt 0.114656 0.002476
vt 0.114665 0.001025
vt 0.115927 0.000307
vt 0.117179 0.001040
vt 0.117171 0.002492
vt 0.118964 0.363648
vt 0.112143 0.363648
vt 0.112143 0.365090
vt 0.118964 0.362207
vt 0.117006 0.013051
vt 0.116296 0.011786
vt 0.115555 0.013034
vt 0.114844 0.011769
vt 0.115585 0.010521
vt 0.117036 0.010538
vt 0.117747 0.011803
vt 0.112143 0.362207
vt 0.118964 0.360766
vt 0.112143 0.360766
s 1
usemtl body
f 1610/2458/2498 1612/2459/2499 1609/2460/2500
f 1609/2460/2500 1611/2461/2500 1610/2458/2498
f 1611/2462/2501 1609/2463/2501 1613/2464/2502
f 1612/2465/2503 1614/2466/2503 1609/2467/2503
f 1609/2467/2504 1614/2466/2504 1613/2468/2504
f 1617/2469/2505 1614/2466/2505 1615/2470/2505
f 1615/2470/2506 1614/2466/2506 1616/2471/2506
f 1616/2471/2507 1614/2466/2507 1612/2465/2507
f 1613/2468/2508 1614/2466/2508 1617/2469/2508
f 1617/2472/2509 1618/2473/2510 1619/2474/2511
f 1618/2473/2510 1617/2472/2509 1615/2475/2512
f 1619/2474/2511 1613/2464/2502 1617/2472/2509
f 1618/2476/2513 1620/2477/2513 1619/2478/2513
f 1613/2464/2502 1619/2474/2511 1611/2462/2501
f 1619/2478/2514 1620/2477/2515 1611/2479/2515
f 1611/2479/2515 1620/2477/2515 1610/2480/2516
f 1610/2480/2517 1620/2477/2517 1621/2481/2517
f 1621/2481/2518 1620/2477/2519 1622/2482/2519
f 1622/2482/2519 1620/2477/2519 1618/2476/2520
f 1622/2483/2521 1615/2475/2512 1616/2484/2522
f 1616/2484/2522 1621/2485/2523 1622/2483/2521
f 1615/2475/2512 1622/2483/2521 1618/2473/2510
f 1621/2485/2523 1616/2484/2522 1612/2459/2499
f 1612/2459/2499 1610/2458/2498 1621/2485/2523
o gaz2975_nomg_body.087
v 20.581367 -4.246475 -89.875015
v 20.121853 -2.449791 -89.875000
v 20.121853 -3.737061 -89.875000
v 20.581367 -1.940372 -89.875015
v 25.209526 -1.940376 -89.875008
v 25.209526 -4.246475 -89.875008
v 20.121857 -3.737057 -89.330536
v 20.581367 -4.246475 -89.330551
v 25.209526 -4.246475 -89.330544
v 25.669041 -3.737061 -89.875008
v 25.669044 -3.737061 -89.330544
v 25.669044 -3.737061 -88.786057
v 25.669041 -2.449791 -89.875008
v 25.669041 -2.449791 -88.241592
v 25.209526 -1.940376 -88.241592
v 25.669041 -3.737061 -88.241592
v 25.209526 -4.246475 -88.241592
v 25.209526 -4.246475 -88.786072
v 20.581367 -4.246475 -88.241600
v 20.581371 -4.246475 -88.786079
v 20.121853 -3.737061 -88.241600
v 20.121857 -3.737057 -88.786064
v 20.121853 -2.449791 -88.241600
v 20.581367 -1.940372 -88.241600
vn -0.0000 -0.0000 -1.0000
vn -0.9925 -0.1225 -0.0000
vn -0.9688 -0.2480 -0.0000
vn -0.7425 -0.6698 -0.0000
vn -0.0000 -1.0000 -0.0000
vn -0.7426 -0.6698 -0.0000
vn -0.0000 -0.0000 1.0000
vn -0.0000 -0.0001 1.0000
vn 0.7425 -0.6698 -0.0000
vn 0.9290 -0.3702 -0.0000
vn 0.9891 -0.1474 0.0001
vn 0.9853 0.1708 0.0001
vn 0.9978 -0.0661 -0.0000
vn 0.9479 0.3185 -0.0000
vn 0.0999 0.9950 -0.0000
vn 0.0999 0.9950 0.0002
vn 0.9688 -0.2480 -0.0000
vn -0.9290 -0.3702 -0.0000
vn -0.9891 -0.1474 -0.0001
vn -0.9853 0.1708 0.0001
vn -0.9479 0.3185 -0.0000
vn -0.0999 0.9950 -0.0000
vn -0.0999 0.9950 0.0001
vt 0.362880 0.162888
vt 0.364166 0.164313
vt 0.364166 0.157860
vt 0.362880 0.159285
vt 0.089249 0.317285
vt 0.090773 0.317285
vt 0.090773 0.315473
vt 0.377118 0.164313
vt 0.377118 0.157860
vt 0.116717 0.345919
vt 0.116717 0.347443
vt 0.129669 0.347443
vt 0.089249 0.315473
vt 0.115431 0.344493
vt 0.129669 0.345919
vt 0.089249 0.341737
vt 0.090773 0.341737
vt 0.090773 0.339926
vt 0.089249 0.339926
vt 0.130955 0.344493
vt 0.130955 0.342970
vt 0.090773 0.336527
vt 0.087725 0.339926
vt 0.378404 0.162888
vt 0.378404 0.159285
vt 0.086201 0.336527
vt 0.090773 0.334715
vt 0.086201 0.334715
vt 0.086201 0.339926
vt 0.086201 0.341737
vt 0.087725 0.341737
vt 0.129669 0.341544
vt 0.129669 0.340020
vt 0.116717 0.340020
vt 0.116717 0.341544
vt 0.087725 0.315473
vt 0.086201 0.315473
vt 0.086201 0.317285
vt 0.087725 0.317285
vt 0.086201 0.320684
vt 0.090773 0.320684
vt 0.086201 0.322495
vt 0.090773 0.322495
vt 0.115431 0.342970
s 1
usemtl body
f 1624/2486/2524 1626/2487/2524 1623/2488/2524
f 1623/2488/2524 1625/2489/2524 1624/2486/2524
f 1629/2490/2525 1625/2491/2526 1623/2492/2527
f 1623/2488/2524 1626/2487/2524 1627/2493/2524
f 1627/2493/2524 1628/2494/2524 1623/2488/2524
f 1630/2495/2528 1623/2496/2528 1628/2497/2528
f 1623/2492/2527 1630/2498/2529 1629/2490/2525
f 1629/2499/2530 1630/2495/2531 1631/2500/2530
f 1628/2497/2528 1631/2500/2528 1630/2495/2528
f 1631/2501/2532 1628/2502/2532 1632/2503/2533
f 1632/2503/2533 1633/2504/2534 1631/2501/2532
f 1631/2500/2530 1633/2505/2530 1629/2499/2530
f 1629/2499/2528 1633/2505/2528 1634/2506/2528
f 1633/2504/2534 1635/2507/2535 1634/2508/2536
f 1633/2504/2534 1632/2503/2533 1635/2507/2535
f 1635/2509/2524 1632/2510/2524 1628/2494/2524
f 1628/2494/2524 1627/2493/2524 1635/2509/2524
f 1636/2511/2537 1635/2507/2535 1627/2512/2538
f 1635/2507/2535 1636/2511/2537 1634/2508/2536
f 1627/2512/2538 1637/2513/2539 1636/2511/2537
f 1636/2511/2537 1638/2514/2540 1634/2508/2536
f 1634/2508/2536 1638/2514/2540 1639/2515/2532
f 1639/2515/2532 1640/2516/2532 1634/2508/2532
f 1640/2517/2528 1639/2518/2528 1641/2519/2528
f 1641/2519/2528 1642/2520/2528 1640/2517/2528
f 1642/2521/2527 1641/2522/2527 1643/2523/2541
f 1643/2523/2541 1644/2524/2542 1642/2521/2527
f 1644/2524/2542 1643/2523/2541 1645/2525/2543
f 1644/2524/2542 1645/2525/2543 1629/2490/2525
f 1645/2525/2543 1624/2526/2544 1629/2490/2525
f 1624/2526/2544 1645/2525/2543 1646/2527/2545
f 1646/2527/2545 1626/2528/2546 1624/2526/2544
f 1627/2512/2538 1626/2528/2546 1646/2527/2545
f 1646/2527/2545 1637/2513/2539 1627/2512/2538
f 1642/2520/2524 1644/2529/2524 1634/2506/2524
f 1634/2506/2528 1644/2529/2528 1629/2499/2528
f 1634/2506/2524 1640/2517/2524 1642/2520/2524
f 1624/2526/2544 1625/2491/2526 1629/2490/2525
o gaz2975_nomg_body.322
v 31.684118 -9.494240 -88.452148
v 29.693813 -9.588097 -87.837463
v 29.693813 -9.588097 -88.452148
v 31.684118 -9.494240 -87.837463
v 31.684122 -12.403179 -88.452148
v 32.216457 -9.404007 -88.144806
v 32.216457 -9.494240 -88.759491
v 32.748795 -9.494240 -88.452148
v 32.216461 -12.403179 -88.759491
v 32.748798 -12.403179 -88.452148
v 32.216461 -12.493408 -88.144806
v 31.684122 -12.403179 -87.837463
v 32.216461 -12.403179 -87.530106
v 32.748806 -12.403179 -87.837463
v 32.748802 -9.494240 -87.837463
v 32.216457 -9.494240 -87.530106
v 29.693813 -12.309326 -88.452148
v 29.693813 -12.309326 -87.837463
vn -0.0471 0.9989 -0.0000
vn -0.0000 -0.0000 -1.0000
vn -0.1671 0.9859 -0.0000
vn -0.5000 -0.0000 -0.8660
vn -0.1887 -0.0000 -0.9820
vn -0.0836 0.9859 -0.1447
vn -0.0000 0.9894 -0.1452
vn 0.0836 0.9859 -0.1447
vn 0.1887 -0.0000 -0.9820
vn 0.7561 0.0001 -0.6545
vn 0.9448 -0.0002 -0.3276
vn 0.0835 -0.9859 -0.1447
vn -0.0000 -0.9894 -0.1452
vn -0.0835 -0.9859 -0.1447
vn -0.1671 -0.9859 -0.0000
vn -0.0836 -0.9859 0.1447
vn -0.0000 -0.9894 0.1452
vn 0.0836 -0.9859 0.1447
vn 0.1671 -0.9859 -0.0000
vn 0.1887 0.0003 0.9820
vn -0.1887 -0.0002 0.9820
vn 0.7561 -0.0000 0.6545
vn 0.9448 0.0001 0.3275
vn 0.0836 0.9859 0.1447
vn -0.0000 0.9894 0.1452
vn -0.0836 0.9859 0.1447
vn -0.5000 -0.0000 0.8660
vn 0.1671 0.9859 -0.0000
vn -0.0471 -0.9989 -0.0000
vn -1.0000 -0.0000 -0.0000
vt 0.492032 0.358315
vt 0.492306 0.352748
vt 0.490577 0.352664
vt 0.490314 0.358233
vt 0.482438 0.352664
vt 0.115054 0.007038
vt 0.115920 0.008540
vt 0.116786 0.007038
vt 0.490577 0.350945
vt 0.117649 0.008540
vt 0.116790 0.010041
vt 0.482438 0.350945
vt 0.490577 0.349224
vt 0.482438 0.349224
vt 0.215772 0.060531
vt 0.214902 0.062032
vt 0.216632 0.062032
vt 0.215768 0.063533
vt 0.214036 0.063533
vt 0.213173 0.062032
vt 0.214033 0.060531
vt 0.490577 0.345785
vt 0.482438 0.345785
vt 0.482438 0.347505
vt 0.490577 0.347505
vt 0.115050 0.010041
vt 0.114190 0.008540
vt 0.490577 0.344065
vt 0.482438 0.344065
vt 0.482701 0.358233
vt 0.480709 0.352748
vt 0.480983 0.358315
vt 0.482701 0.359952
vt 0.490314 0.359952
s 1
usemtl body
f 1648/2530/2547 1650/2531/2547 1647/2532/2547
f 1647/2532/2547 1649/2533/2547 1648/2530/2547
f 1649/2533/2548 1647/2532/2548 1651/2534/2548
f 1650/2535/2549 1652/2536/2549 1647/2537/2549
f 1651/2534/2550 1647/2532/2550 1653/2538/2551
f 1647/2537/2552 1652/2536/2553 1653/2539/2553
f 1653/2539/2553 1652/2536/2553 1654/2540/2554
f 1655/2541/2555 1653/2538/2551 1654/2542/2556
f 1653/2538/2551 1655/2541/2555 1651/2534/2550
f 1654/2542/2556 1656/2543/2557 1655/2541/2555
f 1656/2544/2558 1657/2545/2559 1655/2546/2559
f 1655/2546/2559 1657/2545/2559 1651/2547/2560
f 1651/2547/2561 1657/2545/2561 1658/2548/2561
f 1658/2548/2562 1657/2545/2563 1659/2549/2563
f 1659/2549/2563 1657/2545/2563 1660/2550/2564
f 1660/2550/2565 1657/2545/2565 1656/2544/2565
f 1662/2551/2566 1659/2552/2567 1660/2553/2568
f 1661/2554/2569 1660/2553/2568 1656/2543/2557
f 1660/2553/2568 1661/2554/2569 1662/2551/2566
f 1661/2555/2570 1652/2536/2571 1662/2556/2571
f 1662/2556/2571 1652/2536/2571 1650/2535/2572
f 1659/2552/2567 1662/2551/2566 1650/2557/2573
f 1656/2543/2557 1654/2542/2556 1661/2554/2569
f 1654/2540/2574 1652/2536/2574 1661/2555/2574
f 1650/2557/2573 1658/2558/2573 1659/2552/2567
f 1663/2559/2575 1651/2534/2575 1658/2560/2575
f 1658/2560/2575 1664/2561/2575 1663/2559/2575
f 1649/2533/2576 1663/2559/2576 1664/2562/2576
f 1664/2562/2576 1648/2563/2576 1649/2533/2576
f 1651/2534/2548 1663/2559/2548 1649/2533/2548
o gaz2975_nomg_body.321
v 31.684122 27.715618 -88.452148
v 29.693817 27.621761 -87.837463
v 29.693817 27.621761 -88.452148
v 31.684122 27.715618 -87.837463
v 31.684122 24.806675 -88.452148
v 32.216461 27.805843 -88.144806
v 32.216461 27.715618 -88.759491
v 32.748798 27.715618 -88.452148
v 32.216461 24.806675 -88.759491
v 32.748798 24.806675 -88.452148
v 32.216461 24.716442 -88.144806
v 31.684122 24.806675 -87.837463
v 32.216461 24.806683 -87.530106
v 32.748806 24.806675 -87.837463
v 32.216461 27.715618 -87.530106
v 32.748806 27.715618 -87.837463
v 29.693813 24.900532 -88.452148
v 29.693813 24.900532 -87.837463
vn -0.0471 0.9989 -0.0000
vn -0.0000 -0.0000 -1.0000
vn -0.1671 0.9859 -0.0000
vn -0.5000 -0.0000 -0.8660
vn -0.1887 0.0001 -0.9820
vn -0.0835 0.9859 -0.1447
vn 0.1887 0.0001 -0.9820
vn 0.7561 -0.0001 -0.6545
vn 0.0835 0.9859 -0.1447
vn 0.9448 -0.0000 -0.3275
vn 0.0836 -0.9859 -0.1447
vn -0.0000 -0.9894 -0.1452
vn -0.0836 -0.9859 -0.1447
vn -0.1671 -0.9859 -0.0000
vn -0.0836 -0.9859 0.1447
vn -0.0000 -0.9894 0.1452
vn 0.0836 -0.9859 0.1447
vn 0.1671 -0.9859 -0.0000
vn 0.1887 -0.0001 0.9820
vn -0.1888 -0.0001 0.9820
vn 0.7561 -0.0001 0.6545
vn 0.9448 -0.0001 0.3275
vn 0.0836 0.9859 0.1447
vn 0.1671 0.9859 -0.0000
vn -0.0836 0.9859 0.1447
vn -0.5000 -0.0000 0.8660
vn -0.0471 -0.9989 -0.0000
vn -1.0000 -0.0000 -0.0000
vt 0.267137 0.310480
vt 0.272705 0.310754
vt 0.272788 0.309024
vt 0.267220 0.308762
vt 0.272788 0.300886
vt 0.085263 0.399796
vt 0.083762 0.400662
vt 0.085263 0.401528
vt 0.274508 0.309024
vt 0.083762 0.402391
vt 0.274508 0.300886
vt 0.276228 0.309024
vt 0.082261 0.401532
vt 0.276228 0.300886
vt 0.205423 0.054543
vt 0.204553 0.056044
vt 0.206283 0.056044
vt 0.205419 0.057545
vt 0.203687 0.057545
vt 0.202824 0.056044
vt 0.203684 0.054543
vt 0.279667 0.309024
vt 0.279668 0.300886
vt 0.277948 0.300886
vt 0.277948 0.309024
vt 0.082261 0.399792
vt 0.083762 0.398932
vt 0.281388 0.309024
vt 0.281388 0.300886
vt 0.267220 0.301148
vt 0.272705 0.299157
vt 0.267137 0.299431
vt 0.265500 0.301148
vt 0.265500 0.308762
s 1
usemtl body
f 1666/2564/2577 1668/2565/2577 1665/2566/2577
f 1665/2566/2577 1667/2567/2577 1666/2564/2577
f 1667/2567/2578 1665/2566/2578 1669/2568/2578
f 1668/2569/2579 1670/2570/2579 1665/2571/2579
f 1669/2568/2580 1665/2566/2580 1671/2572/2581
f 1665/2571/2582 1670/2570/2582 1671/2573/2582
f 1673/2574/2583 1671/2572/2581 1672/2575/2584
f 1671/2573/2585 1670/2570/2585 1672/2576/2585
f 1671/2572/2581 1673/2574/2583 1669/2568/2580
f 1672/2575/2584 1674/2577/2586 1673/2574/2583
f 1674/2578/2587 1675/2579/2588 1673/2580/2588
f 1673/2580/2588 1675/2579/2588 1669/2581/2589
f 1669/2581/2590 1675/2579/2590 1676/2582/2590
f 1676/2582/2591 1675/2579/2592 1677/2583/2592
f 1677/2583/2592 1675/2579/2592 1678/2584/2593
f 1678/2584/2594 1675/2579/2594 1674/2578/2594
f 1679/2585/2595 1677/2586/2596 1678/2587/2597
f 1680/2588/2598 1678/2587/2597 1674/2577/2586
f 1678/2587/2597 1680/2588/2598 1679/2585/2595
f 1680/2589/2599 1670/2570/2599 1679/2590/2599
f 1672/2576/2600 1670/2570/2600 1680/2589/2600
f 1674/2577/2586 1672/2575/2584 1680/2588/2598
f 1679/2590/2601 1670/2570/2601 1668/2569/2601
f 1677/2586/2596 1679/2585/2595 1668/2591/2602
f 1668/2591/2602 1676/2592/2602 1677/2586/2596
f 1681/2593/2603 1669/2568/2603 1676/2594/2603
f 1676/2594/2603 1682/2595/2603 1681/2593/2603
f 1667/2567/2604 1681/2593/2604 1682/2596/2604
f 1682/2596/2604 1666/2597/2604 1667/2567/2604
f 1669/2568/2578 1681/2593/2578 1667/2567/2578
o gaz2975_nomg_hatch
v -5.089907 39.122059 -43.623741
v -5.089910 39.471104 -43.019180
v -8.393481 39.471104 -43.019180
v -8.393481 39.122059 -43.623741
v -5.089907 39.471104 -44.228306
v -8.393481 39.471104 -44.228306
v -5.089910 40.169193 -44.228306
v -8.393481 40.169193 -44.228306
v -5.089910 40.518230 -43.623741
v -8.393481 40.518238 -43.623741
v -5.089910 40.169193 -43.019180
v -8.393481 40.169193 -43.019180
v -8.495955 39.820148 -43.623741
v 6.838906 39.471088 -43.019176
v 6.945494 39.471088 -40.758862
v 6.945494 40.169178 -40.758862
v 6.838906 40.169178 -43.019176
v -8.286893 40.169193 -40.758865
v -8.286893 39.471104 -40.758865
v -5.196497 39.471104 -40.758865
v -5.196499 40.169193 -40.758865
v 6.838907 40.518223 -43.623737
v 6.736434 39.820133 -43.623737
v 6.838906 40.169178 -44.228302
v 10.035888 39.471088 -40.758862
v 10.035890 40.169178 -40.758862
v 10.142478 40.169178 -43.019176
v -17.939148 39.799076 -25.899626
v -17.939148 38.822826 -25.899626
v 20.311234 38.822819 -25.899618
v 20.311234 39.799068 -25.899622
v 10.142478 39.471088 -43.019176
v -9.183526 39.799061 -42.818130
v -13.600713 39.799061 -41.621765
v -16.742783 39.799068 -38.479706
v 15.972810 39.799053 -41.621758
v 20.311234 39.799061 -34.062504
v 19.114868 39.799053 -38.479694
v 11.555619 39.799053 -42.818127
v -17.939148 39.799068 -34.062515
v 20.311237 38.822811 -34.062504
v 19.114868 38.822803 -38.479694
v 15.972810 38.822803 -41.621758
v 11.555619 38.822803 -42.818127
v -9.183526 38.822811 -42.818130
v -13.600711 38.822811 -41.621765
v -16.742783 38.822819 -38.479706
v -17.939148 38.822819 -34.062515
v 6.838907 39.122044 -43.623737
v 10.142478 39.122044 -43.623737
v 6.838906 39.471088 -44.228302
v 10.142480 39.471088 -44.228298
v 10.142480 40.169178 -44.228298
v 10.142478 40.518223 -43.623737
v 10.244946 39.820133 -43.623737
v -4.987438 39.820148 -43.623741
vn -0.0000 -0.8660 0.5000
vn -0.0000 -0.9820 -0.1888
vn -0.0000 -1.0000 -0.0001
vn -0.0000 -0.6545 -0.7560
vn -0.0000 -0.3275 -0.9449
vn -0.0000 0.3275 -0.9448
vn -0.0000 0.6545 -0.7560
vn -0.0000 0.9820 -0.1888
vn -0.0000 0.9820 0.1888
vn -0.0000 0.8660 0.5000
vn -0.9859 -0.0000 0.1671
vn -0.9989 -0.0000 0.0471
vn -0.0000 -0.0000 1.0000
vn -0.0000 1.0000 -0.0000
vn -0.9894 0.1452 -0.0000
vn -0.9859 0.1447 0.0836
vn -0.9859 0.1447 -0.0836
vn 0.9989 -0.0000 0.0471
vn 1.0000 -0.0000 -0.0000
vn 0.9955 -0.0000 -0.0947
vn 0.9077 -0.0000 -0.4195
vn 0.8196 -0.0000 -0.5729
vn 0.5729 -0.0000 -0.8196
vn 0.4195 -0.0000 -0.9077
vn 0.0807 -0.0001 -0.9967
vn 0.0262 -0.0000 -0.9997
vn -0.0262 -0.0000 -0.9997
vn -0.0807 -0.0001 -0.9967
vn -0.4195 -0.0000 -0.9077
vn -0.5729 -0.0000 -0.8196
vn -0.8196 -0.0000 -0.5729
vn -0.9078 -0.0000 -0.4195
vn -0.9955 -0.0000 -0.0947
vn -1.0000 -0.0000 -0.0000
vn 0.0001 -0.9820 0.1888
vn 0.0001 -0.9820 -0.1889
vn 0.0001 -0.6545 -0.7560
vn -0.0000 0.3275 -0.9449
vn -0.0000 0.6545 -0.7561
vn -0.0000 0.9820 -0.1889
vn -0.9859 -0.1447 0.0836
vn -0.9894 -0.1452 -0.0000
vn -0.9859 -0.1447 -0.0836
vn -0.0000 -1.0000 -0.0000
vn 0.9859 -0.1447 -0.0836
vn 0.9894 -0.1452 -0.0000
vn 0.9859 -0.1447 0.0836
vn 0.9859 0.1447 -0.0836
vn 0.9894 0.1452 -0.0000
vn 0.9859 0.1447 0.0836
vn -0.9859 -0.0000 -0.1671
vn 0.9859 -0.0000 -0.1671
vn 0.9859 -0.0000 0.1671
vt 0.961021 0.429563
vt 0.958939 0.430054
vt 0.956613 0.420202
vt 0.958695 0.419710
vt 0.963103 0.429071
vt 0.960777 0.419219
vt 0.965185 0.428579
vt 0.962859 0.418727
vt 0.967267 0.428088
vt 0.964940 0.418235
vt 0.969349 0.427596
vt 0.967022 0.417744
vt 0.974700 0.409917
vt 0.976855 0.409917
vt 0.975777 0.411784
vt 0.969944 0.429665
vt 0.976606 0.427742
vt 0.976014 0.425687
vt 0.973838 0.416470
vt 0.975920 0.415978
vt 0.978096 0.425195
vt 0.977240 0.405352
vt 0.975089 0.405352
vt 0.976166 0.407220
vt 0.976171 0.403485
vt 0.960557 0.188197
vt 0.960557 0.190974
vt 0.851734 0.190974
vt 0.851734 0.188197
vt 0.966629 0.415627
vt 0.973447 0.414367
vt 0.935647 0.140064
vt 0.948214 0.143467
vt 0.957153 0.152406
vt 0.864077 0.143467
vt 0.851734 0.164973
vt 0.855138 0.152406
vt 0.876644 0.140064
vt 0.960557 0.164973
vt 0.368254 0.464948
vt 0.371032 0.464948
vt 0.371032 0.477474
vt 0.368254 0.477474
vt 0.368254 0.484497
vt 0.371032 0.484497
vt 0.368254 0.491315
vt 0.371032 0.491316
vt 0.368250 0.498338
vt 0.371027 0.498338
vt 0.368204 0.530163
vt 0.370982 0.530164
vt 0.368193 0.537185
vt 0.370970 0.537187
vt 0.368185 0.544004
vt 0.370962 0.544005
vt 0.368185 0.551027
vt 0.370962 0.551027
vt 0.370962 0.563554
vt 0.368185 0.563554
vt 0.974012 0.407220
vt 0.972938 0.405352
vt 0.974007 0.403485
vt 0.960557 0.214198
vt 0.957153 0.226765
vt 0.948214 0.235704
vt 0.876644 0.239107
vt 0.855138 0.226765
vt 0.864077 0.235704
vt 0.935647 0.239107
vt 0.851734 0.214198
vt 0.974696 0.413651
vt 0.973626 0.411784
vt 0.977929 0.411784
vt 0.976859 0.413651
s 1
usemtl body
f 1683/2598/2605 1684/2599/2605 1685/2600/2605
f 1685/2600/2605 1686/2601/2606 1683/2598/2607
f 1687/2602/2608 1683/2598/2607 1686/2601/2606
f 1686/2601/2606 1688/2603/2609 1687/2602/2608
f 1689/2604/2610 1687/2602/2608 1688/2603/2609
f 1688/2603/2609 1690/2605/2611 1689/2604/2610
f 1691/2606/2612 1689/2604/2610 1690/2605/2611
f 1690/2605/2611 1692/2607/2613 1691/2606/2612
f 1693/2608/2614 1691/2606/2612 1692/2607/2613
f 1692/2607/2613 1694/2609/2614 1693/2608/2614
f 1685/2610/2615 1694/2611/2615 1695/2612/2615
f 1696/2613/2616 1697/2614/2616 1698/2615/2616
f 1698/2615/2616 1699/2608/2616 1696/2613/2616
f 1700/2616/2617 1701/2617/2617 1702/2618/2617
f 1702/2618/2617 1703/2615/2617 1700/2616/2617
f 1693/2608/2618 1694/2609/2618 1700/2616/2618
f 1700/2616/2618 1703/2615/2618 1693/2608/2618
f 1704/2619/2619 1705/2620/2619 1699/2621/2620
f 1706/2622/2621 1705/2620/2619 1704/2619/2619
f 1697/2618/2617 1707/2617/2617 1708/2616/2617
f 1708/2616/2617 1698/2615/2617 1697/2618/2617
f 1699/2608/2618 1698/2615/2618 1708/2616/2618
f 1708/2616/2618 1709/2609/2618 1699/2608/2618
f 1710/2623/2617 1711/2624/2617 1712/2625/2617
f 1712/2625/2617 1713/2626/2617 1710/2623/2617
f 1694/2609/2616 1685/2627/2616 1701/2628/2616
f 1701/2628/2616 1700/2616/2616 1694/2609/2616
f 1684/2613/2622 1693/2608/2622 1703/2615/2622
f 1703/2615/2622 1702/2614/2622 1684/2613/2622
f 1707/2628/2622 1714/2627/2622 1709/2609/2622
f 1709/2609/2622 1708/2616/2622 1707/2628/2622
f 1715/2629/2618 1716/2630/2618 1717/2631/2618
f 1715/2629/2618 1717/2631/2618 1710/2623/2618
f 1718/2632/2618 1715/2629/2618 1710/2623/2618
f 1719/2633/2618 1718/2632/2618 1710/2623/2618
f 1719/2633/2618 1720/2634/2618 1718/2632/2618
f 1718/2632/2618 1721/2635/2618 1715/2629/2618
f 1713/2626/2618 1719/2633/2618 1710/2623/2618
f 1717/2631/2618 1722/2636/2618 1710/2623/2618
f 1713/2637/2623 1712/2638/2623 1723/2639/2624
f 1723/2639/2624 1719/2640/2624 1713/2637/2623
f 1720/2641/2625 1719/2640/2624 1723/2639/2624
f 1723/2639/2624 1724/2642/2626 1720/2641/2625
f 1718/2643/2627 1720/2641/2625 1724/2642/2626
f 1724/2642/2626 1725/2644/2628 1718/2643/2627
f 1721/2645/2629 1718/2643/2627 1725/2644/2628
f 1725/2644/2628 1726/2646/2630 1721/2645/2629
f 1715/2647/2631 1721/2645/2629 1726/2646/2630
f 1726/2646/2630 1727/2648/2632 1715/2647/2631
f 1716/2649/2633 1715/2647/2631 1727/2648/2632
f 1727/2648/2632 1728/2650/2634 1716/2649/2633
f 1717/2651/2635 1716/2649/2633 1728/2650/2634
f 1728/2650/2634 1729/2652/2636 1717/2651/2635
f 1722/2653/2637 1717/2651/2635 1729/2652/2636
f 1729/2652/2636 1730/2654/2637 1722/2653/2637
f 1722/2653/2637 1730/2654/2637 1711/2655/2638
f 1711/2655/2638 1710/2656/2638 1722/2653/2637
f 1714/2600/2605 1696/2599/2605 1731/2598/2639
f 1731/2598/2639 1732/2601/2640 1714/2600/2605
f 1732/2601/2640 1731/2598/2639 1733/2602/2641
f 1733/2602/2641 1734/2603/2609 1732/2601/2640
f 1734/2603/2609 1733/2602/2641 1706/2604/2642
f 1706/2604/2642 1735/2605/2643 1734/2603/2609
f 1735/2605/2643 1706/2604/2642 1704/2606/2644
f 1704/2606/2644 1736/2607/2613 1735/2605/2643
f 1736/2607/2613 1704/2606/2644 1699/2608/2614
f 1699/2608/2614 1709/2609/2614 1736/2607/2613
f 1696/2657/2645 1705/2620/2646 1731/2658/2646
f 1731/2658/2646 1705/2620/2646 1733/2659/2647
f 1699/2621/2615 1705/2620/2615 1696/2657/2615
f 1730/2660/2648 1729/2661/2648 1728/2662/2648
f 1730/2660/2648 1728/2662/2648 1712/2625/2648
f 1728/2662/2648 1726/2663/2648 1712/2625/2648
f 1726/2663/2648 1724/2664/2648 1712/2625/2648
f 1726/2663/2648 1725/2665/2648 1724/2664/2648
f 1728/2662/2648 1727/2666/2648 1726/2663/2648
f 1711/2624/2648 1730/2660/2648 1712/2625/2648
f 1724/2664/2648 1723/2667/2648 1712/2625/2648
f 1734/2668/2649 1737/2612/2650 1732/2669/2650
f 1732/2669/2650 1737/2612/2650 1714/2610/2651
f 1689/2622/2652 1691/2619/2653 1738/2620/2653
f 1691/2619/2653 1693/2621/2654 1738/2620/2653
f 1709/2611/2654 1737/2612/2653 1736/2670/2653
f 1736/2670/2653 1737/2612/2653 1735/2671/2652
f 1694/2611/2620 1692/2670/2619 1695/2612/2619
f 1692/2670/2619 1690/2671/2621 1695/2612/2619
f 1690/2671/2655 1688/2668/2655 1695/2612/2655
f 1733/2659/2655 1705/2620/2655 1706/2622/2655
f 1688/2668/2647 1686/2669/2646 1695/2612/2646
f 1686/2669/2646 1685/2610/2645 1695/2612/2646
f 1735/2671/2656 1737/2612/2656 1734/2668/2656
f 1687/2659/2656 1689/2622/2656 1738/2620/2656
f 1684/2657/2651 1683/2658/2650 1738/2620/2650
f 1683/2658/2650 1687/2659/2649 1738/2620/2650
f 1693/2621/2657 1684/2657/2657 1738/2620/2657
f 1714/2610/2657 1737/2612/2657 1709/2611/2657
o gaz2975_nomg_turret.022
v 20.311150 39.799061 -17.465094
v 19.114719 38.822811 -13.047926
v 19.114719 39.799061 -13.047925
v 20.311150 38.822811 -17.465096
v 20.311279 38.822803 -25.783606
v 20.311279 39.799053 -25.783606
v -17.939117 38.822803 -25.784185
v -17.939117 39.799053 -25.784184
v -17.939247 39.799061 -17.465673
v -13.600924 39.799068 -9.906355
v 11.555390 39.799068 -8.709602
v 15.972604 39.799068 -9.905910
v 11.555390 38.822819 -8.709602
v -9.183753 38.822819 -8.709919
v -9.183753 39.799068 -8.709919
v -13.600924 38.822819 -9.906355
v -16.742941 38.822819 -13.048466
v -16.742941 39.799068 -13.048466
v -17.939247 38.822811 -17.465673
v 15.972604 38.822819 -9.905910
vn 0.9652 -0.0000 0.2614
vn 0.9956 -0.0000 0.0935
vn 0.9956 -0.0000 0.0936
vn -0.0000 1.0000 -0.0000
vn 1.0000 -0.0000 -0.0000
vn -0.0000 -0.0000 -1.0000
vn 0.4195 -0.0000 0.9078
vn 0.2614 -0.0000 0.9652
vn -0.0262 -0.0000 0.9997
vn -0.0000 -0.0000 1.0000
vn -0.0807 -0.0000 0.9967
vn -0.4196 -0.0000 0.9077
vn -0.5729 -0.0000 0.8196
vn -0.0000 -1.0000 -0.0000
vn -0.8196 -0.0000 0.5729
vn -0.9078 -0.0000 0.4195
vn -0.9956 -0.0000 0.0935
vn -1.0000 -0.0000 -0.0000
vn 0.5729 -0.0000 0.8196
vn 0.7071 -0.0000 0.7071
vt 0.494650 0.581221
vt 0.482781 0.581221
vt 0.482781 0.578443
vt 0.494651 0.578443
vt 0.781015 0.327867
vt 0.777611 0.315299
vt 0.777611 0.291633
vt 0.461205 0.581220
vt 0.461205 0.578443
vt 0.777611 0.288856
vt 0.886433 0.288856
vt 0.886433 0.291633
vt 0.886433 0.315299
vt 0.874091 0.336806
vt 0.802521 0.340210
vt 0.789954 0.336806
vt 0.506177 0.578461
vt 0.518045 0.578474
vt 0.518045 0.581251
vt 0.571836 0.581241
vt 0.571835 0.578464
vt 0.861524 0.340210
vt 0.583706 0.581233
vt 0.583705 0.578456
vt 0.861524 0.240280
vt 0.874091 0.243683
vt 0.883030 0.252622
vt 0.595230 0.581233
vt 0.595230 0.578456
vt 0.607100 0.581233
vt 0.886433 0.265190
vt 0.607100 0.578455
vt 0.628675 0.578455
vt 0.628675 0.581233
vt 0.883030 0.327867
vt 0.789954 0.243683
vt 0.802521 0.240280
vt 0.506174 0.581238
vt 0.777611 0.265190
vt 0.781015 0.252622
s 1
usemtl body
f 1740/2672/2658 1742/2673/2659 1739/2674/2660
f 1739/2674/2660 1741/2675/2658 1740/2672/2658
f 1741/2676/2661 1739/2677/2661 1744/2678/2661
f 1739/2674/2660 1742/2673/2659 1743/2679/2662
f 1743/2679/2662 1744/2680/2662 1739/2674/2660
f 1744/2678/2663 1743/2681/2663 1745/2682/2663
f 1745/2682/2663 1746/2683/2663 1744/2678/2663
f 1746/2683/2661 1747/2684/2661 1744/2678/2661
f 1747/2684/2661 1748/2685/2661 1744/2678/2661
f 1748/2685/2661 1749/2686/2661 1744/2678/2661
f 1749/2686/2661 1741/2676/2661 1744/2678/2661
f 1749/2686/2661 1750/2687/2661 1741/2676/2661
f 1750/2688/2664 1749/2689/2665 1751/2690/2665
f 1752/2691/2666 1751/2690/2667 1749/2689/2667
f 1749/2689/2667 1753/2692/2668 1752/2691/2666
f 1748/2685/2661 1753/2693/2661 1749/2686/2661
f 1754/2694/2669 1752/2691/2666 1753/2692/2668
f 1753/2692/2668 1748/2695/2670 1754/2694/2669
f 1752/2696/2671 1754/2697/2671 1755/2698/2671
f 1755/2699/2672 1754/2694/2669 1748/2695/2670
f 1748/2695/2670 1756/2700/2673 1755/2699/2672
f 1757/2701/2674 1755/2699/2672 1756/2700/2673
f 1755/2698/2671 1757/2702/2671 1745/2682/2671
f 1752/2696/2671 1755/2698/2671 1745/2682/2671
f 1756/2700/2673 1747/2703/2674 1757/2701/2674
f 1757/2701/2674 1747/2703/2674 1746/2704/2675
f 1746/2704/2675 1745/2705/2675 1757/2701/2674
f 1747/2684/2661 1756/2706/2661 1748/2685/2661
f 1758/2707/2671 1751/2708/2671 1752/2696/2671
f 1758/2707/2671 1752/2696/2671 1745/2682/2671
f 1751/2690/2665 1758/2709/2676 1750/2688/2664
f 1741/2675/2677 1750/2688/2664 1758/2709/2676
f 1758/2709/2676 1740/2672/2677 1741/2675/2677
f 1742/2710/2671 1740/2711/2671 1758/2707/2671
f 1742/2710/2671 1758/2707/2671 1745/2682/2671
f 1743/2681/2671 1742/2710/2671 1745/2682/2671
o gaz2975_nomg_turret
v -19.855494 40.668339 -14.648741
v -19.855494 46.813953 -14.648741
v -19.143909 46.813953 -15.059560
v -19.143909 40.668339 -15.059560
v -18.432331 46.813953 -14.648719
v -18.432331 40.668339 -14.648719
v -18.432343 46.813953 -13.827057
v -18.432343 40.668339 -13.827057
v -19.143932 46.813953 -13.416237
v -19.143932 40.668339 -13.416237
v -19.855505 46.813953 -13.827080
v -19.855505 40.668339 -13.827080
vn -0.5000 -0.0000 -0.8660
vn -0.0000 -0.0000 -1.0000
vn 0.1888 0.0001 -0.9820
vn 0.7560 -0.0000 -0.6545
vn 0.9449 -0.0000 -0.3275
vn 0.9449 -0.0000 0.3275
vn 0.7560 0.0001 0.6545
vn 0.1888 -0.0003 0.9820
vn -0.1888 0.0002 0.9820
vn -0.7561 -0.0001 0.6545
vn -0.8660 -0.0000 0.5000
vn -1.0000 -0.0000 -0.0000
vt 0.866953 0.535982
vt 0.843149 0.535982
vt 0.843149 0.532800
vt 0.866953 0.532800
vt 0.843149 0.529617
vt 0.866953 0.529617
vt 0.843149 0.526435
vt 0.866953 0.526435
vt 0.843149 0.523252
vt 0.866953 0.523252
vt 0.843149 0.520069
vt 0.866953 0.520069
vt 0.843149 0.516887
vt 0.866953 0.516887
s 1
usemtl body
f 1759/2712/2678 1760/2713/2678 1761/2714/2678
f 1761/2714/2679 1762/2715/2680 1759/2712/2678
f 1762/2715/2680 1761/2714/2679 1763/2716/2681
f 1763/2716/2681 1764/2717/2682 1762/2715/2680
f 1764/2717/2682 1763/2716/2681 1765/2718/2683
f 1765/2718/2683 1766/2719/2684 1764/2717/2682
f 1766/2719/2684 1765/2718/2683 1767/2720/2685
f 1767/2720/2685 1768/2721/2686 1766/2719/2684
f 1768/2721/2686 1767/2720/2685 1769/2722/2687
f 1769/2722/2687 1770/2723/2688 1768/2721/2686
f 1770/2723/2688 1769/2722/2687 1760/2724/2689
f 1760/2724/2689 1759/2725/2689 1770/2723/2689
o gaz2975_nomg_turret.001
v 0.619821 47.494785 0.393906
v 10.071484 47.268810 0.783329
v 10.079215 47.498089 0.392822
v 0.612102 47.265514 0.784414
v 0.604983 47.492474 1.175764
v 0.620432 47.951015 0.394772
v 0.613288 48.177975 0.786148
v 10.079812 47.954311 0.393688
v 10.064365 47.495770 1.174681
v 10.064951 47.951984 1.175549
v 10.072669 48.181240 0.785065
v 0.605569 47.948689 1.176634
vn 0.0003 -0.9811 -0.1936
vn 0.0004 -0.9822 0.1878
vn 0.0002 -0.8624 -0.5063
vn -0.0001 0.0019 -1.0000
vn -0.0002 0.3263 -0.9453
vn -0.9998 0.0014 -0.0190
vn -0.9998 0.0013 -0.0190
vn -0.0002 0.6523 -0.7579
vn -0.0004 0.9822 -0.1878
vn 0.9998 -0.0013 0.0190
vn 0.9998 -0.0014 0.0190
vn -0.0003 0.9811 0.1936
vn -0.0002 0.8623 0.5063
vn -0.0002 0.8624 0.5063
vn 0.0001 -0.0019 1.0000
vn 0.0002 -0.3264 0.9452
vn 0.0003 -0.6523 0.7580
vt 0.002466 0.411596
vt 0.030914 0.411592
vt 0.030891 0.412954
vt 0.002442 0.412958
vt 0.002445 0.403444
vt 0.030894 0.403448
vt 0.030892 0.404820
vt 0.045369 0.430334
vt 0.044693 0.431517
vt 0.043333 0.431512
vt 0.044683 0.429146
vt 0.043322 0.429140
vt 0.002442 0.404816
vt 0.030913 0.406181
vt 0.035970 0.448081
vt 0.034596 0.450433
vt 0.033911 0.449258
vt 0.034598 0.448081
vt 0.035969 0.450432
vt 0.036655 0.449256
vt 0.002463 0.406176
vt 0.030936 0.407543
vt 0.002487 0.407538
vt 0.002484 0.408863
vt 0.030933 0.408859
vt 0.030935 0.410231
vt 0.042647 0.430323
vt 0.002487 0.410235
s 1
usemtl body
f 1772/2726/2690 1774/2727/2691 1771/2728/2692
f 1771/2728/2692 1773/2729/2692 1772/2726/2690
f 1773/2730/2693 1771/2731/2693 1776/2732/2694
f 1771/2733/2695 1774/2734/2696 1775/2735/2696
f 1775/2735/2696 1776/2736/2696 1771/2733/2695
f 1777/2737/2696 1776/2736/2696 1775/2735/2696
f 1778/2738/2697 1776/2732/2694 1777/2739/2698
f 1776/2732/2694 1778/2738/2697 1773/2730/2693
f 1778/2740/2699 1779/2741/2699 1772/2742/2700
f 1772/2742/2700 1773/2743/2699 1778/2740/2699
f 1780/2744/2699 1779/2741/2699 1778/2740/2699
f 1778/2740/2699 1781/2745/2699 1780/2744/2699
f 1777/2739/2698 1781/2746/2701 1778/2738/2697
f 1782/2747/2702 1780/2748/2703 1781/2746/2701
f 1781/2746/2701 1777/2739/2698 1782/2747/2702
f 1780/2749/2704 1782/2750/2704 1775/2751/2705
f 1775/2735/2696 1782/2752/2696 1777/2737/2696
f 1775/2751/2705 1779/2753/2706 1780/2749/2704
f 1779/2753/2706 1775/2751/2705 1774/2727/2691
f 1774/2727/2691 1772/2726/2690 1779/2753/2706
o gaz2975_nomg_turret.002
v -15.550912 39.038120 -11.239783
v -13.173876 39.038128 -10.672129
v -14.909534 39.038120 -11.868580
v -16.068937 39.038120 -13.501913
v -16.873287 39.902981 -13.036097
v -15.550912 39.902981 -11.239783
v -16.873287 39.038120 -13.036097
v -13.639724 39.038128 -9.867795
v -13.639724 39.902981 -9.867795
v -11.702094 39.038128 -8.945272
v -11.397094 39.038128 -9.793171
v -11.702094 39.902981 -8.945269
v -9.243509 39.038128 -8.279341
v -9.124018 39.038128 -9.177486
v 9.195236 39.038120 -9.177210
v 9.195236 39.902973 -9.177210
v -9.124018 39.902988 -9.177486
v 9.288039 39.902973 -8.279064
v -9.243509 39.902988 -8.279341
v -11.397094 39.902981 -9.793171
v -13.173876 39.902981 -10.672129
v -14.909534 39.902981 -11.868584
v -16.068937 39.902981 -13.501913
v -17.802229 39.902981 -15.260326
v -16.948292 39.902981 -15.543073
v -16.948292 39.038120 -15.543075
v -17.802229 39.038120 -15.260326
v -17.265770 39.038120 -17.574097
v -17.265770 39.902981 -17.574097
v -17.490139 39.038120 -19.796127
v -18.388292 39.038120 -19.709326
v -18.163931 39.038120 -17.454636
v -18.388292 39.902981 -19.709326
v -18.163931 39.902981 -17.454636
v -18.388109 39.902973 -31.794319
v -17.489964 39.902973 -31.708370
v -17.490139 39.902981 -19.796127
v -17.489964 39.038120 -31.708370
v -17.269207 39.038120 -33.966194
v -18.388109 39.038120 -31.794319
v -18.167360 39.902973 -34.085690
v -18.167360 39.038120 -34.085690
v -17.773714 39.038120 -36.409241
v -17.773714 39.902973 -36.409241
v -17.269207 39.902973 -33.966194
v -16.064497 39.902973 -38.094589
v -16.868832 39.902973 -38.560440
v -16.921921 39.902973 -36.118603
v -16.921921 39.038120 -36.118603
v -16.064497 39.038113 -38.094589
v -15.464515 39.038113 -40.411568
v -14.831941 39.038113 -39.773960
v -16.868832 39.038113 -38.560440
v -15.464515 39.902973 -40.411568
v -13.234260 39.902973 -40.965523
v -13.700085 39.902973 -41.769878
v -14.831941 39.902973 -39.773960
v -13.234260 39.038113 -40.965523
v -11.491624 39.038113 -42.676872
v -13.700085 39.038113 -41.769878
v -11.202494 39.038113 -41.824669
v -9.123521 39.038113 -42.387711
v -11.202494 39.902973 -41.824669
v -11.491624 39.902973 -42.676872
v -9.123521 39.902973 -42.387711
v -9.242988 39.902973 -43.285866
v -9.242988 39.038113 -43.285866
v 9.288039 39.038120 -8.279064
v 11.615109 39.038120 -8.499821
v 11.495647 39.038120 -9.397973
v 13.663974 39.902973 -9.764422
v 11.495647 39.902973 -9.397973
v 13.663974 39.038120 -9.764422
v 13.960402 39.038120 -8.914198
v 15.622079 39.038113 -10.557178
v 11.615109 39.902973 -8.499821
v 13.960402 39.902973 -8.914196
v 16.087906 39.038113 -9.752829
v 16.087906 39.902973 -9.752828
v 17.964510 39.038113 -11.281192
v 18.446089 39.038113 -13.557087
v 17.318863 39.038113 -11.905725
v 17.964510 39.902973 -11.281190
v 19.250427 39.038113 -13.091239
v 19.250427 39.902973 -13.091239
v 20.179337 39.038113 -15.279327
v 19.608011 39.038113 -17.543337
v 19.325014 39.038113 -15.560628
v 20.506157 39.038113 -17.423847
v 20.179337 39.902973 -15.279327
v 19.608011 39.902973 -17.543339
v 19.325014 39.902973 -15.560628
v 18.446089 39.902973 -13.557087
v 20.506157 39.902973 -17.423847
v 20.760242 39.902973 -20.116486
v 20.760242 39.038113 -20.116486
v 19.862268 39.038113 -31.996630
v 19.862087 39.038113 -20.197485
v 20.760420 39.038113 -32.086739
v 20.760420 39.902973 -32.086739
v 20.546253 39.038113 -34.149658
v 19.648104 39.038113 -34.030190
v 20.113625 39.038113 -36.528770
v 19.264284 39.038113 -36.229103
v 19.648104 39.902973 -34.030190
v 19.264284 39.902973 -36.229099
v 18.426544 39.902973 -38.051189
v 20.113625 39.902973 -36.528770
v 20.546253 39.902973 -34.149658
v 19.230896 39.038113 -38.517014
v 19.230896 39.902973 -38.517014
v 17.867006 39.902973 -40.381134
v 17.867006 39.038113 -40.381134
v 15.538693 39.038113 -40.903160
v 17.231352 39.038113 -39.746613
v 18.426544 39.038113 -38.051189
v 16.004545 39.038113 -41.707504
v 16.004545 39.902973 -41.707504
v 13.894659 39.038113 -42.668255
v 13.894659 39.902973 -42.668255
v 11.615629 39.038113 -43.285561
v 11.496139 39.038113 -42.387413
v 13.603205 39.038113 -41.816689
v 11.496139 39.902973 -42.387413
v 13.603205 39.902973 -41.816689
v 15.538693 39.902973 -40.903160
v 17.231352 39.902973 -39.746613
v 10.484360 39.902973 -42.387421
v 10.593158 39.902973 -43.285576
v 11.615629 39.902973 -43.285561
v 10.593158 39.038113 -43.285576
v 10.484360 39.038113 -42.387421
v 19.862268 39.902973 -31.996630
v 19.862087 39.902973 -20.197485
v 17.318861 39.902973 -11.905726
v 15.622079 39.902973 -10.557178
vn -0.0000 -1.0000 -0.0000
vn -0.5142 -0.4718 0.7163
vn -0.3982 -0.7305 0.5548
vn -0.7104 -0.4709 0.5231
vn -0.5504 -0.7300 0.4052
vn -0.7102 0.4714 0.5229
vn -0.5503 0.7300 0.4052
vn -0.5141 0.4714 0.7166
vn -0.3983 0.7305 0.5548
vn -0.3789 0.4724 0.7958
vn -0.2933 -0.7310 0.6161
vn -0.3790 -0.4720 0.7960
vn -0.1171 -0.8942 0.4321
vn -0.2933 0.7310 0.6161
vn -0.1849 0.7069 0.6828
vn -0.2320 -0.4610 0.8565
vn -0.0000 -0.9000 0.4360
vn -0.0000 0.4610 -0.8874
vn -0.0000 -0.0000 -1.0000
vn -0.0000 0.9019 -0.4319
vn 0.1775 0.7343 -0.6553
vn 0.2614 -0.0000 -0.9652
vn -0.0000 0.8999 0.4361
vn -0.0000 0.4611 0.8874
vn -0.1813 0.7203 0.6695
vn 0.1813 0.7203 -0.6695
vn 0.3937 0.4598 -0.7959
vn 0.4434 -0.0000 -0.8963
vn -0.0000 1.0000 -0.0000
vn 0.3081 0.7192 -0.6228
vn 0.5058 0.4539 -0.7336
vn 0.3974 0.7139 -0.5765
vn 0.5676 -0.0000 -0.8233
vn 0.7256 0.4564 -0.5150
vn 0.5693 0.7160 -0.4041
vn 0.8154 -0.0000 -0.5788
vn -0.8144 0.4701 0.3402
vn -0.6314 0.7293 0.2637
vn 0.8155 0.4598 -0.3514
vn 0.6378 0.7195 -0.2748
vn 0.9184 -0.0000 -0.3957
vn 0.8790 0.4566 -0.1374
vn 0.9880 -0.0000 -0.1544
vn -0.8743 -0.4637 0.1439
vn -0.6814 -0.7232 0.1123
vn 0.6896 0.7161 -0.1078
vn 0.6852 0.7251 -0.0692
vn 0.9949 -0.0000 -0.1005
vn -0.4320 -0.9008 0.0443
vn -0.8815 -0.4640 0.0877
vn -0.6905 0.7201 0.0687
vn -0.6873 0.7232 0.0684
vn -0.8740 0.4641 0.1441
vn -0.6814 0.7232 0.1123
vn -0.8874 -0.4611 -0.0000
vn -0.4366 0.8997 -0.0000
vn -0.8874 0.4611 -0.0000
vn 0.4314 0.9021 -0.0000
vn 0.8874 0.4610 -0.0000
vn 0.6885 0.7219 -0.0696
vn 1.0000 -0.0000 -0.0000
vn 0.8823 0.4627 0.0863
vn 0.9953 -0.0000 0.0973
vn -0.6908 -0.7200 -0.0665
vn -0.4366 -0.8997 -0.0000
vn -0.8818 0.4640 -0.0850
vn -0.6875 -0.7231 -0.0662
vn -0.4323 0.9008 -0.0419
vn -0.8734 -0.4640 -0.1480
vn -0.6810 -0.7232 -0.1154
vn -0.8736 0.4636 -0.1480
vn -0.6810 0.7231 -0.1154
vn 0.8785 0.4562 0.1419
vn 0.6891 0.7161 0.1112
vn -0.8135 -0.4702 -0.3423
vn -0.6306 0.7294 -0.2653
vn -0.8133 0.4706 -0.3421
vn 0.8143 0.4605 0.3533
vn 0.6367 0.7200 0.2763
vn 0.9872 -0.0000 0.1593
vn 0.9174 -0.0000 0.3981
vn -0.7029 -0.4707 -0.5332
vn -0.5449 -0.7295 -0.4134
vn 0.7175 0.4562 0.5264
vn 0.8062 -0.0000 0.5917
vn -0.6306 -0.7294 -0.2652
vn -0.5450 0.7294 -0.4134
vn -0.7029 0.4703 -0.5336
vn -0.5386 -0.4700 -0.6993
vn -0.4175 0.7292 -0.5422
vn -0.5383 0.4704 -0.6993
vn 0.5627 0.7161 0.4130
vn 0.5316 0.4574 0.7128
vn 0.4168 0.7169 0.5589
vn 0.5979 -0.0000 0.8016
vn 0.5978 -0.0000 0.8016
vn -0.3353 -0.4702 -0.8164
vn -0.2601 -0.7290 -0.6332
vn -0.4174 -0.7292 -0.5423
vn 0.3455 0.4604 0.8177
vn 0.3895 -0.0000 0.9210
vn -0.1849 -0.7068 -0.6828
vn 0.2320 0.4610 0.8566
vn 0.2614 -0.0000 0.9652
vn 0.2702 0.7202 0.6390
vn -0.1170 0.8942 -0.4321
vn 0.1098 0.9075 0.4054
vn -0.2320 0.4610 -0.8565
vn 0.9913 -0.0000 -0.1319
vn -0.1813 -0.7203 -0.6695
vn -0.2600 0.7290 -0.6332
vn -0.3355 0.4698 -0.8165
vn 0.4272 0.9032 0.0418
vn -0.8143 -0.4705 0.3401
vn -0.6314 -0.7293 0.2637
vn -0.0000 -0.4610 0.8874
vn 0.0655 0.7207 0.6902
vn 0.0371 -0.9011 0.4321
vn 0.0837 -0.4640 0.8819
vn -0.1482 0.4568 -0.8771
vn -0.1666 -0.0000 -0.9860
vn -0.1163 0.7163 -0.6880
vn -0.0658 0.7246 -0.6860
vn -0.0955 -0.0000 -0.9954
vn 0.1542 -0.4635 0.8726
vn 0.1202 -0.7230 0.6803
vn 0.3238 -0.4694 0.8214
vn 0.2513 -0.7283 0.6375
vn 0.1541 0.4639 0.8724
vn 0.1202 0.7231 0.6803
vn 0.3239 0.4690 0.8216
vn 0.5580 -0.4685 0.6850
vn 0.4331 -0.7278 0.5317
vn 0.2513 0.7283 0.6375
vn 0.5578 0.4689 0.6849
vn 0.7187 -0.4720 0.5106
vn 0.5566 -0.7306 0.3955
vn 0.4330 0.7278 0.5317
vn 0.7187 0.4716 0.5109
vn 0.8123 -0.4704 0.3449
vn 0.6296 -0.7295 0.2673
vn 0.5566 0.7306 0.3954
vn 0.8121 0.4708 0.3448
vn 0.8757 -0.4641 0.1334
vn 0.6826 -0.7233 0.1041
vn 0.8759 0.4638 0.1335
vn 0.6296 0.7295 0.2673
vn 0.6826 0.7233 0.1040
vn -0.8813 0.4555 -0.1259
vn -0.6917 0.7154 -0.0987
vn -0.8132 0.4599 -0.3567
vn -0.6362 0.7193 -0.2791
vn -0.4274 0.9031 -0.0409
vn 0.8820 0.4639 0.0832
vn 0.4323 0.9007 0.0427
vn 0.6909 -0.7200 0.0652
vn 0.6877 -0.7231 0.0649
vn 0.8874 -0.4610 -0.0000
vn 0.4365 -0.8997 -0.0000
vn 0.8874 0.4611 -0.0000
vn 0.4365 0.8997 -0.0000
vn 0.6901 0.7202 -0.0716
vn 0.4316 -0.9009 -0.0464
vn 0.8811 -0.4640 -0.0915
vn 0.8719 -0.4634 -0.1584
vn 0.6797 -0.7230 -0.1236
vn -0.8762 0.4570 0.1529
vn -0.9851 -0.0000 0.1719
vn -0.9851 -0.0000 0.1720
vn -0.6872 0.7165 0.1199
vn -0.6849 0.7251 0.0721
vn -0.9945 -0.0000 0.1047
vn -0.9086 -0.0000 0.4177
vn -0.6307 0.7198 0.2900
vn -0.8067 0.4601 0.3709
vn 0.8716 0.4638 -0.1585
vn 0.6797 0.7230 -0.1236
vn 0.8063 0.4711 -0.3578
vn 0.6245 -0.7301 -0.2772
vn 0.8060 -0.4715 -0.3579
vn 0.6245 0.7301 -0.2773
vn 0.7117 0.4715 -0.5207
vn 0.5514 0.7302 -0.4035
vn 0.7119 -0.4711 -0.5209
vn 0.5514 -0.7302 -0.4035
vn 0.5114 -0.4720 -0.7181
vn 0.3961 -0.7306 -0.5561
vn 0.5116 0.4715 -0.7183
vn 0.3961 0.7306 -0.5562
vn 0.3654 0.4718 -0.8024
vn 0.2830 -0.7305 -0.6215
vn 0.3654 -0.4714 -0.8027
vn 0.2830 0.7305 -0.6215
vn 0.1849 0.7069 -0.6827
vn 0.1170 -0.8942 -0.4321
vn 0.2320 -0.4610 -0.8565
vn -0.2614 -0.0000 0.9652
vn -0.1812 0.7208 0.6691
vn -0.1775 0.7341 0.6554
vn -0.3791 0.4595 0.8032
vn -0.4268 -0.0000 0.9043
vn -0.2966 0.7189 0.6286
vn -0.5026 0.4543 0.7356
vn -0.3949 0.7142 0.5779
vn -0.5642 -0.0000 0.8257
vn -0.7275 0.4557 0.5129
vn -0.5712 0.7153 0.4026
vn -0.8173 -0.0000 0.5762
vn -0.0000 -0.0000 1.0000
vn -0.0000 0.9018 0.4322
vn -0.0000 0.4610 0.8874
vn -0.0000 0.9000 -0.4359
vn -0.0000 0.4611 -0.8874
vn -0.0000 -0.7185 -0.6955
vn -0.0000 -0.7203 -0.6936
vn -0.9927 -0.0000 -0.1203
vn 0.6869 0.7232 -0.0713
vn -0.6880 0.7221 0.0726
vn -0.8874 0.4610 -0.0000
vn -1.0000 -0.0000 -0.0000
vn -0.4314 0.9021 -0.0000
vn -0.8826 0.4625 -0.0845
vn -0.9954 -0.0000 -0.0953
vn -0.7353 0.4554 -0.5019
vn -0.5771 0.7153 -0.3940
vn -0.8259 -0.0000 -0.5638
vn -0.9158 -0.0000 -0.4017
vn -0.5531 0.4580 -0.6959
vn -0.4334 0.7174 -0.5454
vn -0.6222 -0.0000 -0.7829
vn -0.3331 0.4611 -0.8225
vn -0.2601 0.7209 -0.6424
vn -0.3753 -0.0000 -0.9269
vn -0.9900 -0.0000 -0.1413
vn 0.0652 0.7231 0.6876
vn -0.0658 0.7222 -0.6886
vt 0.899900 0.587840
vt 0.899900 0.585440
vt 0.905772 0.585440
vt 0.905772 0.587840
vt 0.911224 0.587840
vt 0.911224 0.585440
vt 0.911224 0.583044
vt 0.905772 0.583044
vt 0.899900 0.583044
vt 0.894526 0.585440
vt 0.894526 0.587840
vt 0.888328 0.587840
vt 0.894526 0.583044
vt 0.888328 0.585440
vt 0.841693 0.587840
vt 0.841693 0.580632
vt 0.841693 0.578449
vt 0.888328 0.578449
vt 0.888328 0.580632
vt 0.894526 0.578449
vt 0.841693 0.583044
vt 0.888328 0.583044
vt 0.894526 0.580632
vt 0.899900 0.578449
vt 0.899900 0.580632
vt 0.905772 0.580632
vt 0.905772 0.578449
vt 0.911224 0.580632
vt 0.911224 0.578449
vt 0.917339 0.583044
vt 0.917339 0.580632
vt 0.917339 0.578449
vt 0.922793 0.587840
vt 0.917339 0.587840
vt 0.917339 0.585440
vt 0.922793 0.578449
vt 0.922793 0.585440
vt 0.922793 0.580632
vt 0.928536 0.578449
vt 0.928536 0.585440
vt 0.928536 0.587840
vt 0.928536 0.583044
vt 0.922793 0.583044
vt 0.958915 0.583044
vt 0.958915 0.580632
vt 0.928536 0.580632
vt 0.958915 0.578449
vt 0.964814 0.578449
vt 0.964814 0.587840
vt 0.958915 0.587840
vt 0.958915 0.585440
vt 0.964814 0.583044
vt 0.964814 0.585440
vt 0.970528 0.585440
vt 0.970528 0.583044
vt 0.964814 0.580632
vt 0.970528 0.580632
vt 0.976379 0.583044
vt 0.976379 0.580632
vt 0.970528 0.578449
vt 0.976379 0.578449
vt 0.976379 0.587840
vt 0.976379 0.585440
vt 0.982024 0.585440
vt 0.982024 0.587840
vt 0.982024 0.578449
vt 0.970528 0.587840
vt 0.982024 0.583044
vt 0.987504 0.583044
vt 0.982024 0.580632
vt 0.987504 0.580632
vt 0.987504 0.578449
vt 0.993293 0.585440
vt 0.993293 0.587840
vt 0.987504 0.587840
vt 0.987504 0.585440
vt 0.993293 0.578449
vt 0.998851 0.587840
vt 0.993293 0.580632
vt 0.998851 0.578449
vt 0.993293 0.583044
vt 0.998851 0.580632
vt 0.998851 0.583044
vt 0.022259 0.398986
vt 0.019909 0.398986
vt 0.019909 0.396742
vt 0.998851 0.585440
vt 0.022259 0.396742
vt 0.841693 0.585440
vt 0.835837 0.585440
vt 0.835837 0.587840
vt 0.829925 0.580632
vt 0.829925 0.578449
vt 0.835837 0.578449
vt 0.835837 0.580632
vt 0.829925 0.587840
vt 0.829925 0.585440
vt 0.824266 0.587840
vt 0.824266 0.585440
vt 0.835837 0.583044
vt 0.829925 0.583044
vt 0.818328 0.585440
vt 0.824266 0.583044
vt 0.813089 0.587840
vt 0.813089 0.585440
vt 0.818328 0.587840
vt 0.818328 0.583044
vt 0.806924 0.585440
vt 0.813089 0.583044
vt 0.801519 0.587840
vt 0.801519 0.585440
vt 0.806924 0.587840
vt 0.806924 0.583044
vt 0.801519 0.583044
vt 0.801519 0.580632
vt 0.806924 0.580632
vt 0.813089 0.580632
vt 0.794750 0.583044
vt 0.794750 0.585440
vt 0.764659 0.587840
vt 0.764659 0.585440
vt 0.794750 0.587840
vt 0.764659 0.583044
vt 0.759497 0.585440
vt 0.759497 0.587840
vt 0.753478 0.585440
vt 0.753478 0.587840
vt 0.753478 0.580632
vt 0.753478 0.578449
vt 0.759497 0.578449
vt 0.759497 0.580632
vt 0.764659 0.578449
vt 0.747929 0.580632
vt 0.753478 0.583044
vt 0.759497 0.583044
vt 0.747929 0.585440
vt 0.747929 0.583044
vt 0.742368 0.583044
vt 0.742368 0.585440
vt 0.736770 0.587840
vt 0.736770 0.585440
vt 0.742368 0.587840
vt 0.747929 0.587840
vt 0.736770 0.583044
vt 0.731014 0.585440
vt 0.731014 0.583044
vt 0.725337 0.585440
vt 0.725337 0.587840
vt 0.731014 0.587840
vt 0.731014 0.578449
vt 0.731014 0.580632
vt 0.725337 0.580632
vt 0.725337 0.578449
vt 0.736770 0.578449
vt 0.736770 0.580632
vt 0.742368 0.580632
vt 0.742368 0.578449
vt 0.747929 0.578449
vt 0.722721 0.580632
vt 0.722721 0.583044
vt 0.725337 0.583044
vt 0.722721 0.585440
vt 0.028898 0.402381
vt 0.026552 0.402382
vt 0.026552 0.400139
vt 0.722721 0.587840
vt 0.028898 0.400138
vt 0.722721 0.578449
vt 0.764659 0.580632
vt 0.794750 0.578449
vt 0.794750 0.580632
vt 0.801519 0.578449
vt 0.818328 0.580632
vt 0.818328 0.578449
vt 0.813089 0.578449
vt 0.824266 0.580632
vt 0.824266 0.578449
vt 0.806924 0.578449
s 1
usemtl body
f 1784/2754/2707 1790/2755/2708 1783/2756/2709
f 1783/2756/2707 1785/2757/2707 1784/2754/2707
f 1786/2758/2707 1785/2757/2707 1783/2756/2707
f 1783/2756/2710 1789/2759/2711 1786/2758/2707
f 1787/2760/2712 1789/2759/2711 1783/2756/2710
f 1783/2756/2710 1788/2761/2713 1787/2760/2712
f 1788/2761/2714 1783/2756/2709 1790/2755/2708
f 1790/2755/2708 1791/2762/2715 1788/2761/2714
f 1791/2762/2716 1790/2755/2717 1792/2763/2718
f 1792/2763/2718 1790/2755/2717 1784/2754/2707
f 1784/2754/2707 1793/2764/2707 1792/2763/2707
f 1792/2763/2719 1793/2764/2707 1796/2765/2707
f 1792/2763/2718 1794/2766/2720 1791/2762/2716
f 1794/2766/2721 1792/2763/2719 1795/2767/2722
f 1796/2765/2707 1795/2767/2722 1792/2763/2719
f 1795/2767/2723 1796/2765/2707 1797/2768/2707
f 1798/2769/2724 1797/2770/2725 1796/2771/2725
f 1796/2771/2725 1799/2772/2726 1798/2769/2724
f 1799/2772/2727 1796/2771/2728 1793/2773/2728
f 1800/2774/2729 1798/2769/2724 1799/2772/2726
f 1799/2772/2726 1801/2775/2730 1800/2774/2729
f 1794/2766/2721 1801/2775/2731 1799/2772/2727
f 1793/2773/2728 1802/2776/2732 1799/2772/2727
f 1799/2772/2727 1802/2776/2732 1794/2766/2721
f 1802/2776/2733 1793/2773/2734 1784/2777/2734
f 1794/2766/2735 1802/2776/2733 1803/2778/2736
f 1784/2777/2734 1803/2778/2736 1802/2776/2733
f 1803/2778/2735 1791/2762/2716 1794/2766/2720
f 1788/2761/2714 1791/2762/2715 1803/2778/2735
f 1803/2778/2737 1804/2779/2738 1788/2761/2735
f 1785/2780/2739 1804/2779/2738 1803/2778/2737
f 1803/2778/2737 1784/2777/2739 1785/2780/2739
f 1788/2761/2735 1804/2779/2740 1805/2781/2741
f 1804/2779/2740 1785/2780/2742 1786/2782/2742
f 1786/2782/2742 1805/2781/2741 1804/2779/2740
f 1805/2781/2735 1787/2760/2712 1788/2761/2713
f 1806/2783/2743 1787/2760/2744 1805/2781/2735
f 1805/2781/2745 1807/2784/2746 1806/2783/2735
f 1805/2781/2745 1786/2782/2747 1808/2785/2747
f 1808/2785/2747 1807/2784/2746 1805/2781/2745
f 1810/2786/2707 1808/2787/2707 1809/2788/2707
f 1809/2788/2707 1808/2787/2707 1786/2758/2707
f 1807/2784/2748 1808/2785/2749 1810/2789/2749
f 1809/2788/2750 1814/2790/2751 1810/2786/2707
f 1810/2789/2749 1811/2791/2752 1807/2784/2748
f 1811/2791/2753 1810/2789/2754 1812/2792/2754
f 1813/2793/2755 1812/2794/2707 1810/2786/2707
f 1810/2786/2707 1814/2790/2756 1813/2793/2755
f 1815/2795/2757 1813/2793/2755 1814/2790/2756
f 1814/2790/2756 1816/2796/2758 1815/2795/2757
f 1816/2796/2759 1814/2790/2751 1809/2788/2750
f 1815/2795/2757 1816/2796/2758 1811/2791/2753
f 1811/2791/2735 1816/2796/2759 1806/2783/2760
f 1809/2788/2750 1806/2783/2760 1816/2796/2759
f 1813/2793/2761 1815/2795/2762 1817/2797/2763
f 1818/2798/2764 1817/2797/2763 1815/2795/2762
f 1815/2795/2762 1819/2799/2765 1818/2798/2764
f 1811/2791/2753 1819/2799/2766 1815/2795/2757
f 1820/2800/2767 1818/2798/2764 1819/2799/2765
f 1819/2799/2765 1812/2792/2767 1820/2800/2767
f 1812/2792/2754 1819/2799/2766 1811/2791/2753
f 1818/2798/2768 1820/2800/2769 1821/2801/2769
f 1821/2802/2707 1820/2803/2707 1822/2804/2770
f 1822/2804/2771 1820/2803/2707 1812/2794/2707
f 1823/2805/2772 1824/2806/2773 1822/2804/2770
f 1822/2804/2770 1817/2797/2774 1823/2805/2772
f 1817/2797/2763 1822/2804/2771 1813/2793/2761
f 1822/2804/2770 1824/2806/2773 1821/2802/2707
f 1812/2794/2707 1813/2793/2761 1822/2804/2771
f 1821/2802/2707 1824/2806/2775 1825/2807/2776
f 1826/2808/2777 1825/2807/2776 1824/2806/2775
f 1824/2806/2775 1823/2805/2778 1826/2808/2777
f 1827/2809/2779 1830/2810/2780 1826/2808/2735
f 1826/2808/2777 1823/2805/2778 1827/2809/2735
f 1825/2807/2781 1826/2808/2782 1829/2811/2783
f 1826/2808/2735 1830/2810/2784 1828/2812/2785
f 1828/2812/2735 1829/2811/2783 1826/2808/2782
f 1831/2813/2786 1830/2810/2780 1827/2809/2779
f 1830/2810/2784 1831/2813/2787 1832/2814/2787
f 1832/2814/2787 1828/2812/2785 1830/2810/2784
f 1832/2815/2707 1835/2816/2788 1833/2817/2789
f 1833/2817/2707 1834/2818/2707 1832/2815/2707
f 1828/2812/2790 1832/2814/2791 1834/2819/2791
f 1825/2807/2781 1835/2816/2792 1832/2815/2707
f 1832/2815/2707 1831/2820/2707 1825/2807/2707
f 1835/2816/2788 1829/2811/2793 1836/2821/2794
f 1829/2811/2783 1835/2816/2792 1825/2807/2781
f 1836/2821/2794 1833/2817/2789 1835/2816/2788
f 1833/2817/2795 1836/2821/2796 1838/2822/2797
f 1836/2821/2794 1829/2811/2793 1828/2812/2735
f 1828/2812/2790 1839/2823/2798 1836/2821/2735
f 1836/2821/2735 1839/2823/2799 1837/2824/2800
f 1837/2824/2735 1838/2822/2797 1836/2821/2796
f 1834/2819/2791 1839/2823/2798 1828/2812/2790
f 1839/2823/2799 1834/2819/2801 1840/2825/2802
f 1840/2825/2802 1837/2824/2800 1839/2823/2799
f 1841/2826/2707 1843/2827/2707 1840/2828/2707
f 1840/2828/2707 1842/2829/2803 1841/2826/2804
f 1833/2817/2795 1842/2829/2805 1840/2828/2707
f 1837/2824/2806 1840/2825/2807 1843/2830/2807
f 1840/2828/2707 1834/2818/2707 1833/2817/2707
f 1844/2831/2707 1843/2827/2707 1841/2826/2808
f 1845/2832/2809 1843/2830/2810 1844/2833/2810
f 1843/2830/2807 1845/2832/2811 1837/2824/2806
f 1837/2824/2806 1845/2832/2811 1846/2834/2735
f 1846/2834/2812 1845/2832/2809 1847/2835/2813
f 1844/2833/2810 1847/2835/2813 1845/2832/2809
f 1847/2835/2813 1848/2836/2814 1846/2834/2812
f 1848/2837/2815 1847/2838/2815 1844/2839/2815
f 1841/2826/2808 1846/2834/2812 1848/2836/2814
f 1848/2836/2814 1849/2840/2816 1841/2826/2808
f 1844/2839/2815 1849/2841/2815 1848/2837/2815
f 1841/2826/2808 1849/2840/2816 1844/2831/2707
f 1842/2829/2803 1838/2822/2817 1846/2834/2818
f 1846/2834/2818 1841/2826/2804 1842/2829/2803
f 1846/2834/2818 1838/2822/2817 1837/2824/2735
f 1838/2822/2797 1842/2829/2805 1833/2817/2795
f 1825/2807/2707 1831/2820/2707 1821/2802/2707
f 1827/2809/2779 1821/2801/2786 1831/2813/2786
f 1827/2809/2819 1823/2805/2772 1817/2797/2774
f 1821/2801/2769 1827/2809/2819 1818/2798/2768
f 1817/2797/2774 1818/2798/2768 1827/2809/2819
f 1806/2783/2735 1807/2784/2748 1811/2791/2752
f 1786/2758/2707 1789/2759/2820 1809/2788/2821
f 1806/2783/2743 1809/2788/2821 1789/2759/2820
f 1789/2759/2820 1787/2760/2744 1806/2783/2743
f 1850/2842/2822 1800/2774/2729 1801/2775/2730
f 1801/2775/2730 1795/2767/2723 1850/2842/2822
f 1795/2767/2722 1801/2775/2731 1794/2766/2721
f 1800/2774/2823 1850/2842/2824 1851/2843/2825
f 1852/2844/2707 1851/2843/2825 1850/2842/2824
f 1850/2842/2824 1797/2768/2707 1852/2844/2707
f 1797/2768/2707 1850/2842/2822 1795/2767/2723
f 1853/2845/2826 1855/2846/2827 1852/2847/2827
f 1852/2847/2827 1854/2848/2828 1853/2845/2826
f 1854/2848/2829 1852/2847/2830 1797/2770/2830
f 1852/2844/2707 1855/2849/2707 1856/2850/2707
f 1856/2850/2831 1851/2843/2832 1852/2844/2707
f 1857/2851/2707 1860/2852/2833 1856/2850/2834
f 1856/2850/2707 1855/2849/2707 1857/2851/2707
f 1858/2853/2835 1851/2843/2832 1856/2850/2831
f 1856/2850/2831 1859/2854/2836 1858/2853/2835
f 1859/2854/2837 1856/2850/2834 1860/2852/2833
f 1862/2855/2838 1860/2852/2839 1857/2851/2707
f 1860/2852/2833 1861/2856/2840 1859/2854/2837
f 1861/2856/2841 1860/2852/2839 1862/2855/2838
f 1863/2857/2707 1866/2858/2842 1862/2855/2843
f 1862/2855/2707 1864/2859/2707 1863/2857/2707
f 1857/2851/2707 1864/2859/2707 1862/2855/2707
f 1862/2855/2838 1865/2860/2844 1861/2856/2841
f 1865/2860/2845 1862/2855/2843 1866/2858/2842
f 1868/2861/2846 1866/2858/2847 1863/2857/2707
f 1866/2858/2842 1867/2862/2848 1865/2860/2845
f 1867/2862/2849 1866/2858/2847 1868/2861/2846
f 1869/2863/2707 1871/2864/2850 1868/2861/2851
f 1868/2861/2707 1870/2865/2707 1869/2863/2707
f 1863/2857/2707 1870/2865/2707 1868/2861/2707
f 1872/2866/2852 1868/2861/2851 1871/2864/2850
f 1868/2861/2846 1872/2866/2853 1867/2862/2849
f 1872/2866/2852 1876/2867/2854 1873/2868/2735
f 1873/2868/2855 1874/2869/2856 1872/2866/2735
f 1872/2866/2735 1874/2869/2857 1875/2870/2858
f 1875/2870/2735 1867/2862/2849 1872/2866/2853
f 1871/2864/2850 1876/2867/2854 1872/2866/2852
f 1873/2868/2859 1876/2867/2860 1877/2871/2861
f 1878/2872/2862 1877/2871/2861 1876/2867/2860
f 1876/2867/2860 1871/2864/2863 1878/2872/2862
f 1879/2873/2707 1881/2874/2864 1878/2872/2865
f 1878/2872/2865 1880/2875/2707 1879/2873/2707
f 1869/2863/2707 1880/2875/2707 1878/2872/2862
f 1877/2871/2866 1878/2872/2865 1881/2874/2864
f 1878/2872/2862 1871/2864/2863 1869/2863/2707
f 1881/2874/2864 1882/2876/2867 1877/2871/2866
f 1882/2876/2868 1881/2874/2869 1883/2877/2870
f 1884/2878/2707 1883/2877/2870 1881/2874/2869
f 1881/2874/2869 1879/2873/2707 1884/2878/2707
f 1885/2879/2871 1883/2877/2872 1884/2878/2707
f 1884/2878/2707 1886/2880/2707 1885/2879/2707
f 1888/2881/2873 1886/2882/2874 1884/2883/2875
f 1884/2883/2875 1887/2884/2876 1888/2881/2873
f 1887/2884/2877 1884/2883/2878 1879/2885/2878
f 1886/2882/2879 1888/2881/2880 1889/2886/2881
f 1889/2886/2881 1888/2881/2880 1890/2887/2735
f 1890/2887/2735 1888/2881/2873 1887/2884/2876
f 1887/2884/2735 1891/2888/2882 1890/2887/2883
f 1885/2879/2871 1890/2887/2883 1891/2888/2882
f 1890/2887/2884 1885/2879/2885 1892/2889/2886
f 1892/2889/2886 1893/2890/2887 1890/2887/2884
f 1890/2887/2884 1893/2890/2887 1889/2886/2735
f 1889/2886/2735 1893/2890/2888 1894/2891/2889
f 1895/2892/2890 1894/2891/2889 1893/2890/2888
f 1893/2890/2888 1892/2889/2891 1895/2892/2890
f 1896/2893/2707 1899/2894/2892 1895/2892/2893
f 1895/2892/2707 1897/2895/2707 1896/2893/2707
f 1898/2896/2707 1897/2895/2707 1895/2892/2707
f 1895/2892/2890 1892/2889/2891 1898/2896/2707
f 1894/2891/2894 1895/2892/2893 1899/2894/2892
f 1899/2894/2892 1900/2897/2895 1894/2891/2894
f 1900/2897/2896 1899/2894/2897 1901/2898/2898
f 1901/2898/2898 1899/2894/2897 1896/2893/2707
f 1901/2898/2898 1902/2899/2899 1900/2897/2896
f 1902/2899/2900 1901/2898/2901 1903/2900/2902
f 1904/2901/2707 1903/2900/2902 1901/2898/2901
f 1901/2898/2901 1905/2902/2707 1904/2901/2707
f 1896/2893/2707 1905/2902/2707 1901/2898/2707
f 1905/2903/2903 1907/2904/2904 1906/2905/2905
f 1906/2905/2905 1904/2906/2903 1905/2903/2903
f 1907/2904/2906 1905/2903/2907 1896/2907/2907
f 1906/2905/2905 1907/2904/2904 1902/2899/2900
f 1902/2899/2735 1907/2904/2906 1908/2908/2908
f 1896/2907/2907 1908/2908/2908 1907/2904/2906
f 1894/2891/2894 1900/2897/2895 1908/2908/2735
f 1908/2908/2909 1909/2909/2910 1894/2891/2735
f 1897/2910/2911 1909/2909/2910 1908/2908/2909
f 1908/2908/2909 1896/2907/2911 1897/2910/2911
f 1908/2908/2735 1900/2897/2896 1902/2899/2899
f 1894/2891/2735 1909/2909/2912 1889/2886/2913
f 1909/2909/2912 1897/2910/2914 1898/2911/2914
f 1898/2911/2914 1889/2886/2913 1909/2909/2912
f 1904/2906/2915 1906/2905/2916 1910/2912/2917
f 1911/2913/2918 1910/2912/2917 1906/2905/2916
f 1906/2905/2916 1912/2914/2919 1911/2913/2918
f 1902/2899/2900 1912/2914/2732 1906/2905/2905
f 1913/2915/2920 1911/2913/2918 1912/2914/2919
f 1912/2914/2919 1903/2900/2921 1913/2915/2920
f 1903/2900/2902 1912/2914/2732 1902/2899/2900
f 1910/2916/2922 1911/2917/2922 1913/2918/2922
f 1913/2915/2920 1903/2900/2921 1904/2901/2707
f 1904/2901/2707 1914/2919/2707 1913/2915/2920
f 1913/2918/2922 1914/2920/2922 1910/2916/2922
f 1910/2912/2917 1914/2921/2915 1904/2906/2915
f 1898/2896/2707 1892/2889/2886 1885/2879/2885
f 1885/2879/2707 1886/2880/2707 1898/2896/2707
f 1889/2886/2881 1898/2911/2879 1886/2882/2879
f 1882/2876/2868 1891/2888/2923 1887/2884/2877
f 1891/2888/2882 1883/2877/2872 1885/2879/2871
f 1883/2877/2870 1891/2888/2923 1882/2876/2868
f 1879/2885/2878 1915/2922/2924 1887/2884/2877
f 1887/2884/2877 1915/2922/2924 1882/2876/2868
f 1915/2922/2925 1879/2885/2926 1880/2923/2926
f 1882/2876/2867 1915/2922/2925 1916/2924/2927
f 1880/2923/2926 1916/2924/2927 1915/2922/2925
f 1916/2924/2927 1877/2871/2866 1882/2876/2867
f 1877/2871/2861 1916/2924/2928 1873/2868/2859
f 1916/2924/2928 1880/2923/2929 1869/2925/2929
f 1869/2925/2929 1873/2868/2859 1916/2924/2928
f 1865/2860/2845 1867/2862/2848 1875/2870/2735
f 1875/2870/2930 1917/2926/2931 1865/2860/2735
f 1864/2927/2932 1917/2926/2931 1875/2870/2930
f 1875/2870/2930 1863/2928/2932 1864/2927/2932
f 1863/2928/2933 1875/2870/2858 1874/2869/2857
f 1865/2860/2735 1917/2926/2934 1918/2929/2935
f 1917/2926/2934 1864/2927/2936 1857/2930/2936
f 1857/2930/2936 1918/2929/2935 1917/2926/2934
f 1859/2854/2837 1861/2856/2840 1918/2929/2735
f 1918/2929/2937 1853/2845/2938 1859/2854/2735
f 1855/2846/2939 1853/2845/2938 1918/2929/2937
f 1918/2929/2937 1857/2930/2939 1855/2846/2939
f 1918/2929/2735 1861/2856/2841 1865/2860/2844
f 1870/2931/2940 1874/2869/2856 1873/2868/2855
f 1874/2869/2857 1870/2931/2933 1863/2928/2933
f 1873/2868/2855 1869/2925/2940 1870/2931/2940
f 1859/2854/2735 1853/2845/2826 1854/2848/2828
f 1854/2848/2735 1858/2853/2835 1859/2854/2836
f 1800/2774/2823 1858/2853/2941 1854/2848/2829
f 1851/2843/2825 1858/2853/2941 1800/2774/2823
f 1797/2770/2830 1798/2769/2942 1854/2848/2829
f 1854/2848/2829 1798/2769/2942 1800/2774/2823
o gaz2975_nomg_turret.008
v 3.970189 47.390018 -3.656883
v 4.007757 45.453922 -5.769678
v 4.010300 47.396267 -5.765997
v 3.957847 45.446125 -3.145370
v 6.882612 47.391026 -3.657215
v 6.922686 47.397282 -5.766329
v 6.920144 45.454929 -5.770027
v 6.870257 45.447140 -3.145697
v 4.453711 45.457111 -6.791561
v 5.491456 45.458721 -7.214912
v 6.513089 45.457829 -6.791798
v 6.515631 47.400173 -6.788084
v 5.493998 47.401081 -7.211205
v 4.456253 47.399464 -6.787859
vn -0.9998 0.0013 -0.0190
vn -0.9882 0.0015 -0.1534
vn -0.9757 0.0017 -0.2190
vn -0.0003 1.0000 0.0030
vn -0.0004 1.0000 0.0030
vn 0.9985 -0.0012 -0.0552
vn 0.9831 -0.0009 -0.1832
vn 0.9998 -0.0014 0.0190
vn 0.0003 -1.0000 -0.0030
vn 0.0004 -1.0000 -0.0030
vn 0.8021 0.0001 -0.5972
vn 0.6065 0.0008 -0.7951
vn 0.3826 0.0013 -0.9239
vn -0.3777 0.0023 -0.9259
vn -0.5956 0.0022 -0.8033
vn -0.7876 0.0022 -0.6162
vt 0.022959 0.425191
vt 0.015067 0.425021
vt 0.016748 0.419215
vt 0.023091 0.419351
vt 0.845909 0.150878
vt 0.852253 0.150817
vt 0.852169 0.159576
vt 0.845824 0.159636
vt 0.048831 0.445977
vt 0.048843 0.440135
vt 0.055187 0.440154
vt 0.056726 0.446000
vt 0.956426 0.293246
vt 0.963761 0.290328
vt 0.967154 0.298404
vt 0.959819 0.301321
vt 0.956466 0.301275
vt 0.954083 0.298890
vt 0.954067 0.295565
vt 0.045523 0.445968
vt 0.045536 0.440127
vt 0.042197 0.445965
vt 0.042211 0.440123
vt 0.841520 0.155298
vt 0.842763 0.158383
vt 0.029813 0.419490
vt 0.029682 0.425330
vt 0.026312 0.425261
vt 0.026443 0.419421
vt 0.842823 0.152189
s 1
usemtl body
f 1920/2932/2943 1922/2933/2943 1919/2934/2943
f 1919/2934/2943 1921/2935/2944 1920/2932/2945
f 1921/2936/2946 1919/2937/2946 1923/2938/2946
f 1923/2938/2947 1924/2939/2946 1921/2936/2946
f 1925/2940/2948 1924/2941/2949 1923/2942/2950
f 1923/2942/2950 1926/2943/2950 1925/2940/2948
f 1925/2944/2951 1926/2945/2951 1922/2946/2951
f 1922/2946/2951 1920/2947/2951 1925/2944/2951
f 1920/2947/2951 1927/2948/2951 1925/2944/2951
f 1925/2944/2951 1927/2948/2951 1928/2949/2951
f 1928/2949/2951 1929/2950/2952 1925/2944/2951
f 1924/2941/2949 1925/2940/2948 1929/2951/2953
f 1930/2952/2954 1929/2951/2953 1928/2953/2955
f 1929/2951/2953 1930/2952/2954 1924/2941/2949
f 1928/2953/2955 1931/2954/2955 1930/2952/2954
f 1931/2955/2946 1921/2936/2946 1930/2956/2946
f 1921/2936/2946 1924/2939/2946 1930/2956/2946
f 1931/2957/2956 1928/2958/2956 1927/2959/2957
f 1927/2959/2957 1932/2960/2958 1931/2957/2956
f 1931/2955/2946 1932/2961/2946 1921/2936/2946
f 1932/2960/2958 1927/2959/2957 1920/2932/2945
f 1920/2932/2945 1921/2935/2944 1932/2960/2958
o gaz2975_nomg_turret.014
v 2.578331 39.741566 -4.561096
v 3.834445 39.736446 -2.747574
v 2.939382 39.738911 -3.654842
v 3.002077 39.748470 -6.761330
v 2.598985 39.745480 -5.837639
v 2.642696 39.122372 -3.367733
v 2.187490 39.129795 -5.838730
v 2.166828 39.125866 -4.562185
v 2.716375 39.133694 -7.050632
v 3.633495 39.136768 -7.945881
v 3.919192 39.751545 -7.656572
v 4.864000 39.753078 -8.042021
v 4.870991 39.138775 -8.450745
v 6.150504 39.139225 -8.447350
v 6.143519 39.753536 -8.038631
v 7.056589 39.752697 -7.660490
v 7.351698 39.138134 -7.949850
v 8.246766 39.135670 -7.042591
v 7.951647 39.750240 -6.753244
v 8.312694 39.747578 -5.846977
v 8.722634 39.132183 -5.848156
v 8.701982 39.128246 -4.571619
v 7.888944 39.740665 -3.646727
v 8.173102 39.124332 -3.359701
v 8.292036 39.743641 -4.570431
v 7.255982 39.121250 -2.464453
v 6.027001 39.736065 -2.366020
v 6.018502 39.119259 -1.959602
v 6.971833 39.737576 -2.751480
v 4.738985 39.118809 -1.962990
v 3.537762 39.119907 -2.460480
v 4.747488 39.735615 -2.369419
vn -0.0004 1.0000 0.0031
vn -0.0003 1.0000 0.0031
vn -0.7891 0.5268 0.3159
vn -0.8313 0.5556 -0.0117
vn -0.8217 0.5489 0.1531
vn -0.8217 0.5489 0.1530
vn -0.7818 0.5231 -0.3395
vn -0.5836 0.5516 -0.5959
vn -0.3230 0.5217 -0.7896
vn 0.0020 0.5539 -0.8326
vn 0.0020 0.5540 -0.8325
vn 0.0020 0.5539 -0.8325
vn 0.3258 0.5263 -0.7854
vn 0.5915 0.5580 -0.5820
vn 0.5915 0.5581 -0.5820
vn 0.7901 0.5269 -0.3132
vn 0.8227 0.5483 -0.1500
vn 0.8227 0.5483 -0.1499
vn 0.8322 0.5543 0.0152
vn 0.7821 0.5203 0.3430
vn 0.5833 0.5481 0.5995
vn 0.5833 0.5481 0.5994
vn 0.3225 0.5177 0.7925
vn -0.0024 0.5502 0.8350
vn -0.3257 0.5233 0.7874
vn -0.3256 0.5234 0.7874
vn -0.5908 0.5564 0.5843
vn -0.0004 1.0000 0.0030
vt 0.708095 0.434438
vt 0.706455 0.427933
vt 0.709900 0.422302
vt 0.707380 0.425165
vt 0.705604 0.423871
vt 0.706734 0.431745
vt 0.704567 0.432074
vt 0.704263 0.427879
vt 0.706516 0.435944
vt 0.709697 0.438715
vt 0.710990 0.436957
vt 0.713880 0.437948
vt 0.713837 0.440132
vt 0.718042 0.439878
vt 0.717704 0.437720
vt 0.720367 0.436433
vt 0.721884 0.438016
vt 0.724659 0.434861
vt 0.722887 0.433570
vt 0.723812 0.430802
vt 0.726000 0.430853
vt 0.725696 0.426657
vt 0.723532 0.426991
vt 0.722171 0.424298
vt 0.723745 0.422787
vt 0.720565 0.420016
vt 0.719277 0.421778
vt 0.716387 0.420787
vt 0.716424 0.418600
vt 0.712219 0.418855
vt 0.712563 0.421015
vt 0.708378 0.420717
s 1
usemtl body
f 1936/2962/2959 1933/2963/2960 1934/2964/2959
f 1933/2963/2960 1935/2965/2959 1934/2964/2959
f 1938/2966/2961 1935/2965/2961 1933/2963/2961
f 1936/2962/2959 1937/2967/2959 1933/2963/2960
f 1933/2963/2962 1937/2967/2962 1939/2968/2962
f 1933/2963/2963 1940/2969/2964 1938/2966/2961
f 1939/2968/2962 1940/2969/2964 1933/2963/2963
f 1936/2962/2965 1941/2970/2965 1939/2968/2965
f 1939/2968/2965 1937/2967/2965 1936/2962/2965
f 1942/2971/2966 1941/2970/2966 1936/2962/2966
f 1936/2962/2966 1943/2972/2966 1942/2971/2966
f 1942/2971/2967 1943/2972/2967 1944/2973/2967
f 1944/2973/2967 1945/2974/2967 1942/2971/2967
f 1946/2975/2968 1945/2974/2969 1944/2973/2970
f 1944/2973/2970 1947/2976/2968 1946/2975/2968
f 1946/2975/2971 1947/2976/2971 1948/2977/2971
f 1948/2977/2971 1949/2978/2971 1946/2975/2971
f 1950/2979/2972 1949/2978/2973 1948/2977/2973
f 1948/2977/2973 1951/2980/2972 1950/2979/2972
f 1950/2979/2974 1951/2980/2974 1952/2981/2974
f 1952/2981/2975 1953/2982/2976 1950/2979/2974
f 1954/2983/2977 1953/2982/2976 1952/2981/2975
f 1954/2983/2978 1957/2984/2978 1955/2985/2978
f 1955/2985/2978 1956/2986/2978 1954/2983/2978
f 1952/2981/2977 1957/2984/2977 1954/2983/2977
f 1957/2984/2960 1952/2981/2959 1955/2985/2959
f 1958/2987/2979 1956/2986/2980 1955/2985/2979
f 1958/2987/2981 1961/2988/2981 1959/2989/2981
f 1959/2989/2981 1960/2990/2981 1958/2987/2981
f 1955/2985/2979 1961/2988/2979 1958/2987/2979
f 1959/2989/2959 1961/2988/2960 1955/2985/2959
f 1962/2991/2982 1960/2990/2982 1959/2989/2982
f 1962/2991/2983 1964/2992/2983 1934/2964/2983
f 1934/2964/2984 1963/2993/2984 1962/2991/2984
f 1959/2989/2982 1964/2992/2982 1962/2991/2982
f 1934/2964/2959 1964/2992/2960 1959/2989/2959
f 1938/2966/2985 1963/2993/2985 1934/2964/2985
f 1934/2964/2959 1959/2989/2959 1955/2985/2959
f 1936/2962/2959 1934/2964/2959 1955/2985/2959
f 1948/2977/2959 1936/2962/2959 1955/2985/2959
f 1952/2981/2959 1948/2977/2959 1955/2985/2959
f 1952/2981/2959 1951/2980/2959 1948/2977/2959
f 1948/2977/2959 1944/2973/2959 1936/2962/2959
f 1948/2977/2959 1947/2976/2959 1944/2973/2959
f 1944/2973/2959 1943/2972/2986 1936/2962/2959
f 1934/2964/2985 1935/2965/2985 1938/2966/2985
o gaz2975_nomg_turret.015
v 2.248498 48.726955 0.786673
v 2.264204 48.227131 -0.075232
v 2.262907 47.222401 -0.077150
v 2.245880 46.717480 0.782812
v 2.230136 47.217289 1.644756
v 2.231472 48.222034 1.646641
v 1.941805 48.726833 0.786718
v 1.924814 48.221920 1.646688
v 1.923469 47.217175 1.644791
v 1.939201 46.717365 0.782879
v 1.956217 47.222301 -0.077093
v 1.957548 48.227039 -0.075186
vn -0.0003 0.8651 -0.5017
vn -0.0003 0.8651 -0.5016
vn 0.9998 -0.0013 0.0190
vn 0.9998 -0.0014 0.0190
vn -0.0003 0.8623 0.5063
vn -0.0003 0.8624 0.5063
vn -0.0002 0.8624 0.5063
vn 0.0001 -0.0019 1.0000
vn 0.0002 -0.0019 1.0000
vn -0.9998 0.0013 -0.0190
vn -0.9998 0.0014 -0.0189
vn 0.0004 -0.8651 0.5016
vn -0.0002 0.0019 -1.0000
vn 0.0002 -0.8623 -0.5063
vt 0.030741 0.401362
vt 0.030742 0.400439
vt 0.033738 0.400394
vt 0.035191 0.415850
vt 0.037790 0.411325
vt 0.037784 0.414347
vt 0.035203 0.409807
vt 0.032610 0.411310
vt 0.032605 0.414332
vt 0.033227 0.393983
vt 0.033214 0.394905
vt 0.030213 0.394913
vt 0.030227 0.393991
vt 0.032211 0.391036
vt 0.032211 0.391959
vt 0.029189 0.391963
vt 0.041911 0.434296
vt 0.044531 0.432791
vt 0.047134 0.434282
vt 0.029189 0.391040
vt 0.026193 0.391916
vt 0.044497 0.438785
vt 0.041894 0.437293
vt 0.047117 0.437279
vt 0.033738 0.401316
vt 0.036759 0.400398
vt 0.036760 0.401320
vt 0.033209 0.395688
vt 0.033222 0.396610
vt 0.030223 0.396603
vt 0.030209 0.395680
vt 0.026193 0.390994
s 1
usemtl body
f 1971/2994/2987 1965/2995/2987 1966/2996/2988
f 1965/2997/2989 1967/2998/2989 1966/2999/2989
f 1968/3000/2989 1967/2998/2989 1965/2997/2989
f 1965/2997/2989 1969/3001/2989 1968/3000/2989
f 1965/2997/2989 1970/3002/2990 1969/3001/2989
f 1972/3003/2991 1970/3004/2991 1965/3005/2992
f 1965/3005/2992 1971/3006/2993 1972/3003/2991
f 1970/3007/2994 1972/3008/2995 1973/3009/2994
f 1973/3010/2996 1972/3011/2997 1971/3012/2996
f 1973/3009/2994 1969/3013/2994 1970/3007/2994
f 1969/3013/2998 1973/3009/2998 1974/3014/2998
f 1975/3015/2996 1974/3016/2996 1973/3010/2996
f 1973/3010/2996 1976/3017/2996 1975/3015/2996
f 1971/3012/2996 1976/3017/2996 1973/3010/2996
f 1976/3018/2999 1966/2996/2999 1967/3019/2999
f 1966/2996/2988 1976/3018/2988 1971/2994/2987
f 1967/3019/2999 1975/3020/2999 1976/3018/2999
f 1975/3021/3000 1967/3022/3000 1968/3023/3000
f 1968/3023/3000 1974/3024/3000 1975/3021/3000
f 1974/3014/2998 1968/3025/2998 1969/3013/2998
o gaz2975_nomg_turret.016
v 1.102949 46.894215 0.783283
v 1.116993 47.310505 0.074305
v 1.118069 48.138821 0.075869
v 1.105101 48.550892 0.786463
v 1.091057 48.134617 1.495461
v 1.089996 47.306278 1.493881
v 1.954602 46.894497 0.783224
v 1.941658 47.306576 1.493786
v 1.942724 48.134907 1.495359
v 1.956752 48.551174 0.786377
v 1.969720 48.139126 0.075796
v 1.968645 47.310787 0.074219
vn 0.0003 -0.8623 -0.5063
vn -0.9998 0.0013 -0.0190
vn 0.0004 -0.8651 0.5016
vn 0.0003 -0.8651 0.5017
vn 0.0001 -0.0019 1.0000
vn -0.0002 0.8624 0.5063
vn -0.0003 0.8651 -0.5016
vn -0.0004 0.8651 -0.5017
vn -0.0001 0.0019 -1.0000
vn 0.0002 -0.8623 -0.5063
vt 0.044727 0.425225
vt 0.044730 0.427787
vt 0.042258 0.427748
vt 0.939723 0.247068
vt 0.944026 0.247225
vt 0.941819 0.248380
vt 0.944137 0.244757
vt 0.942042 0.243444
vt 0.939834 0.244599
vt 0.026712 0.414117
vt 0.026716 0.416678
vt 0.024245 0.416643
vt 0.024242 0.414081
vt 0.052440 0.438436
vt 0.052441 0.435874
vt 0.054933 0.435871
vt 0.054932 0.438432
vt 0.121520 0.498209
vt 0.121524 0.495647
vt 0.123996 0.495608
vt 0.123993 0.498169
vt 0.027844 0.416655
vt 0.027847 0.414093
vt 0.030318 0.414058
vt 0.030315 0.416619
vt 0.048485 0.438397
vt 0.048484 0.435836
vt 0.050975 0.435839
vt 0.050976 0.438401
vt 0.042254 0.425186
s 1
usemtl body
f 1983/3026/3001 1977/3027/3001 1978/3028/3001
f 1977/3029/3002 1979/3030/3002 1978/3031/3002
f 1980/3032/3002 1979/3030/3002 1977/3029/3002
f 1977/3029/3002 1981/3033/3002 1980/3032/3002
f 1977/3029/3002 1982/3034/3002 1981/3033/3002
f 1984/3035/3003 1982/3036/3003 1977/3037/3003
f 1977/3037/3004 1983/3038/3004 1984/3035/3004
f 1982/3039/3005 1984/3040/3005 1985/3041/3005
f 1985/3041/3005 1981/3042/3005 1982/3039/3005
f 1981/3043/3006 1985/3044/3006 1986/3045/3006
f 1986/3045/3006 1980/3046/3006 1981/3043/3006
f 1980/3047/3007 1986/3048/3007 1987/3049/3007
f 1987/3049/3008 1979/3050/3008 1980/3047/3008
f 1979/3051/3009 1987/3052/3009 1988/3053/3009
f 1988/3053/3009 1978/3054/3009 1979/3051/3009
f 1978/3028/3010 1988/3055/3010 1983/3026/3010
o gaz2975_nomg_turret.017
v 8.745584 48.729214 0.785913
v 8.761301 48.229404 -0.075979
v 8.759983 47.224667 -0.077885
v 8.742955 46.719738 0.782110
v 8.727226 47.219547 1.643986
v 8.728579 48.224308 1.645891
v 8.438889 48.729107 0.785959
v 8.421900 48.224186 1.645922
v 8.420566 47.219433 1.644030
v 8.436273 46.719631 0.782120
v 8.453313 47.224545 -0.077854
v 8.454622 48.229298 -0.075947
vn -0.0003 0.8651 -0.5017
vn -0.0004 0.8651 -0.5017
vn 0.9998 -0.0014 0.0190
vn 0.9998 -0.0013 0.0190
vn -0.0003 0.8624 0.5063
vn -0.0002 0.8623 0.5063
vn 0.0001 -0.0019 1.0000
vn -0.9998 0.0013 -0.0190
vn -0.9998 0.0014 -0.0190
vn 0.0003 -0.8651 0.5016
vn 0.0003 -0.8651 0.5017
vn -0.0001 0.0019 -1.0000
vn 0.0003 -0.8624 -0.5063
vt 0.030408 0.399656
vt 0.030408 0.398734
vt 0.033405 0.398688
vt 0.974852 0.214384
vt 0.977450 0.209859
vt 0.977444 0.212881
vt 0.974863 0.208341
vt 0.972270 0.209844
vt 0.972265 0.212866
vt 0.033227 0.397192
vt 0.033213 0.398114
vt 0.030213 0.398119
vt 0.030228 0.397197
vt 0.967200 0.211159
vt 0.966277 0.211159
vt 0.966273 0.208137
vt 0.032480 0.403910
vt 0.035100 0.402405
vt 0.037703 0.403896
vt 0.967195 0.208137
vt 0.966318 0.205141
vt 0.035066 0.408398
vt 0.032463 0.406907
vt 0.037686 0.406893
vt 0.033405 0.399611
vt 0.036426 0.398692
vt 0.036427 0.399614
vt 0.034114 0.385871
vt 0.034129 0.386793
vt 0.031129 0.386787
vt 0.031115 0.385865
vt 0.967240 0.205140
s 1
usemtl body
f 1995/3056/3011 1989/3057/3011 1990/3058/3012
f 1989/3059/3013 1991/3060/3014 1990/3061/3014
f 1992/3062/3014 1991/3060/3014 1989/3059/3013
f 1989/3059/3013 1993/3063/3013 1992/3062/3014
f 1989/3059/3013 1994/3064/3013 1993/3063/3013
f 1996/3065/3015 1994/3066/3015 1989/3067/3016
f 1989/3067/3016 1995/3068/3016 1996/3065/3015
f 1994/3069/3017 1996/3070/3017 1997/3071/3017
f 1997/3072/3018 1996/3073/3019 1995/3074/3018
f 1997/3071/3017 1993/3075/3017 1994/3069/3017
f 1993/3075/3020 1997/3071/3020 1998/3076/3021
f 1999/3077/3018 1998/3078/3019 1997/3072/3018
f 1997/3072/3018 2000/3079/3018 1999/3077/3018
f 1995/3074/3018 2000/3079/3018 1997/3072/3018
f 2000/3080/3022 1990/3058/3022 1991/3081/3022
f 1990/3058/3012 2000/3080/3012 1995/3056/3011
f 1991/3081/3022 1999/3082/3022 2000/3080/3022
f 1999/3083/3023 1991/3084/3023 1992/3085/3023
f 1992/3085/3023 1998/3086/3023 1999/3083/3023
f 1998/3076/3021 1992/3087/3021 1993/3075/3020
o gaz2975_nomg_turret.018
v -20.704611 44.543667 -13.276091
v -20.773342 46.239819 -16.511005
v -20.717968 46.723431 -13.266026
v -20.776350 45.913288 -16.791634
v -20.772953 45.361286 -16.794167
v -20.765942 45.034168 -16.516640
v -17.614424 44.542522 -13.275928
v -20.463028 44.566944 -13.482656
v -20.520506 45.033421 -16.516729
v -17.863716 44.565990 -13.482531
v -20.476116 46.700062 -13.472821
v -20.527918 46.240368 -16.511084
v -17.876797 46.699093 -13.472678
v -17.627787 46.722286 -13.265872
v -20.530926 45.913181 -16.791615
v -20.527533 45.361195 -16.794170
v -17.683157 46.238674 -16.510849
v -17.931597 45.912228 -16.791489
v -17.686174 45.912144 -16.791473
v -17.928598 46.239399 -16.510941
v -17.928230 45.360249 -16.794037
v -17.682798 45.360157 -16.794022
v -17.675756 45.033024 -16.516464
v -17.921194 45.032467 -16.516594
vn -0.9998 -0.0062 0.0180
vn -0.0001 -0.0046 1.0000
vn -0.0031 -0.9884 -0.1519
vn -0.0322 -0.9883 -0.1490
vn -0.0032 -0.9884 -0.1519
vn -0.0004 -0.9937 -0.1124
vn 0.9998 0.0062 -0.0180
vn 0.0001 0.0046 -1.0000
vn -0.0000 0.0046 -1.0000
vn -0.0300 0.9887 -0.1468
vn -0.0022 0.9888 -0.1496
vn 0.0004 0.9937 -0.1119
vn -0.0016 -0.6464 -0.7630
vn -0.0003 -0.6469 -0.7625
vn -0.0021 -0.6461 -0.7632
vn -0.0022 -0.6461 -0.7632
vn -0.0004 0.6515 -0.7586
vn 0.0003 0.6518 -0.7584
vn -0.0010 0.6512 -0.7589
vn -0.0017 0.6509 -0.7591
vn 0.0030 0.9887 -0.1496
vn 0.0308 0.9885 -0.1478
vn 0.0031 0.9887 -0.1496
vn 0.0009 0.6515 -0.7586
vn 0.0022 0.6509 -0.7591
vn 0.0001 0.6518 -0.7584
vn 0.0029 0.9887 -0.1496
vn -0.9998 -0.0063 0.0180
vn 0.0005 -0.6467 -0.7628
vn -0.0002 -0.6470 -0.7625
vn 0.0012 -0.6463 -0.7630
vn 0.9998 0.0063 -0.0180
vn 0.0024 -0.9884 -0.1520
vn 0.0314 -0.9882 -0.1502
vn 0.0018 -0.6460 -0.7633
vt 0.827212 0.540845
vt 0.833185 0.552540
vt 0.832001 0.553536
vt 0.835048 0.540893
vt 0.827208 0.529736
vt 0.830016 0.553524
vt 0.828851 0.552513
vt 0.897876 0.419484
vt 0.898106 0.418593
vt 0.909440 0.420200
vt 0.887946 0.418579
vt 0.908959 0.420879
vt 0.898015 0.427248
vt 0.888164 0.419484
vt 0.908986 0.424805
vt 0.909494 0.425432
vt 0.898248 0.428160
vt 0.887910 0.428161
vt 0.909794 0.423665
vt 0.888130 0.427246
vt 0.909788 0.421859
vt 0.910573 0.421623
vt 0.910574 0.423919
vt 0.833324 0.518115
vt 0.835044 0.529784
vt 0.876640 0.425595
vt 0.876315 0.423829
vt 0.877127 0.424956
vt 0.875542 0.424086
vt 0.832152 0.517104
vt 0.876307 0.422028
vt 0.875533 0.421782
vt 0.830168 0.517092
vt 0.876666 0.420365
vt 0.828990 0.518088
vt 0.877149 0.421055
s 1
usemtl body
f 2001/3088/3024 2002/3089/3024 2004/3090/3024
f 2001/3088/3024 2003/3091/3024 2002/3089/3024
f 2003/3091/3025 2001/3088/3025 2007/3092/3025
f 2001/3088/3024 2004/3090/3024 2005/3093/3024
f 2005/3093/3024 2006/3094/3024 2001/3088/3024
f 2008/3095/3026 2001/3096/3027 2006/3097/3028
f 2007/3098/3029 2001/3096/3029 2008/3095/3029
f 2006/3097/3028 2009/3099/3026 2008/3095/3026
f 2011/3100/3030 2008/3095/3030 2009/3099/3030
f 2008/3095/3029 2010/3101/3029 2007/3098/3029
f 2010/3101/3031 2008/3095/3032 2011/3100/3031
f 2011/3100/3033 2012/3102/3034 2002/3103/3033
f 2002/3103/3033 2003/3104/3033 2011/3100/3033
f 2011/3100/3035 2003/3104/3035 2014/3105/3035
f 2015/3106/3030 2012/3102/3030 2011/3100/3030
f 2011/3100/3031 2013/3107/3031 2010/3101/3031
f 2014/3105/3035 2013/3107/3035 2011/3100/3035
f 2011/3100/3030 2016/3108/3030 2015/3106/3030
f 2009/3099/3030 2016/3108/3030 2011/3100/3030
f 2015/3106/3031 2016/3108/3032 2005/3109/3032
f 2006/3097/3036 2005/3109/3037 2016/3108/3038
f 2016/3108/3038 2009/3099/3039 2006/3097/3036
f 2005/3109/3032 2004/3110/3031 2015/3106/3031
f 2015/3106/3040 2004/3110/3041 2002/3103/3042
f 2002/3103/3042 2012/3102/3043 2015/3106/3040
f 2017/3111/3030 2014/3112/3030 2007/3092/3030
f 2007/3092/3025 2014/3112/3025 2003/3091/3025
f 2013/3107/3044 2014/3105/3045 2017/3113/3046
f 2018/3114/3047 2020/3115/3048 2017/3113/3049
f 2017/3113/3049 2019/3116/3041 2018/3114/3047
f 2019/3117/3030 2017/3111/3030 2007/3092/3030
f 2017/3113/3046 2020/3115/3050 2013/3107/3044
f 2013/3107/3024 2020/3115/3051 2018/3114/3024
f 2021/3118/3031 2018/3114/3031 2019/3116/3031
f 2019/3116/3031 2022/3119/3031 2021/3118/3031
f 2022/3120/3030 2019/3117/3030 2007/3092/3030
f 2021/3118/3052 2022/3119/3053 2023/3121/3054
f 2007/3092/3030 2023/3122/3055 2022/3120/3030
f 2023/3121/3056 2007/3098/3057 2010/3101/3056
f 2010/3101/3056 2024/3123/3056 2023/3121/3056
f 2023/3121/3054 2024/3123/3058 2021/3118/3052
f 2024/3123/3024 2010/3101/3024 2013/3107/3024
f 2021/3118/3024 2024/3123/3024 2013/3107/3024
f 2018/3114/3024 2021/3118/3024 2013/3107/3024
o gaz2975_nomg_turret.019
v -20.825089 44.974476 -16.512413
v -20.816965 45.154835 -15.844434
v -20.817638 45.828442 -15.662560
v -20.826450 46.321697 -16.148651
v -20.834593 46.141346 -16.816656
v -20.833902 45.467731 -16.998503
v -20.992851 45.467815 -16.998520
v -20.984056 44.974567 -16.512428
v -20.975914 45.154903 -15.844452
v -20.993547 46.141438 -16.816662
v -20.985413 46.321774 -16.148685
v -20.976604 45.828526 -15.662582
vn -0.0005 -0.9654 0.2607
vn -0.0006 -0.9654 0.2607
vn -0.0005 -0.9654 0.2606
vn 0.9999 0.0046 -0.0134
vn -0.0003 -0.7019 -0.7123
vn -0.9999 -0.0046 0.0134
vn 0.0002 0.2606 -0.9654
vn 0.0006 0.9654 -0.2606
vn 0.0006 0.9654 -0.2607
vn 0.0002 0.2607 -0.9654
vn 0.0002 0.7019 0.7122
vn 0.0001 0.7019 0.7122
vn 0.0003 0.7019 0.7123
vn -0.0003 -0.2607 0.9654
vn -0.0002 -0.2607 0.9654
vt 0.754083 0.319868
vt 0.754083 0.318524
vt 0.758450 0.318524
vt 0.913368 0.539061
vt 0.916728 0.533014
vt 0.916728 0.537045
vt 0.913368 0.530998
vt 0.909841 0.533014
vt 0.909841 0.537045
vt 0.762650 0.319868
vt 0.762650 0.318524
vt 0.758450 0.319868
s 1
usemtl body
f 2032/3124/3059 2025/3125/3060 2026/3126/3061
f 2025/3127/3062 2027/3128/3062 2026/3129/3062
f 2028/3130/3062 2027/3128/3062 2025/3127/3062
f 2025/3127/3062 2029/3131/3062 2028/3130/3062
f 2025/3127/3062 2030/3132/3062 2029/3131/3062
f 2031/3133/3063 2030/3134/3063 2025/3125/3063
f 2025/3125/3063 2032/3124/3063 2031/3133/3063
f 2034/3131/3064 2031/3132/3064 2032/3127/3064
f 2026/3126/3061 2033/3135/3061 2032/3124/3059
f 2032/3127/3064 2033/3129/3064 2034/3131/3064
f 2034/3135/3065 2029/3126/3065 2030/3134/3065
f 2029/3126/3066 2034/3135/3066 2035/3124/3067
f 2036/3128/3064 2035/3130/3064 2034/3131/3064
f 2030/3134/3065 2031/3133/3068 2034/3135/3065
f 2034/3131/3064 2033/3129/3064 2036/3128/3064
f 2028/3125/3069 2035/3124/3070 2036/3133/3071
f 2036/3133/3071 2027/3134/3071 2028/3125/3069
f 2027/3134/3072 2036/3133/3072 2033/3135/3073
f 2035/3124/3067 2028/3125/3067 2029/3126/3066
f 2033/3135/3073 2026/3126/3073 2027/3134/3072
o gaz2975_nomg_turret.020
v -21.418854 46.203220 -16.180748
v -21.411585 45.796574 -15.780005
v -21.411024 45.241230 -15.929934
v -21.417730 45.092541 -16.480646
v -21.424999 45.499195 -16.881403
v -21.425552 46.054539 -16.731468
v -20.977428 46.203022 -16.180746
v -20.984121 46.054317 -16.731441
v -20.983568 45.498981 -16.881374
v -20.976307 45.092335 -16.480621
v -20.969601 45.241024 -15.929924
v -20.970158 45.796360 -15.779984
vn 0.0003 0.7019 0.7122
vn -0.9999 -0.0046 0.0134
vn 0.0005 0.9654 -0.2607
vn 0.0004 0.9654 -0.2607
vn 0.0002 0.2607 -0.9654
vn -0.0003 -0.7019 -0.7122
vn -0.0003 -0.7019 -0.7123
vn -0.0005 -0.9654 0.2607
vn -0.0002 -0.2607 0.9654
vn -0.0002 -0.2606 0.9654
vn 0.0003 0.7019 0.7123
vt 0.557671 0.716693
vt 0.560695 0.716693
vt 0.560695 0.712325
vt 0.914838 0.508647
vt 0.918534 0.515198
vt 0.918534 0.510830
vt 0.914838 0.517381
vt 0.910807 0.515198
vt 0.910807 0.510830
vt 0.557671 0.707958
vt 0.560695 0.707958
vt 0.560695 0.703591
vt 0.557671 0.703591
vt 0.557671 0.712325
s 1
usemtl body
f 2043/3136/3074 2037/3137/3074 2038/3138/3074
f 2037/3139/3075 2039/3140/3075 2038/3141/3075
f 2040/3142/3075 2039/3140/3075 2037/3139/3075
f 2037/3139/3075 2041/3143/3075 2040/3142/3075
f 2037/3139/3075 2042/3144/3075 2041/3143/3075
f 2044/3145/3076 2042/3146/3076 2037/3147/3076
f 2037/3147/3077 2043/3148/3077 2044/3145/3077
f 2042/3146/3078 2044/3145/3078 2045/3149/3078
f 2045/3149/3078 2041/3138/3078 2042/3146/3078
f 2041/3138/3079 2045/3149/3079 2046/3136/3079
f 2046/3136/3080 2040/3137/3080 2041/3138/3080
f 2040/3147/3081 2046/3148/3081 2047/3145/3081
f 2047/3145/3081 2039/3146/3081 2040/3147/3081
f 2039/3146/3082 2047/3145/3082 2048/3149/3082
f 2048/3149/3083 2038/3138/3083 2039/3146/3083
f 2038/3138/3084 2048/3149/3084 2043/3136/3084
o gaz2975_nomg_turret.021
v -17.457525 44.972805 -16.512190
v -17.449394 45.153156 -15.844221
v -17.450081 45.826763 -15.662357
v -17.458891 46.320034 -16.148472
v -17.467033 46.139668 -16.816422
v -17.466324 45.466053 -16.998293
v -17.625282 45.466137 -16.998301
v -17.616489 44.972897 -16.512209
v -17.608353 45.153240 -15.844227
v -17.625975 46.139759 -16.816441
v -17.617849 46.320110 -16.148462
v -17.609034 45.826855 -15.662363
vn -0.0006 -0.9654 0.2607
vn -0.0005 -0.9654 0.2607
vn 0.9999 0.0046 -0.0134
vn 0.9999 0.0047 -0.0134
vn -0.0003 -0.7019 -0.7122
vn -0.9999 -0.0046 0.0134
vn 0.0002 0.2607 -0.9654
vn 0.0002 0.2606 -0.9654
vn 0.0006 0.9654 -0.2607
vn 0.0004 0.9654 -0.2607
vn 0.0004 0.7019 0.7122
vn 0.0003 0.7019 0.7122
vn 0.0004 0.7019 0.7123
vn -0.0002 -0.2607 0.9654
vn 0.0003 0.9654 -0.2607
vt 0.754083 0.318524
vt 0.754083 0.319868
vt 0.758450 0.319868
vt 0.913368 0.539061
vt 0.916728 0.533014
vt 0.916728 0.537045
vt 0.913368 0.530998
vt 0.909841 0.533014
vt 0.909841 0.537045
vt 0.762650 0.318524
vt 0.762650 0.319868
vt 0.758450 0.318524
s 1
usemtl body
f 2056/3150/3085 2049/3151/3085 2050/3152/3086
f 2049/3153/3087 2051/3154/3087 2050/3155/3087
f 2052/3156/3087 2051/3154/3087 2049/3153/3087
f 2049/3153/3087 2053/3157/3087 2052/3156/3087
f 2049/3153/3087 2054/3158/3088 2053/3157/3087
f 2055/3159/3089 2054/3160/3089 2049/3151/3089
f 2049/3151/3089 2056/3150/3089 2055/3159/3089
f 2058/3157/3090 2055/3158/3090 2056/3153/3090
f 2050/3152/3086 2057/3161/3086 2056/3150/3085
f 2056/3153/3090 2057/3155/3090 2058/3157/3090
f 2058/3161/3091 2053/3152/3091 2054/3160/3092
f 2053/3152/3093 2058/3161/3093 2059/3150/3094
f 2060/3154/3090 2059/3156/3090 2058/3157/3090
f 2054/3160/3092 2055/3159/3092 2058/3161/3091
f 2058/3157/3090 2057/3155/3090 2060/3154/3090
f 2060/3159/3095 2051/3160/3096 2052/3151/3097
f 2052/3151/3097 2059/3150/3097 2060/3159/3095
f 2051/3160/3098 2060/3159/3098 2057/3161/3098
f 2059/3150/3094 2052/3151/3099 2053/3152/3093
f 2057/3161/3098 2050/3152/3098 2051/3160/3098
o gaz2975_nomg_turret.023
v 8.195861 44.461117 -5.195353
v 7.428738 44.466541 -7.120806
v 5.503509 44.468250 -7.918196
v 3.547879 44.465199 -7.120350
v 2.707542 44.459209 -5.194742
v 3.474641 44.453770 -3.269238
v 5.399910 44.452061 -2.471888
v 7.355476 44.455112 -3.269682
v 7.355817 44.706226 -3.269205
v 8.196178 44.712223 -5.194870
v 7.429053 44.717663 -7.120323
v 5.400238 44.703182 -2.471409
v 3.474986 44.704868 -3.268774
v 2.707874 44.710316 -5.194242
v 3.548234 44.716320 -7.119883
v 5.503789 44.719364 -7.917694
vn 0.9290 -0.0005 -0.3701
vn 0.0003 -1.0000 -0.0030
vn 0.0004 -1.0000 -0.0030
vn 0.9165 -0.0020 0.4000
vn 0.9165 -0.0019 0.4000
vn -0.0003 1.0000 0.0030
vn 0.3777 -0.0023 0.9259
vn -0.3826 -0.0013 0.9239
vn -0.3827 -0.0013 0.9239
vn -0.3826 -0.0012 0.9239
vn -0.0004 1.0000 0.0030
vn 0.3778 -0.0023 0.9259
vn -0.3778 0.0023 -0.9259
vn -0.3777 0.0023 -0.9259
vn 0.3827 0.0014 -0.9239
vn 0.3827 0.0013 -0.9239
vn -0.9165 0.0020 -0.4000
vn -0.9290 0.0005 0.3701
vn -0.9290 0.0006 0.3701
vt 0.021126 0.393147
vt 0.021125 0.393903
vt 0.014892 0.393886
vt 0.717666 0.443640
vt 0.706151 0.443480
vt 0.711960 0.441129
vt 0.703640 0.449315
vt 0.705899 0.455216
vt 0.711605 0.457727
vt 0.717415 0.455376
vt 0.719925 0.449541
vt 0.027445 0.393165
vt 0.027444 0.393921
vt 0.744406 0.212358
vt 0.747723 0.207728
vt 0.753300 0.206730
vt 0.014892 0.393131
vt 0.757869 0.209947
vt 0.021093 0.396003
vt 0.021092 0.395248
vt 0.027444 0.395251
vt 0.014825 0.395992
vt 0.749862 0.221124
vt 0.745293 0.217906
vt 0.027445 0.396006
vt 0.755439 0.220125
vt 0.758755 0.215496
vt 0.008625 0.393144
vt 0.008625 0.393899
vt 0.002273 0.393905
vt 0.002273 0.393150
vt 0.002273 0.396027
vt 0.002273 0.395271
vt 0.008591 0.395253
vt 0.008593 0.396009
vt 0.014825 0.395237
s 1
usemtl body
f 2070/3162/3100 2061/3163/3100 2062/3164/3100
f 2061/3165/3101 2063/3166/3102 2062/3167/3101
f 2061/3165/3101 2064/3168/3102 2063/3166/3102
f 2061/3165/3101 2065/3169/3101 2064/3168/3102
f 2061/3165/3101 2066/3170/3101 2065/3169/3101
f 2061/3165/3101 2067/3171/3101 2066/3170/3101
f 2061/3165/3101 2068/3172/3102 2067/3171/3101
f 2069/3173/3103 2068/3174/3103 2061/3163/3104
f 2061/3163/3104 2070/3162/3104 2069/3173/3103
f 2072/3175/3105 2069/3176/3105 2070/3177/3105
f 2062/3164/3100 2071/3178/3100 2070/3162/3100
f 2072/3175/3105 2070/3177/3105 2071/3179/3105
f 2072/3180/3106 2067/3181/3106 2068/3182/3106
f 2067/3181/3107 2072/3180/3108 2073/3183/3109
f 2072/3175/3105 2074/3184/3105 2073/3185/3110
f 2068/3182/3106 2069/3186/3111 2072/3180/3106
f 2072/3175/3105 2075/3187/3105 2074/3184/3105
f 2072/3175/3105 2076/3188/3105 2075/3187/3105
f 2072/3175/3105 2071/3179/3105 2076/3188/3105
f 2076/3189/3112 2063/3190/3112 2064/3191/3113
f 2063/3190/3114 2076/3189/3114 2071/3178/3115
f 2064/3191/3113 2075/3192/3113 2076/3189/3112
f 2075/3193/3116 2064/3194/3116 2065/3195/3116
f 2065/3195/3116 2074/3196/3116 2075/3193/3116
f 2074/3196/3117 2065/3195/3117 2066/3197/3118
f 2066/3197/3118 2073/3183/3118 2074/3196/3117
f 2073/3183/3109 2066/3197/3109 2067/3181/3107
f 2071/3178/3115 2062/3164/3115 2063/3190/3114
o gaz2975_nomg_turret.024
v 5.417935 45.183681 -3.369448
v 7.290889 45.189724 -5.193838
v 6.727965 45.185703 -3.903891
v 6.777019 45.193371 -6.483667
v 5.487345 45.194508 -7.017839
v 4.177328 45.192463 -6.483383
v 3.614382 45.188450 -5.193434
v 4.128252 45.184795 -3.903574
v 6.727319 44.687481 -3.904848
v 5.417279 44.685436 -3.370405
v 4.127616 44.686573 -3.904552
v 3.613759 44.690220 -5.194370
v 4.176705 44.694233 -6.484352
v 5.486688 44.696262 -7.018772
v 6.776385 44.695133 -6.484636
v 7.290269 44.691494 -5.194811
vn -0.0003 1.0000 0.0030
vn 0.3777 -0.0023 0.9259
vn -0.0004 1.0000 0.0030
vn -0.1358 -0.0017 0.9907
vn 0.0001 -0.0019 1.0000
vn -0.6065 -0.0007 0.7951
vn -0.8021 -0.0001 0.5972
vn -0.9290 0.0005 0.3701
vn -0.9165 0.0019 -0.4000
vn -0.3777 0.0023 -0.9259
vn -0.0001 0.0019 -1.0000
vn 0.1358 0.0017 -0.9907
vn -0.3777 0.0022 -0.9259
vn 0.3826 0.0013 -0.9239
vn 0.9290 -0.0004 -0.3701
vn 0.9290 -0.0005 -0.3701
vn 0.9165 -0.0020 0.4000
vn 0.9165 -0.0019 0.4000
vt 0.939322 0.327349
vt 0.944863 0.321769
vt 0.948727 0.323352
vt 0.940968 0.323425
vt 0.019134 0.397346
vt 0.019137 0.398844
vt 0.014882 0.398842
vt 0.950296 0.327247
vt 0.948650 0.331171
vt 0.944755 0.332826
vt 0.940891 0.331243
vt 0.014879 0.397343
vt 0.010683 0.398844
vt 0.010681 0.397345
vt 0.006508 0.398854
vt 0.006505 0.397356
vt 0.002275 0.398867
vt 0.002273 0.397368
vt 0.002273 0.401688
vt 0.002273 0.400189
vt 0.006529 0.400184
vt 0.006527 0.401682
vt 0.010728 0.400183
vt 0.010725 0.401682
vt 0.014903 0.400194
vt 0.014901 0.401693
vt 0.019136 0.400206
vt 0.019134 0.401705
s 1
usemtl body
f 2077/3198/3119 2078/3199/3119 2080/3200/3119
f 2077/3198/3119 2079/3201/3119 2078/3199/3119
f 2085/3202/3120 2079/3203/3120 2077/3204/3120
f 2077/3198/3119 2080/3200/3119 2081/3205/3119
f 2077/3198/3119 2081/3205/3119 2082/3206/3121
f 2077/3198/3119 2082/3206/3121 2083/3207/3121
f 2083/3207/3121 2084/3208/3121 2077/3198/3119
f 2086/3209/3122 2077/3204/3123 2084/3210/3124
f 2077/3204/3123 2086/3209/3122 2085/3202/3120
f 2084/3210/3124 2087/3211/3125 2086/3209/3122
f 2087/3211/3125 2084/3210/3124 2083/3212/3126
f 2083/3212/3126 2088/3213/3126 2087/3211/3125
f 2082/3214/3127 2089/3215/3127 2088/3213/3127
f 2088/3213/3127 2083/3212/3127 2082/3214/3127
f 2089/3216/3128 2082/3217/3128 2081/3218/3128
f 2081/3218/3129 2090/3219/3130 2089/3216/3131
f 2090/3219/3130 2081/3218/3129 2080/3220/3132
f 2080/3220/3132 2091/3221/3132 2090/3219/3130
f 2078/3222/3133 2092/3223/3133 2091/3221/3133
f 2091/3221/3134 2080/3220/3134 2078/3222/3134
f 2079/3224/3135 2085/3225/3135 2092/3223/3135
f 2092/3223/3136 2078/3222/3136 2079/3224/3136
o gaz2975_nomg_turret.025
v 3.206572 48.120007 -3.875425
v 3.107451 46.966404 1.256327
v 3.187318 45.084309 -3.077017
v 3.103108 47.525188 1.524969
v 3.108000 48.293934 1.322760
v 3.118117 48.645504 0.814812
v 7.656479 48.121555 -3.875942
v 3.554441 48.164608 -3.579416
v 7.297491 48.165913 -3.579840
v 3.471540 48.646572 0.814672
v 3.535579 45.193897 -2.798075
v 7.278642 45.195194 -2.798523
v 7.637228 45.085865 -3.077524
v 3.456518 47.525318 1.524918
v 3.460860 46.965672 1.256651
v 3.461411 48.294056 1.322742
v 7.557358 46.967960 1.255819
v 7.199594 47.526615 1.524494
v 7.553002 47.526737 1.524448
v 7.203924 46.966976 1.256203
v 7.204448 48.295345 1.322308
v 7.557871 48.295475 1.322266
v 7.568023 48.647045 0.814278
v 7.214589 48.647861 0.814236
vn -0.9998 0.0013 -0.0190
vn -0.9998 0.0014 -0.0190
vn -0.0000 -0.2544 -0.9671
vn -0.0031 0.9940 -0.1091
vn -0.0321 0.9932 -0.1119
vn -0.0032 0.9940 -0.1091
vn -0.0004 0.9889 -0.1486
vn -0.0004 0.9888 -0.1495
vn -0.0000 0.2544 0.9671
vn -0.0030 0.9940 -0.1091
vn 0.9998 -0.0013 0.0190
vn 0.0004 -0.9309 0.3653
vn -0.0300 -0.9170 0.3977
vn -0.0023 -0.9164 0.4004
vn 0.9998 -0.0014 0.0190
vn -0.0022 -0.9164 0.4004
vn -0.0000 0.2543 0.9671
vn -0.0016 0.8218 0.5697
vn -0.0003 0.8223 0.5691
vn -0.0009 0.8221 0.5694
vn -0.0022 0.8216 0.5700
vn -0.0011 -0.4326 0.9016
vn -0.0017 -0.4323 0.9017
vn -0.0004 -0.4330 0.9014
vn 0.0003 -0.4333 0.9013
vn 0.0032 -0.9163 0.4004
vn 0.0030 -0.9163 0.4005
vn 0.0308 -0.9166 0.3987
vn 0.0009 -0.4329 0.9014
vn 0.0022 -0.4323 0.9017
vn 0.0016 -0.4326 0.9016
vn 0.0013 0.8218 0.5698
vn -0.0002 0.8223 0.5691
vn 0.0011 0.8218 0.5697
vn 0.0018 0.8216 0.5701
vn 0.0023 0.9940 -0.1090
vn 0.0174 0.9938 -0.1099
vn 0.0173 0.9938 -0.1099
vn 0.0314 0.9934 -0.1107
vt 0.926919 0.278350
vt 0.937438 0.270137
vt 0.938660 0.271127
vt 0.925458 0.270522
vt 0.988440 0.304903
vt 0.979000 0.304840
vt 0.979002 0.291457
vt 0.939030 0.273109
vt 0.938246 0.274466
vt 0.067052 0.436910
vt 0.068234 0.436197
vt 0.066140 0.450238
vt 0.978100 0.303794
vt 0.978101 0.292537
vt 0.968862 0.303854
vt 0.065091 0.450062
vt 0.057814 0.436910
vt 0.968862 0.292597
vt 0.988442 0.291520
vt 0.989347 0.292599
vt 0.989337 0.303856
vt 0.056628 0.436201
vt 0.058817 0.450243
vt 0.063677 0.451270
vt 0.061286 0.451270
vt 0.059864 0.450061
vt 0.033506 0.389485
vt 0.031115 0.389500
vt 0.031115 0.388437
vt 0.965888 0.213258
vt 0.967746 0.213240
vt 0.967739 0.214303
vt 0.965879 0.214321
vt 0.041183 0.414300
vt 0.041184 0.415363
vt 0.039317 0.415350
vt 0.033506 0.388422
vt 0.039318 0.414287
vt 0.030700 0.454887
vt 0.016601 0.456673
vt 0.016851 0.447236
vt 0.939767 0.250354
vt 0.938770 0.263651
vt 0.937578 0.264395
vt 0.965879 0.215637
vt 0.967745 0.215650
vt 0.967743 0.216713
vt 0.965879 0.216700
vt 0.031945 0.453501
vt 0.940820 0.250500
vt 0.942243 0.249291
vt 0.027100 0.388152
vt 0.029491 0.388137
vt 0.029491 0.389200
vt 0.027100 0.389215
vt 0.032009 0.451111
vt 0.039658 0.408247
vt 0.039643 0.409310
vt 0.037785 0.409316
vt 0.030838 0.449668
vt 0.037798 0.408253
vt 0.031040 0.448625
vt 0.017939 0.446346
vt 0.944634 0.249291
vt 0.946048 0.250499
vt 0.948009 0.263651
s 1
usemtl body
f 2093/3226/3137 2094/3227/3138 2096/3228/3138
f 2093/3226/3137 2095/3229/3137 2094/3227/3138
f 2095/3230/3139 2093/3231/3139 2099/3232/3139
f 2093/3226/3137 2096/3228/3138 2097/3233/3138
f 2097/3233/3138 2098/3234/3137 2093/3226/3137
f 2100/3235/3140 2093/3236/3141 2098/3237/3142
f 2099/3232/3143 2093/3231/3144 2100/3238/3143
f 2100/3238/3143 2101/3239/3143 2099/3232/3143
f 2101/3239/3145 2100/3238/3145 2103/3240/3145
f 2098/3237/3142 2102/3241/3146 2100/3235/3140
f 2103/3242/3147 2100/3235/3147 2102/3241/3147
f 2103/3240/3145 2104/3243/3145 2101/3239/3145
f 2105/3244/3148 2104/3245/3148 2103/3246/3148
f 2103/3246/3148 2095/3230/3148 2105/3244/3148
f 2095/3247/3149 2103/3242/3150 2094/3248/3150
f 2103/3242/3147 2108/3249/3151 2106/3250/3151
f 2106/3250/3151 2107/3251/3151 2103/3242/3147
f 2103/3242/3150 2107/3251/3152 2094/3248/3150
f 2102/3241/3147 2108/3249/3151 2103/3242/3147
f 2106/3252/3145 2108/3253/3153 2097/3254/3145
f 2098/3255/3154 2097/3256/3155 2108/3257/3156
f 2108/3257/3156 2102/3258/3157 2098/3255/3154
f 2094/3259/3158 2107/3260/3159 2106/3261/3160
f 2097/3254/3145 2096/3262/3145 2106/3252/3145
f 2106/3261/3160 2096/3263/3161 2094/3259/3158
f 2109/3264/3147 2105/3265/3147 2099/3266/3147
f 2099/3232/3139 2105/3244/3139 2095/3230/3139
f 2109/3267/3162 2104/3268/3163 2105/3269/3164
f 2110/3270/3165 2112/3271/3166 2109/3272/3167
f 2109/3272/3167 2111/3273/3161 2110/3270/3165
f 2111/3274/3147 2109/3264/3147 2099/3266/3147
f 2112/3275/3163 2104/3268/3163 2109/3267/3162
f 2104/3268/3137 2112/3275/3138 2110/3276/3137
f 2113/3277/3145 2110/3278/3145 2111/3279/3145
f 2111/3279/3145 2114/3280/3145 2113/3277/3145
f 2114/3281/3151 2111/3274/3147 2099/3266/3147
f 2113/3282/3168 2114/3283/3169 2115/3284/3170
f 2099/3266/3147 2115/3285/3151 2114/3281/3151
f 2115/3284/3170 2116/3286/3171 2113/3282/3168
f 2116/3287/3172 2115/3285/3173 2101/3288/3174
f 2115/3285/3173 2099/3266/3175 2101/3288/3174
f 2113/3289/3137 2116/3290/3137 2104/3268/3137
f 2116/3290/3137 2101/3291/3137 2104/3268/3137
f 2110/3276/3137 2113/3289/3137 2104/3268/3137
o gaz2975_nomg_turret.026
v -23.268248 39.333912 -30.821232
v -22.896994 39.576000 -30.920706
v -22.896994 39.333912 -30.920706
v -23.268248 39.576000 -30.821232
v -23.540020 39.333912 -31.093014
v -23.540020 39.576000 -31.093014
v -23.440540 39.333912 -31.464264
v -23.440540 39.576000 -31.464264
v -23.069284 39.333912 -31.563738
v -23.069284 39.576000 -31.563738
v -22.797512 39.333920 -31.291956
v -22.797512 39.576008 -31.291956
vn 0.2588 -0.0000 0.9659
vn -0.4365 -0.0000 0.8997
vn -0.0719 -0.0000 0.9974
vn -0.8997 -0.0000 0.4365
vn -0.9974 -0.0000 0.0718
vn -0.8278 -0.0000 -0.5610
vn -0.5609 -0.0000 -0.8279
vn 0.0719 -0.0000 -0.9974
vn 0.4365 -0.0000 -0.8997
vn 0.8997 -0.0000 -0.4365
vn 0.9974 -0.0000 -0.0719
vn 0.9659 -0.0000 0.2588
vn -0.0000 1.0000 -0.0000
vt 0.838055 0.534985
vt 0.838055 0.532104
vt 0.839869 0.532104
vt 0.839869 0.534985
vt 0.839869 0.529225
vt 0.838055 0.529225
vt 0.839869 0.526345
vt 0.838055 0.526345
vt 0.839869 0.523465
vt 0.838055 0.523465
vt 0.839869 0.520585
vt 0.838055 0.520585
vt 0.839869 0.517705
vt 0.826435 0.518244
vt 0.826435 0.521124
vt 0.823940 0.516804
vt 0.838055 0.517705
vt 0.821446 0.521124
vt 0.821446 0.518244
vt 0.823940 0.522564
s 1
usemtl body
f 2118/3292/3176 2120/3293/3177 2117/3294/3178
f 2117/3294/3178 2119/3295/3176 2118/3292/3176
f 2121/3296/3179 2117/3294/3178 2120/3293/3177
f 2120/3293/3177 2122/3297/3180 2121/3296/3179
f 2123/3298/3181 2121/3296/3179 2122/3297/3180
f 2122/3297/3180 2124/3299/3182 2123/3298/3181
f 2125/3300/3183 2123/3298/3181 2124/3299/3182
f 2124/3299/3182 2126/3301/3184 2125/3300/3183
f 2127/3302/3185 2125/3300/3183 2126/3301/3184
f 2126/3301/3184 2128/3303/3186 2127/3302/3185
f 2119/3304/3187 2127/3302/3185 2128/3303/3186
f 2126/3305/3188 2124/3306/3188 2128/3307/3188
f 2128/3303/3186 2118/3308/3187 2119/3304/3187
f 2120/3309/3188 2118/3310/3188 2128/3307/3188
f 2124/3306/3188 2120/3309/3188 2128/3307/3188
f 2124/3306/3188 2122/3311/3188 2120/3309/3188
o gaz2975_nomg_turret.027
v 20.311373 39.360279 -34.080730
v 18.213423 39.360279 -43.182690
v 23.793329 39.360287 -34.831493
v 20.311235 39.360279 -25.034826
v 19.115068 39.360279 -38.497936
v 19.115068 38.691044 -38.497936
v 20.311373 38.691044 -34.080730
v 20.311123 38.691044 -17.483589
v 23.152500 36.540089 -35.099236
v 20.311123 39.360279 -17.483589
v 25.752628 39.360287 -24.980659
v 23.793036 39.360287 -15.129887
v 19.114691 39.360279 -13.066422
v 15.972581 39.360279 -9.924407
v 19.114691 38.691044 -13.066422
v 15.972581 38.691044 -9.924407
v 22.365923 36.540081 -15.721040
v 24.207920 36.540089 -24.980682
v 17.120619 36.540081 -7.871151
v 24.628845 34.891544 -14.783664
v 22.166420 34.891537 -10.176960
v 18.852579 34.891537 -6.139154
v 18.852579 38.151966 -6.139154
v 14.814672 38.151966 -2.825432
v 14.814672 34.891537 -2.825432
v 10.207881 38.151966 -0.363144
v 10.207881 34.891537 -0.363144
v 5.209240 38.151966 1.153097
v 5.209240 34.891537 1.153097
v 9.270573 36.540081 -2.626099
v 11.555375 38.691044 -8.728100
v 0.010881 36.540081 -0.784372
v 0.010842 34.891537 1.665018
v 0.010842 38.151966 1.665018
v -5.187528 38.151966 1.152941
v -5.187528 34.891537 1.152941
v -10.186126 38.151966 -0.363449
v -10.186126 34.891537 -0.363449
v -14.792846 38.151966 -2.825876
v -14.792846 34.891537 -2.825876
v -9.248753 36.540081 -2.626377
v -9.183765 38.691051 -8.728407
v -18.830641 34.891537 -6.139717
v -17.098635 36.540081 -7.871675
v -16.742947 38.691051 -13.066956
v -13.600934 38.691051 -9.924846
v -17.939253 38.691051 -17.484163
v -22.343700 36.540081 -15.721712
v -22.144367 34.891537 -10.177623
v -24.606659 34.891529 -14.784409
v -24.606659 38.151958 -14.784409
v -26.122894 38.151958 -19.783043
v -26.122894 34.891529 -19.783043
v -26.634813 38.151958 -24.981440
v -26.634813 34.891529 -24.981440
v -24.185419 36.540073 -24.981405
v -26.122738 34.891529 -30.179825
v -26.122738 38.151958 -30.179825
v -23.891188 38.152264 -34.882164
v -24.606354 38.151958 -35.178410
v -25.363516 38.152264 -30.028799
v -25.860714 38.152264 -24.981432
v -23.770533 39.360271 -34.832199
v -25.730124 39.360271 -24.981428
v -25.363668 38.152264 -19.934055
v -23.891481 38.152264 -15.080641
v -22.144367 38.151966 -10.177623
v -21.500717 38.152271 -10.607683
v -23.770828 39.360271 -15.130602
v -16.742947 39.360287 -13.066956
v -18.190926 39.360279 -6.779419
v -17.939253 39.360287 -17.484163
v -18.283266 38.152271 -6.687084
v -14.362767 38.152271 -3.469513
v -18.830641 38.151966 -6.139717
v -9.889881 38.152271 -1.078623
v -5.036499 38.152271 0.393713
v -9.839911 39.360279 -1.199266
v 0.636293 39.360287 -8.728262
v 0.010857 39.360279 0.760332
v -9.183765 39.360294 -8.728407
v 0.010853 38.152271 0.890913
v 5.058231 38.152271 0.393866
v 9.911657 38.152271 -1.078327
v 14.384615 38.152271 -3.469086
v 9.861684 39.360279 -1.198967
v 18.212875 39.360279 -6.778864
v 11.555375 39.360279 -8.728100
v 18.305214 38.152271 -6.686537
v 22.166420 38.151966 -10.176960
v 21.522783 38.152271 -10.607038
v 23.913675 38.152271 -15.079915
v 24.628845 38.151974 -14.783664
v 26.145233 38.151974 -19.782265
v 25.386011 38.152271 -19.933294
v 25.883207 38.152271 -24.980661
v 25.386164 38.152271 -30.028038
v 26.657309 38.151974 -24.980644
v 26.145390 38.151974 -30.179043
v 23.913971 38.152271 -34.881462
v 24.629148 38.151974 -35.177689
v 24.629148 34.891544 -35.177689
v 26.145390 34.891544 -30.179043
v 26.657309 34.891544 -24.980644
v 26.145233 34.891544 -19.782265
v 22.166855 34.891537 -39.784473
v 17.765030 36.540081 -42.810444
v 15.973056 38.691044 -41.640045
v 11.555884 38.691044 -42.836487
v 9.271236 36.540081 -47.335716
v 18.853136 34.891537 -43.822365
v 18.853136 38.151966 -43.822365
v 14.815337 34.891537 -47.136211
v 22.166855 38.151966 -39.784473
v 21.523209 38.152271 -39.354424
v 18.305759 38.152271 -43.275013
v 14.815337 38.151966 -47.136211
v 14.385262 38.152271 -46.492577
v 9.912374 38.152271 -48.883476
v 10.208619 38.151966 -49.598640
v 5.210023 38.151966 -51.115032
v 5.058995 38.152271 -50.355812
v 9.862391 39.360279 -48.762833
v 0.191996 39.360279 -42.836655
v 0.011633 39.360279 -50.722420
v 11.555884 39.360279 -42.836487
v 0.011635 38.152271 -50.853004
v 0.011647 38.151966 -51.627110
v -5.186751 38.151966 -51.115189
v -5.035741 38.152271 -50.355965
v -9.889169 38.152271 -48.883770
v -10.185393 38.151966 -49.598938
v -14.792175 38.151966 -47.136662
v -14.362119 38.152271 -46.493011
v -9.839194 39.360279 -48.763123
v -13.600460 39.360279 -41.640488
v -18.190372 39.360279 -43.183220
v -9.183255 39.360279 -42.836784
v -18.282721 38.152271 -43.275562
v -18.830088 38.151966 -43.822933
v -22.143919 38.151966 -39.785137
v -21.500282 38.152271 -39.355064
v -24.606354 34.891529 -35.178410
v -22.143919 34.891537 -39.785137
v -18.830088 34.891537 -43.822933
v -22.343422 36.540081 -34.241047
v -17.939003 38.691044 -34.081303
v -17.098118 36.540081 -42.090927
v -13.600460 38.691044 -41.640488
v -9.248083 36.540081 -47.335991
v -16.742567 38.691044 -38.498474
v -10.185393 34.891537 -49.598938
v -14.792175 34.891537 -47.136662
v -5.186751 34.891537 -51.115189
v 0.011647 34.891537 -51.627110
v 5.210023 34.891537 -51.115032
v 0.011612 36.540081 -49.177719
v 10.208619 34.891537 -49.598640
v -16.742567 39.360279 -38.498474
v -17.939003 39.360279 -34.081303
v -17.939133 39.360287 -25.538542
v -9.183255 38.691044 -42.836784
v 15.973056 39.360279 -41.640045
v -13.600934 39.360287 -9.924846
vn -0.0000 1.0000 -0.0000
vn -1.0000 -0.0000 -0.0000
vn -0.9652 -0.0000 0.2614
vn -0.6036 -0.7973 -0.0000
vn -0.5614 -0.8135 0.1520
vn -0.9652 -0.0000 -0.2614
vn -0.7071 -0.0000 -0.7071
vn -0.6377 -0.7507 -0.1727
vn -0.6939 -0.1924 -0.6939
vn -0.6608 -0.7390 -0.1315
vn -0.5549 -0.8245 -0.1104
vn -0.5956 -0.6978 -0.3980
vn -0.4705 -0.8245 -0.3144
vn -0.4941 -0.8284 -0.2641
vn -0.3403 -0.8979 -0.2792
vn 0.6835 -0.0000 0.7299
vn 0.7299 -0.0000 0.6836
vn 0.5825 -0.0000 0.8128
vn 0.8128 -0.0000 0.5825
vn 0.5280 -0.0000 0.8492
vn -0.3554 -0.8283 -0.4331
vn 0.4128 -0.0000 0.9108
vn 0.3522 -0.0000 0.9359
vn -0.2075 -0.8979 -0.3882
vn 0.2271 -0.0000 0.9739
vn 0.1628 -0.0000 0.9867
vn -0.1626 -0.8283 -0.5361
vn -0.3143 -0.8245 -0.4705
vn -0.2734 -0.8705 -0.4092
vn -0.0706 -0.9322 -0.3550
vn -0.1104 -0.8245 -0.5549
vn -0.0431 -0.8979 -0.4380
vn -0.0328 -0.0000 0.9995
vn 0.0328 -0.0000 0.9995
vn -0.1628 -0.0000 0.9867
vn -0.2272 -0.0000 0.9739
vn 0.0549 -0.8283 -0.5575
vn -0.3522 -0.0000 0.9359
vn -0.4128 -0.0000 0.9108
vn 0.1278 -0.8979 -0.4212
vn -0.5280 -0.0000 0.8492
vn -0.5825 -0.0000 0.8128
vn 0.2641 -0.8283 -0.4941
vn 0.1104 -0.8245 -0.5549
vn 0.2156 -0.9217 -0.3226
vn 0.0659 -0.9413 -0.3311
vn 0.2792 -0.8979 -0.3402
vn 0.3144 -0.8245 -0.4705
vn 0.7570 -0.6204 -0.2050
vn 0.3398 -0.8770 -0.3398
vn 0.1559 -0.8028 -0.5755
vn 0.4331 -0.8283 -0.3554
vn 0.3496 -0.9073 -0.2336
vn 0.4705 -0.8245 -0.3143
vn 0.3882 -0.8979 -0.2075
vn -0.9359 -0.0000 0.3522
vn -0.9108 -0.0000 0.4128
vn -0.9739 -0.0000 0.2271
vn -0.8492 -0.0000 0.5280
vn -0.9867 -0.0000 0.1628
vn 0.5361 -0.8283 -0.1626
vn -0.9995 -0.0000 0.0328
vn -0.9995 -0.0000 -0.0328
vn 0.4380 -0.8979 -0.0431
vn 0.5576 -0.8285 -0.0513
vn 0.5576 -0.8285 -0.0512
vn 0.5549 -0.8245 -0.1104
vn 0.5575 -0.8283 0.0549
vn -0.9867 -0.0000 -0.1628
vn -0.9739 -0.0000 -0.2272
vn -0.0004 1.0000 -0.0001
vn -0.0004 1.0000 -0.0002
vn -0.9359 -0.0000 -0.3522
vn -0.0004 1.0000 -0.0000
vn -0.7315 0.6781 -0.0721
vn -0.9895 0.1070 -0.0972
vn -0.9753 0.1054 -0.1940
vn -0.9895 0.1070 0.0974
vn -0.0004 1.0000 0.0001
vn -0.7034 0.6781 0.2134
vn -0.0004 1.0000 0.0002
vn -0.0003 1.0000 0.0002
vn -0.8769 0.1070 0.4687
vn -0.9753 0.1054 0.1940
vn -0.8268 0.1054 0.5525
vn -0.5682 0.6781 0.4663
vn -0.0003 1.0000 0.0003
vn -0.0002 1.0000 0.0003
vn -0.6308 0.1070 0.7686
vn -0.7299 -0.0000 0.6835
vn -0.6836 -0.0000 0.7299
vn -0.8128 -0.0000 0.5825
vn -0.0002 1.0000 0.0004
vn -0.3465 0.6781 0.6482
vn -0.0001 1.0000 0.0004
vn -0.2886 0.1070 0.9514
vn -0.5525 0.1054 0.8268
vn -0.1940 0.1054 0.9753
vn -0.0721 0.6781 0.7315
vn -0.0000 1.0000 0.0004
vn 0.0001 1.0000 0.0004
vn 0.0974 0.1070 0.9895
vn 0.2133 0.6781 0.7034
vn 0.0002 1.0000 0.0003
vn 0.4687 0.1070 0.8769
vn 0.1940 0.1054 0.9753
vn 0.5525 0.1054 0.8268
vn 0.4663 0.6781 0.5682
vn 0.0003 1.0000 0.0003
vn 0.0003 1.0000 0.0002
vn 0.7686 0.1070 0.6308
vn 0.0004 1.0000 0.0001
vn 0.6482 0.6781 0.3465
vn 0.9514 0.1070 0.2886
vn 0.8268 0.1054 0.5525
vn 0.0004 1.0000 -0.0000
vn 0.7315 0.6781 0.0721
vn 0.9895 0.1070 0.0972
vn 0.9753 0.1054 0.1940
vn 0.9895 0.1070 -0.0974
vn 0.0004 1.0000 -0.0001
vn 0.9867 -0.0000 -0.1628
vn 0.9739 -0.0000 -0.2271
vn 0.9995 -0.0000 -0.0328
vn 0.9359 -0.0000 -0.3522
vn 0.9108 -0.0000 -0.4128
vn -0.7216 -0.6568 0.2189
vn -0.5484 -0.8345 0.0540
vn -0.5574 -0.8282 0.0581
vn 0.9995 -0.0000 0.0328
vn -0.5583 -0.8294 0.0198
vn -0.5583 -0.8294 0.0199
vn -0.5575 -0.8283 -0.0549
vn 0.9867 -0.0000 0.1628
vn 0.9739 -0.0000 0.2272
vn -0.4212 -0.8979 -0.1278
vn 0.9359 -0.0000 0.3522
vn 0.9108 -0.0000 0.4128
vn 0.8492 -0.0000 -0.5280
vn -0.4916 -0.8303 0.2627
vn -0.6522 -0.6059 0.4556
vn -0.6924 -0.5353 0.4838
vn -0.5066 -0.6977 0.5066
vn -0.2099 -0.5964 0.7748
vn -0.2803 -0.8028 0.5262
vn -0.3579 -0.6486 0.6718
vn -0.5747 -0.6688 0.4716
vn 0.7299 -0.0000 -0.6835
vn 0.6836 -0.0000 -0.7299
vn 0.8128 -0.0000 -0.5825
vn 0.5825 -0.0000 -0.8128
vn -0.2792 -0.8979 0.3402
vn 0.0003 1.0000 -0.0002
vn 0.0003 1.0000 -0.0003
vn 0.5682 0.6781 -0.4663
vn 0.0002 1.0000 -0.0003
vn 0.6308 0.1070 -0.7686
vn 0.8268 0.1054 -0.5525
vn 0.0002 1.0000 -0.0004
vn 0.3465 0.6781 -0.6482
vn 0.0001 1.0000 -0.0004
vn 0.2886 0.1070 -0.9514
vn 0.5525 0.1054 -0.8268
vn 0.1940 0.1054 -0.9753
vn 0.0721 0.6781 -0.7315
vn -0.0000 1.0000 -0.0004
vn -0.0001 1.0000 -0.0004
vn -0.0974 0.1070 -0.9895
vn -0.0002 1.0000 -0.0004
vn -0.2133 0.6781 -0.7034
vn -0.0002 1.0000 -0.0003
vn -0.4687 0.1070 -0.8769
vn -0.1940 0.1054 -0.9753
vn -0.5525 0.1054 -0.8268
vn -0.4663 0.6781 -0.5682
vn -0.0003 1.0000 -0.0003
vn -0.0003 1.0000 -0.0002
vn -0.7686 0.1070 -0.6308
vn -0.6482 0.6781 -0.3465
vn -0.8128 -0.0000 -0.5825
vn -0.8492 -0.0000 -0.5280
vn -0.7730 -0.0000 -0.6344
vn -0.9108 -0.0000 -0.4128
vn 0.4941 -0.8283 0.2641
vn 0.3402 -0.8979 0.2792
vn 0.4347 -0.8964 0.0865
vn 0.4136 -0.8675 0.2764
vn 0.4705 -0.8245 0.3144
vn 0.5549 -0.8245 0.1104
vn 0.4316 -0.7921 0.4316
vn 0.3779 -0.7330 0.5656
vn 0.3143 -0.8245 0.4705
vn 0.8291 -0.5121 0.2246
vn 0.3554 -0.8283 0.4331
vn 0.2075 -0.8979 0.3882
vn -0.5280 -0.0000 -0.8492
vn -0.5825 -0.0000 -0.8128
vn -0.4128 -0.0000 -0.9108
vn -0.6344 -0.0000 -0.7730
vn -0.3522 -0.0000 -0.9359
vn -0.2271 -0.0000 -0.9739
vn -0.1628 -0.0000 -0.9867
vn 0.1626 -0.8283 0.5361
vn -0.0328 -0.0000 -0.9995
vn 0.0328 -0.0000 -0.9995
vn 0.0431 -0.8979 0.4380
vn 0.1628 -0.0000 -0.9867
vn 0.2272 -0.0000 -0.9739
vn -0.0549 -0.8283 0.5575
vn 0.1104 -0.8245 0.5549
vn 0.0480 -0.9692 0.2414
vn -0.0930 -0.8791 0.4675
vn -0.1104 -0.8245 0.5549
vn -0.1278 -0.8979 0.4212
vn 0.4128 -0.0000 -0.9108
vn 0.3522 -0.0000 -0.9359
vn 0.5280 -0.0000 -0.8492
vn -0.2641 -0.8283 0.4941
vn 0.9652 -0.0000 0.2614
vn 0.7071 -0.0000 0.7071
vn 1.0000 -0.0000 -0.0000
vn -0.0000 -0.9022 0.4313
vn 0.1157 -0.8968 0.4271
vn 0.2614 -0.0000 0.9652
vn -0.0000 -0.0000 1.0000
vn 0.3256 -0.9455 -0.0000
vn 0.4212 -0.8979 0.1278
vn -0.8268 0.1054 -0.5525
vn -0.2614 -0.0000 0.9652
vn -0.7071 -0.0000 0.7071
vn 0.8769 0.1070 -0.4687
vn 0.7034 0.6781 -0.2134
vn 0.9753 0.1054 -0.1940
vn 0.8492 -0.0000 0.5280
vn -0.2614 -0.0000 -0.9652
vn -0.0000 -0.0000 -1.0000
vn 0.2614 -0.0000 -0.9652
vn -0.0000 -0.9424 -0.3345
vn -0.0004 -0.9424 -0.3344
vn 0.7071 -0.0000 -0.7071
vn 0.9652 -0.0000 -0.2614
vn -0.9514 0.1070 -0.2886
vn 0.4108 -0.9081 -0.0817
vn -0.0000 -0.9652 -0.2614
vn -0.1793 -0.7277 -0.6621
vn -0.4173 -0.9077 0.0435
vt 0.130726 0.051233
vt 0.128842 0.063632
vt 0.126640 0.075350
vt 0.117432 0.073699
vt 0.126996 0.099180
vt 0.131060 0.480090
vt 0.131356 0.465926
vt 0.132339 0.465808
vt 0.129506 0.459484
vt 0.130337 0.459018
vt 0.130913 0.491838
vt 0.131856 0.492049
vt 0.137843 0.464006
vt 0.126722 0.119010
vt 0.117411 0.124992
vt 0.112665 0.099349
vt 0.129563 0.130550
vt 0.128422 0.498018
vt 0.137405 0.138677
vt 0.123489 0.502246
vt 0.129214 0.498527
vt 0.136097 0.495456
vt 0.123982 0.503083
vt 0.138970 0.480422
vt 0.140573 0.497517
vt 0.126464 0.507331
vt 0.129858 0.511061
vt 0.135216 0.504289
vt 0.730219 0.566534
vt 0.730219 0.576964
vt 0.713428 0.576964
vt 0.747010 0.566534
vt 0.713428 0.566534
vt 0.122588 0.515557
vt 0.696637 0.576964
vt 0.696637 0.566534
vt 0.115318 0.520054
vt 0.679846 0.576964
vt 0.679846 0.566534
vt 0.106906 0.521545
vt 0.113509 0.515367
vt 0.117089 0.505120
vt 0.098555 0.517998
vt 0.098494 0.523036
vt 0.663055 0.566534
vt 0.663055 0.576964
vt 0.646264 0.576964
vt 0.646264 0.566534
vt 0.090099 0.521356
vt 0.629473 0.576964
vt 0.629473 0.566534
vt 0.081703 0.519676
vt 0.612682 0.576964
vt 0.612682 0.566534
vt 0.074534 0.514875
vt 0.083674 0.515060
vt 0.084071 0.504851
vt 0.070968 0.506654
vt 0.067365 0.510073
vt 0.071087 0.490807
vt 0.072541 0.497833
vt 0.077170 0.502975
vt 0.062980 0.502650
vt 0.063317 0.493505
vt 0.058595 0.495228
vt 0.562310 0.566534
vt 0.562310 0.576964
vt 0.545519 0.576964
vt 0.579100 0.566534
vt 0.545519 0.566534
vt 0.057357 0.486772
vt 0.528728 0.576964
vt 0.528728 0.566534
vt 0.056120 0.478316
vt 0.061161 0.478505
vt 0.058005 0.469993
vt 0.511937 0.576964
vt 0.511937 0.566534
vt 0.248442 0.084896
vt 0.246533 0.085292
vt 0.243777 0.071891
vt 0.245606 0.071115
vt 0.495146 0.576964
vt 0.249289 0.098693
vt 0.251278 0.098676
vt 0.240872 0.073135
vt 0.246124 0.098718
vt 0.246736 0.112132
vt 0.248651 0.112498
vt 0.244183 0.125572
vt 0.246024 0.126320
vt 0.238217 0.138022
vt 0.236590 0.136947
vt 0.241255 0.124390
vt 0.222917 0.129586
vt 0.225889 0.118250
vt 0.226736 0.146101
vt 0.228998 0.148321
vt 0.230410 0.149724
vt 0.218677 0.157460
vt 0.217585 0.155837
vt 0.595891 0.566534
vt 0.595891 0.576964
vt 0.579100 0.576964
vt 0.206173 0.163352
vt 0.206943 0.165196
vt 0.193177 0.167980
vt 0.192786 0.166059
vt 0.204932 0.160407
vt 0.177462 0.140556
vt 0.203271 0.140556
vt 0.179386 0.165566
vt 0.179400 0.168765
vt 0.179412 0.170764
vt 0.165592 0.168228
vt 0.165959 0.166304
vt 0.152517 0.163843
vt 0.151771 0.165692
vt 0.139896 0.158138
vt 0.140964 0.156512
vt 0.153740 0.160910
vt 0.148785 0.141207
vt 0.131609 0.146961
vt 0.129412 0.149180
vt 0.128020 0.150585
vt 0.120337 0.138791
vt 0.121953 0.137708
vt 0.114494 0.126235
vt 0.112654 0.126997
vt 0.110057 0.113189
vt 0.111977 0.112803
vt 0.109460 0.099369
vt 0.111957 0.085939
vt 0.110026 0.085577
vt 0.107459 0.099380
vt 0.814174 0.566534
vt 0.814174 0.576964
vt 0.797383 0.576964
vt 0.114454 0.072508
vt 0.112592 0.071775
vt 0.830965 0.566534
vt 0.830965 0.576964
vt 0.141489 0.463451
vt 0.142747 0.472002
vt 0.144005 0.480552
vt 0.797383 0.566534
vt 0.142289 0.489035
vt 0.780592 0.576964
vt 0.780592 0.566534
vt 0.763801 0.576964
vt 0.763801 0.566534
vt 0.847756 0.566534
vt 0.136914 0.456041
vt 0.129617 0.451129
vt 0.125808 0.453856
vt 0.119063 0.451620
vt 0.115911 0.443627
vt 0.132339 0.448631
vt 0.864547 0.566534
vt 0.864547 0.576964
vt 0.847756 0.576964
vt 0.881338 0.566534
vt 0.125120 0.443835
vt 0.119862 0.059724
vt 0.121494 0.060781
vt 0.128533 0.049055
vt 0.127132 0.047674
vt 0.139043 0.040166
vt 0.140121 0.041780
vt 0.151709 0.034506
vt 0.150955 0.032658
vt 0.164753 0.030011
vt 0.165131 0.031934
vt 0.152940 0.037447
vt 0.178057 0.053347
vt 0.148094 0.052919
vt 0.178552 0.032558
vt 0.178554 0.029362
vt 0.178552 0.027364
vt 0.192359 0.029973
vt 0.191985 0.031895
vt 0.205416 0.034429
vt 0.206166 0.032582
vt 0.217990 0.040199
vt 0.216920 0.041831
vt 0.204201 0.037364
vt 0.214182 0.055633
vt 0.202700 0.052980
vt 0.226214 0.051478
vt 0.228423 0.049234
vt 0.229814 0.047817
vt 0.237710 0.059466
vt 0.236100 0.060562
vt 0.478355 0.566534
vt 0.478355 0.576964
vt 0.461564 0.576964
vt 0.495146 0.566534
vt 0.059889 0.461671
vt 0.064696 0.454547
vt 0.064490 0.463715
vt 0.461564 0.566534
vt 0.069504 0.447424
vt 0.072174 0.464400
vt 0.072944 0.451028
vt 0.079212 0.452722
vt 0.074145 0.457488
vt 0.085916 0.442900
vt 0.084123 0.438238
vt 0.076813 0.442831
vt 0.982083 0.566534
vt 0.982083 0.576964
vt 0.965293 0.576964
vt 0.998874 0.566534
vt 0.965293 0.566534
vt 0.948501 0.576964
vt 0.948501 0.566534
vt 0.092607 0.436890
vt 0.931710 0.576964
vt 0.931710 0.566534
vt 0.101091 0.435543
vt 0.914919 0.576964
vt 0.914919 0.566534
vt 0.109496 0.437291
vt 0.100971 0.440578
vt 0.117900 0.439039
vt 0.898128 0.566534
vt 0.898128 0.576964
vt 0.881338 0.576964
vt 0.074939 0.458000
vt 0.079688 0.453550
vt 0.073182 0.464588
vt 0.225541 0.075168
vt 0.222385 0.063703
vt 0.072655 0.478034
vt 0.225594 0.097369
vt 0.072102 0.490692
vt 0.086101 0.450780
vt 0.086227 0.451776
vt 0.100961 0.452189
vt 0.118865 0.452602
vt 0.998874 0.576964
vt 0.136554 0.055397
vt 0.125281 0.454615
vt 0.747010 0.576964
vt 0.116939 0.504121
vt 0.099710 0.503943
vt 0.084237 0.503848
vt 0.214770 0.137643
vt 0.077672 0.502202
vt 0.073364 0.497378
s 1
usemtl body
f 2130/3312/3189 2133/3313/3189 2129/3314/3189
f 2129/3314/3189 2131/3315/3189 2130/3312/3189
f 2131/3315/3189 2129/3314/3189 2132/3316/3189
f 2132/3317/3190 2129/3318/3190 2135/3319/3190
f 2129/3318/3191 2133/3320/3191 2134/3321/3191
f 2134/3321/3191 2135/3319/3191 2129/3318/3191
f 2138/3322/3190 2135/3319/3190 2136/3323/3190
f 2136/3323/3192 2135/3319/3192 2137/3324/3192
f 2135/3319/3193 2134/3321/3193 2137/3324/3193
f 2138/3322/3190 2132/3317/3190 2135/3319/3190
f 2138/3325/3189 2140/3326/3189 2139/3327/3189
f 2139/3327/3189 2132/3316/3189 2138/3325/3189
f 2138/3325/3189 2141/3328/3189 2140/3326/3189
f 2141/3329/3194 2138/3322/3194 2136/3323/3194
f 2140/3326/3189 2141/3328/3189 2142/3330/3189
f 2142/3331/3195 2141/3329/3195 2143/3332/3195
f 2136/3323/3194 2143/3332/3194 2141/3329/3194
f 2143/3332/3196 2136/3323/3196 2145/3333/3196
f 2143/3332/3195 2144/3334/3195 2142/3331/3195
f 2144/3334/3197 2143/3332/3197 2145/3333/3197
f 2136/3323/3198 2146/3335/3198 2145/3333/3198
f 2148/3336/3199 2145/3333/3199 2146/3335/3199
f 2145/3333/3200 2147/3337/3200 2144/3334/3200
f 2150/3338/3201 2147/3337/3201 2145/3333/3201
f 2148/3336/3202 2149/3339/3202 2145/3333/3202
f 2149/3339/3203 2150/3338/3203 2145/3333/3203
f 2150/3340/3204 2151/3341/3205 2152/3342/3206
f 2151/3341/3205 2150/3340/3204 2149/3343/3207
f 2152/3342/3206 2153/3344/3208 2150/3340/3204
f 2150/3338/3209 2153/3345/3209 2147/3337/3209
f 2153/3344/3208 2152/3342/3206 2154/3346/3210
f 2154/3346/3210 2155/3347/3211 2153/3344/3208
f 2153/3345/3212 2155/3348/3212 2147/3337/3212
f 2155/3347/3211 2154/3346/3210 2156/3349/3213
f 2156/3349/3213 2157/3350/3214 2155/3347/3211
f 2155/3348/3215 2157/3351/3215 2158/3352/3215
f 2155/3348/3216 2158/3352/3216 2147/3337/3216
f 2147/3337/3217 2158/3352/3217 2159/3353/3217
f 2159/3353/3218 2158/3352/3218 2160/3354/3218
f 2161/3355/3219 2160/3354/3219 2158/3352/3219
f 2157/3351/3220 2161/3355/3220 2158/3352/3220
f 2161/3356/3221 2162/3357/3222 2163/3358/3223
f 2162/3357/3222 2161/3356/3221 2157/3350/3214
f 2163/3358/3223 2164/3359/3224 2161/3356/3221
f 2161/3355/3225 2164/3360/3225 2160/3354/3225
f 2164/3359/3224 2163/3358/3223 2165/3361/3226
f 2165/3361/3226 2166/3362/3227 2164/3359/3224
f 2164/3360/3228 2166/3363/3228 2160/3354/3228
f 2166/3362/3227 2165/3361/3226 2167/3364/3229
f 2167/3364/3229 2168/3365/3230 2166/3362/3227
f 2166/3363/3231 2168/3366/3231 2169/3367/3231
f 2166/3363/3232 2169/3367/3232 2160/3354/3232
f 2170/3368/3233 2169/3367/3233 2172/3369/3233
f 2170/3368/3234 2160/3354/3234 2169/3367/3234
f 2168/3366/3235 2171/3370/3235 2169/3367/3235
f 2171/3370/3236 2172/3369/3236 2169/3367/3236
f 2175/3371/3237 2173/3372/3237 2172/3369/3237
f 2173/3372/3238 2174/3373/3238 2172/3369/3238
f 2172/3369/3239 2174/3373/3239 2170/3368/3239
f 2171/3370/3240 2177/3374/3240 2172/3369/3240
f 2172/3369/3241 2176/3375/3241 2175/3371/3241
f 2178/3376/3242 2176/3375/3242 2172/3369/3242
f 2177/3374/3243 2178/3376/3243 2172/3369/3243
f 2178/3377/3244 2179/3378/3245 2180/3379/3246
f 2179/3378/3245 2178/3377/3244 2177/3380/3247
f 2180/3379/3246 2181/3381/3248 2178/3377/3244
f 2178/3376/3249 2181/3382/3249 2176/3375/3249
f 2181/3381/3248 2180/3379/3246 2182/3383/3250
f 2182/3383/3250 2183/3384/3251 2181/3381/3248
f 2181/3382/3252 2183/3385/3252 2176/3375/3252
f 2183/3385/3253 2184/3386/3254 2176/3375/3255
f 2183/3385/3253 2185/3387/3256 2184/3386/3254
f 2186/3388/3257 2185/3389/3258 2183/3384/3251
f 2183/3384/3251 2182/3383/3250 2186/3388/3257
f 2186/3390/3259 2189/3391/3259 2187/3392/3260
f 2187/3392/3260 2188/3393/3260 2186/3390/3259
f 2185/3389/3258 2186/3388/3257 2188/3394/3261
f 2190/3395/3262 2189/3391/3259 2186/3390/3259
f 2186/3390/3259 2182/3396/3262 2190/3395/3262
f 2189/3391/3263 2190/3395/3263 2191/3397/3263
f 2190/3395/3264 2192/3398/3264 2191/3397/3265
f 2190/3395/3264 2193/3399/3266 2192/3398/3264
f 2180/3400/3267 2193/3399/3267 2190/3395/3262
f 2190/3395/3262 2182/3396/3262 2180/3400/3267
f 2193/3399/3268 2194/3401/3268 2192/3398/3268
f 2194/3401/3269 2193/3399/3267 2180/3400/3267
f 2180/3400/3267 2179/3402/3269 2194/3401/3269
f 2194/3401/3269 2179/3402/3269 2195/3403/3270
f 2195/3403/3270 2196/3404/3270 2194/3401/3269
f 2194/3401/3271 2196/3404/3271 2197/3405/3271
f 2194/3401/3272 2197/3405/3272 2192/3398/3272
f 2198/3406/3189 2200/3407/3189 2197/3405/3189
f 2197/3405/3189 2199/3408/3189 2198/3406/3189
f 2201/3409/3273 2199/3408/3273 2197/3405/3273
f 2192/3398/3189 2197/3405/3189 2200/3407/3189
f 2196/3404/3274 2201/3409/3274 2197/3405/3274
f 2201/3409/3275 2203/3410/3275 2167/3411/3276
f 2167/3411/3276 2202/3412/3276 2201/3409/3275
f 2201/3409/3277 2202/3412/3277 2199/3408/3277
f 2195/3403/3270 2203/3410/3275 2201/3409/3275
f 2201/3409/3275 2196/3404/3270 2195/3403/3270
f 2171/3413/3278 2203/3414/3279 2195/3415/3280
f 2168/3365/3230 2167/3364/3229 2203/3414/3279
f 2203/3414/3279 2171/3413/3278 2168/3365/3230
f 2204/3416/3281 2202/3412/3276 2167/3411/3276
f 2202/3412/3282 2204/3416/3282 2199/3408/3282
f 2167/3411/3276 2165/3417/3281 2204/3416/3281
f 2204/3416/3281 2165/3417/3281 2163/3418/3283
f 2163/3418/3283 2205/3419/3283 2204/3416/3281
f 2204/3416/3284 2205/3419/3284 2206/3420/3284
f 2204/3416/3285 2206/3420/3285 2199/3408/3285
f 2207/3421/3189 2209/3422/3189 2206/3420/3189
f 2206/3420/3189 2208/3423/3189 2207/3421/3189
f 2210/3424/3286 2208/3423/3286 2206/3420/3286
f 2199/3408/3189 2206/3420/3189 2209/3422/3189
f 2205/3419/3287 2210/3424/3287 2206/3420/3287
f 2163/3418/3283 2162/3425/3288 2210/3424/3288
f 2210/3424/3288 2205/3419/3283 2163/3418/3283
f 2210/3424/3288 2162/3425/3288 2156/3426/3289
f 2156/3426/3289 2211/3427/3289 2210/3424/3288
f 2210/3424/3290 2211/3427/3290 2208/3423/3290
f 2212/3428/3289 2211/3427/3289 2156/3426/3289
f 2211/3427/3291 2212/3428/3291 2208/3423/3291
f 2156/3426/3289 2154/3429/3289 2212/3428/3289
f 2212/3428/3289 2154/3429/3289 2152/3430/3292
f 2152/3430/3292 2213/3431/3292 2212/3428/3289
f 2212/3428/3293 2213/3431/3293 2214/3432/3293
f 2212/3428/3294 2214/3432/3294 2208/3423/3294
f 2142/3330/3189 2216/3433/3189 2214/3432/3189
f 2214/3432/3189 2215/3434/3189 2142/3330/3189
f 2217/3435/3295 2215/3434/3295 2214/3432/3295
f 2214/3432/3189 2216/3433/3189 2207/3421/3189
f 2207/3421/3189 2208/3423/3189 2214/3432/3189
f 2213/3431/3296 2217/3435/3296 2214/3432/3296
f 2152/3430/3292 2151/3436/3297 2217/3435/3297
f 2217/3435/3297 2213/3431/3292 2152/3430/3292
f 2217/3435/3297 2151/3436/3297 2218/3437/3298
f 2218/3437/3298 2219/3438/3298 2217/3435/3297
f 2217/3435/3299 2219/3438/3299 2215/3434/3299
f 2220/3439/3300 2219/3438/3298 2218/3437/3298
f 2219/3438/3301 2220/3439/3301 2215/3434/3301
f 2218/3437/3298 2221/3440/3300 2220/3439/3300
f 2220/3439/3300 2221/3440/3300 2222/3441/3300
f 2222/3441/3300 2223/3442/3300 2220/3439/3300
f 2220/3439/3302 2223/3442/3302 2140/3326/3302
f 2220/3439/3303 2140/3326/3303 2215/3434/3303
f 2224/3443/3304 2223/3442/3300 2222/3441/3300
f 2223/3442/3305 2224/3443/3305 2140/3326/3305
f 2224/3443/3306 2139/3327/3306 2140/3326/3307
f 2224/3443/3306 2225/3444/3308 2139/3327/3306
f 2227/3445/3309 2225/3444/3309 2224/3443/3304
f 2222/3441/3300 2226/3446/3304 2224/3443/3304
f 2224/3443/3304 2226/3446/3304 2227/3445/3309
f 2231/3447/3310 2227/3448/3311 2226/3449/3312
f 2228/3450/3309 2225/3444/3309 2227/3445/3309
f 2227/3445/3309 2229/3451/3309 2228/3450/3309
f 2230/3452/3313 2229/3453/3314 2227/3448/3311
f 2227/3448/3311 2231/3447/3310 2230/3452/3313
f 2230/3454/3315 2231/3455/3315 2137/3324/3315
f 2231/3455/3316 2232/3456/3316 2137/3324/3317
f 2226/3449/3312 2232/3457/3318 2231/3447/3310
f 2232/3456/3319 2146/3335/3320 2137/3324/3317
f 2232/3456/3319 2233/3458/3321 2146/3335/3320
f 2222/3459/3322 2233/3460/3323 2232/3457/3318
f 2232/3457/3318 2226/3449/3312 2222/3459/3322
f 2233/3458/3324 2148/3336/3324 2146/3335/3324
f 2233/3460/3323 2222/3459/3322 2221/3461/3325
f 2221/3461/3325 2148/3462/3326 2233/3460/3323
f 2229/3453/3314 2230/3452/3313 2234/3463/3327
f 2234/3464/3328 2230/3454/3328 2235/3465/3328
f 2230/3454/3329 2137/3324/3329 2235/3465/3329
f 2134/3321/3330 2235/3465/3330 2137/3324/3330
f 2134/3321/3331 2236/3466/3331 2235/3465/3331
f 2235/3465/3332 2236/3466/3332 2237/3467/3332
f 2237/3467/3333 2238/3468/3333 2235/3465/3333
f 2239/3469/3334 2235/3465/3334 2238/3468/3334
f 2239/3469/3335 2234/3464/3335 2235/3465/3335
f 2239/3470/3336 2240/3471/3337 2242/3472/3338
f 2240/3471/3337 2239/3470/3336 2241/3473/3339
f 2241/3474/3340 2239/3469/3340 2238/3468/3340
f 2242/3472/3338 2234/3463/3327 2239/3470/3336
f 2242/3475/3341 2243/3476/3341 2228/3450/3309
f 2228/3450/3309 2229/3451/3309 2242/3475/3341
f 2234/3463/3327 2242/3472/3338 2229/3453/3314
f 2244/3477/3342 2243/3476/3341 2242/3475/3341
f 2242/3475/3341 2240/3478/3342 2244/3477/3342
f 2243/3476/3343 2244/3477/3343 2131/3315/3343
f 2244/3477/3342 2240/3478/3342 2245/3479/3344
f 2245/3479/3344 2246/3480/3344 2244/3477/3342
f 2244/3477/3345 2246/3480/3345 2130/3312/3345
f 2244/3477/3346 2130/3312/3346 2131/3315/3346
f 2247/3481/3347 2246/3480/3344 2245/3479/3344
f 2246/3480/3348 2247/3481/3348 2130/3312/3348
f 2245/3479/3344 2248/3482/3347 2247/3481/3347
f 2247/3481/3347 2248/3482/3347 2249/3483/3349
f 2249/3483/3349 2250/3484/3349 2247/3481/3347
f 2247/3481/3350 2250/3484/3350 2251/3485/3350
f 2247/3481/3351 2251/3485/3351 2130/3312/3351
f 2252/3486/3189 2254/3487/3189 2251/3485/3189
f 2251/3485/3189 2253/3488/3189 2252/3486/3189
f 2255/3489/3352 2253/3488/3352 2251/3485/3352
f 2130/3312/3189 2251/3485/3189 2254/3487/3189
f 2250/3484/3353 2255/3489/3353 2251/3485/3353
f 2249/3483/3349 2256/3490/3354 2255/3489/3354
f 2255/3489/3354 2250/3484/3349 2249/3483/3349
f 2255/3489/3354 2256/3490/3354 2257/3491/3355
f 2257/3491/3355 2258/3492/3355 2255/3489/3354
f 2255/3489/3356 2258/3492/3356 2253/3488/3356
f 2259/3493/3357 2258/3492/3355 2257/3491/3355
f 2258/3492/3358 2259/3493/3358 2253/3488/3358
f 2257/3491/3355 2260/3494/3357 2259/3493/3357
f 2259/3493/3357 2260/3494/3357 2261/3495/3359
f 2261/3495/3359 2262/3496/3359 2259/3493/3357
f 2259/3493/3360 2262/3496/3360 2263/3497/3360
f 2259/3493/3361 2263/3497/3361 2253/3488/3361
f 2264/3498/3189 2266/3499/3189 2263/3497/3189
f 2263/3497/3189 2265/3500/3189 2264/3498/3189
f 2267/3501/3362 2265/3500/3362 2263/3497/3362
f 2253/3488/3189 2263/3497/3189 2266/3499/3189
f 2262/3496/3363 2267/3501/3363 2263/3497/3363
f 2261/3495/3359 2268/3502/3364 2267/3501/3364
f 2267/3501/3364 2262/3496/3359 2261/3495/3359
f 2267/3501/3364 2268/3502/3364 2269/3503/3365
f 2269/3503/3365 2270/3504/3365 2267/3501/3364
f 2267/3501/3366 2270/3504/3366 2265/3500/3366
f 2187/3392/3260 2270/3504/3365 2269/3503/3365
f 2270/3504/3367 2187/3392/3367 2265/3500/3367
f 2272/3505/3368 2269/3506/3369 2268/3507/3370
f 2269/3503/3365 2188/3393/3260 2187/3392/3260
f 2271/3508/3371 2188/3394/3261 2269/3506/3369
f 2269/3506/3369 2272/3505/3368 2271/3508/3371
f 2271/3509/3372 2272/3510/3372 2274/3511/3372
f 2268/3507/3370 2273/3512/3370 2272/3505/3368
f 2272/3510/3373 2273/3513/3373 2274/3511/3373
f 2275/3514/3374 2184/3386/3374 2274/3511/3374
f 2275/3514/3375 2274/3511/3375 2276/3515/3375
f 2273/3513/3376 2276/3515/3376 2274/3511/3376
f 2271/3509/3377 2274/3511/3377 2184/3386/3377
f 2277/3516/3378 2279/3517/3378 2276/3515/3378
f 2276/3515/3379 2278/3518/3379 2277/3516/3379
f 2280/3519/3380 2278/3518/3380 2276/3515/3380
f 2276/3515/3381 2279/3517/3381 2275/3514/3381
f 2273/3513/3382 2281/3520/3382 2276/3515/3382
f 2281/3520/3383 2280/3519/3383 2276/3515/3383
f 2281/3521/3384 2261/3522/3385 2260/3523/3386
f 2261/3522/3385 2281/3521/3384 2273/3524/3387
f 2260/3523/3386 2280/3525/3388 2281/3521/3384
f 2280/3525/3388 2260/3523/3386 2257/3526/3389
f 2257/3526/3389 2282/3527/3390 2280/3525/3388
f 2280/3519/3391 2282/3528/3391 2278/3518/3391
f 2282/3527/3390 2257/3526/3389 2256/3529/3392
f 2256/3529/3392 2283/3530/3393 2282/3527/3390
f 2282/3528/3394 2283/3531/3394 2278/3518/3394
f 2283/3530/3393 2256/3529/3392 2249/3532/3395
f 2249/3532/3395 2284/3533/3396 2283/3530/3393
f 2283/3531/3397 2284/3534/3397 2285/3535/3397
f 2283/3531/3398 2285/3535/3398 2278/3518/3398
f 2237/3467/3399 2278/3518/3399 2285/3535/3399
f 2237/3467/3400 2285/3535/3400 2238/3468/3400
f 2286/3536/3401 2238/3468/3401 2285/3535/3401
f 2284/3534/3402 2286/3536/3402 2285/3535/3402
f 2286/3537/3403 2248/3538/3404 2245/3539/3405
f 2248/3538/3404 2286/3537/3403 2284/3533/3396
f 2245/3539/3405 2241/3473/3339 2286/3537/3403
f 2286/3536/3406 2241/3474/3406 2238/3468/3406
f 2284/3533/3396 2249/3532/3395 2248/3538/3404
f 2275/3514/3407 2279/3517/3407 2287/3540/3407
f 2264/3541/3408 2287/3540/3408 2279/3517/3408
f 2279/3517/3408 2277/3516/3408 2264/3541/3408
f 2287/3540/3407 2288/3542/3407 2275/3514/3407
f 2288/3543/3189 2287/3544/3189 2265/3500/3189
f 2287/3544/3189 2264/3498/3189 2265/3500/3189
f 2288/3542/3409 2289/3545/3409 2175/3371/3409
f 2289/3546/3189 2288/3543/3189 2191/3397/3189
f 2288/3543/3189 2265/3500/3189 2191/3397/3189
f 2288/3542/3409 2175/3371/3409 2275/3514/3409
f 2289/3545/3409 2200/3547/3409 2175/3371/3409
f 2200/3407/3189 2289/3546/3189 2192/3398/3189
f 2191/3397/3189 2192/3398/3189 2289/3546/3189
f 2237/3467/3410 2290/3548/3410 2278/3518/3410
f 2290/3548/3411 2277/3516/3411 2278/3518/3411
f 2277/3516/3412 2290/3548/3412 2266/3549/3412
f 2252/3550/3413 2266/3549/3413 2290/3548/3413
f 2254/3551/3413 2252/3550/3413 2290/3548/3413
f 2254/3551/3413 2290/3548/3413 2237/3467/3413
f 2266/3549/3412 2264/3541/3412 2277/3516/3412
f 2275/3514/3414 2175/3371/3414 2184/3386/3414
f 2273/3524/3387 2268/3552/3387 2261/3522/3385
f 2188/3394/3261 2271/3508/3371 2185/3389/3258
f 2185/3387/3415 2271/3509/3415 2184/3386/3415
f 2266/3499/3189 2252/3486/3189 2253/3488/3189
f 2187/3392/3416 2191/3397/3416 2265/3500/3416
f 2254/3487/3189 2291/3553/3189 2130/3312/3189
f 2291/3554/3417 2254/3551/3417 2237/3467/3417
f 2291/3553/3189 2133/3313/3189 2130/3312/3189
f 2133/3320/3418 2291/3554/3418 2236/3466/3418
f 2237/3467/3417 2236/3466/3417 2291/3554/3417
f 2241/3473/3339 2245/3539/3405 2240/3471/3337
f 2228/3450/3419 2243/3476/3419 2131/3315/3419
f 2236/3466/3418 2134/3321/3418 2133/3320/3418
f 2225/3444/3420 2228/3450/3420 2139/3327/3420
f 2228/3450/3421 2131/3315/3421 2139/3327/3421
f 2148/3462/3326 2221/3461/3325 2218/3555/3422
f 2149/3343/3207 2218/3555/3422 2151/3341/3205
f 2218/3555/3422 2149/3343/3207 2148/3462/3326
f 2216/3556/3423 2142/3331/3423 2144/3334/3423
f 2207/3557/3424 2216/3556/3424 2159/3353/3424
f 2144/3334/3423 2159/3353/3423 2216/3556/3423
f 2142/3330/3189 2215/3434/3189 2140/3326/3189
f 2209/3558/3424 2207/3557/3424 2159/3353/3424
f 2209/3422/3189 2292/3559/3189 2199/3408/3189
f 2292/3560/3425 2209/3558/3425 2170/3368/3425
f 2209/3558/3424 2159/3353/3426 2170/3368/3427
f 2292/3559/3189 2198/3406/3189 2199/3408/3189
f 2198/3561/3428 2292/3560/3428 2174/3373/3428
f 2170/3368/3425 2174/3373/3425 2292/3560/3425
f 2200/3547/3429 2198/3561/3429 2173/3372/3429
f 2173/3372/3429 2175/3371/3429 2200/3547/3429
f 2174/3373/3428 2173/3372/3428 2198/3561/3428
f 2177/3380/3247 2195/3415/3280 2179/3378/3245
f 2195/3415/3280 2177/3380/3247 2171/3413/3278
f 2187/3392/3430 2189/3391/3430 2191/3397/3430
f 2175/3371/3431 2176/3375/3431 2184/3386/3431
f 2170/3368/3427 2159/3353/3426 2160/3354/3432
f 2157/3350/3214 2156/3349/3213 2162/3357/3222
f 2159/3353/3433 2144/3334/3433 2147/3337/3433
f 2136/3323/3434 2137/3324/3434 2146/3335/3434
f 2132/3316/3189 2139/3327/3189 2131/3315/3189
o gaz2975_nomg_turret.028
v -11.655120 39.333920 -4.006327
v -11.655113 39.576008 -4.390673
v -11.655113 39.333920 -4.390673
v -11.655120 39.576008 -4.006327
v -11.987978 39.333920 -3.814154
v -11.987978 39.576008 -3.814154
v -12.320832 39.333920 -4.006338
v -12.320832 39.576008 -4.006338
v -12.320827 39.333920 -4.390684
v -12.320827 39.576008 -4.390684
v -11.987967 39.333920 -4.582855
v -11.987967 39.576008 -4.582855
vn 1.0000 -0.0000 -0.0000
vn 0.7561 -0.0000 0.6545
vn 0.9448 -0.0000 0.3276
vn 0.1888 -0.0000 0.9820
vn -0.1888 -0.0000 0.9820
vn -0.7561 -0.0000 0.6544
vn -0.9448 -0.0000 0.3276
vn -0.9448 -0.0000 -0.3275
vn -0.7561 -0.0000 -0.6545
vn -0.1887 -0.0000 -0.9820
vn 0.1888 -0.0000 -0.9820
vn 0.5000 -0.0000 -0.8660
vn -0.0000 1.0000 -0.0000
vn 0.0001 1.0000 -0.0000
vt 0.838055 0.534985
vt 0.838055 0.532104
vt 0.839869 0.532104
vt 0.839869 0.534985
vt 0.839869 0.529225
vt 0.838055 0.529225
vt 0.839869 0.526345
vt 0.838055 0.526345
vt 0.839869 0.523465
vt 0.838055 0.523465
vt 0.839869 0.520585
vt 0.838055 0.520585
vt 0.839869 0.517705
vt 0.826435 0.518244
vt 0.826435 0.521124
vt 0.823940 0.516804
vt 0.838055 0.517705
vt 0.821446 0.521124
vt 0.821446 0.518244
vt 0.823940 0.522564
s 1
usemtl body
f 2294/3562/3435 2296/3563/3436 2293/3564/3437
f 2293/3564/3437 2295/3565/3435 2294/3562/3435
f 2297/3566/3438 2293/3564/3437 2296/3563/3436
f 2296/3563/3436 2298/3567/3439 2297/3566/3438
f 2299/3568/3440 2297/3566/3438 2298/3567/3439
f 2298/3567/3439 2300/3569/3441 2299/3568/3440
f 2301/3570/3442 2299/3568/3440 2300/3569/3441
f 2300/3569/3441 2302/3571/3443 2301/3570/3442
f 2303/3572/3444 2301/3570/3442 2302/3571/3443
f 2302/3571/3443 2304/3573/3445 2303/3572/3444
f 2295/3574/3446 2303/3572/3444 2304/3573/3445
f 2302/3575/3447 2300/3576/3447 2304/3577/3447
f 2304/3573/3445 2294/3578/3446 2295/3574/3446
f 2296/3579/3447 2294/3580/3448 2304/3577/3447
f 2300/3576/3447 2296/3579/3447 2304/3577/3447
f 2300/3576/3447 2298/3581/3447 2296/3579/3447
o gaz2975_nomg_turret.029
v -0.372742 39.333920 -48.978874
v -0.180572 39.576008 -48.646011
v -0.180572 39.333920 -48.646011
v -0.372742 39.576008 -48.978874
v -0.180562 39.333920 -49.311718
v -0.180562 39.576008 -49.311718
v 0.203787 39.333920 -49.311714
v 0.203787 39.576008 -49.311714
v 0.395957 39.333920 -48.978863
v 0.395957 39.576008 -48.978863
v 0.203777 39.333920 -48.646004
v 0.203777 39.576008 -48.646004
vn -0.8660 -0.0000 0.5000
vn -0.9820 -0.0000 -0.1888
vn -0.9820 -0.0000 0.1887
vn -0.6544 -0.0000 -0.7561
vn -0.3275 -0.0000 -0.9448
vn 0.3276 -0.0000 -0.9448
vn 0.6545 -0.0000 -0.7561
vn 0.9820 -0.0000 -0.1887
vn 0.9820 -0.0000 0.1887
vn 0.6545 -0.0000 0.7561
vn 0.3275 -0.0000 0.9448
vn -0.0000 -0.0000 1.0000
vn -0.0000 1.0000 -0.0000
vt 0.838055 0.534985
vt 0.838055 0.532104
vt 0.839869 0.532104
vt 0.839869 0.534985
vt 0.839869 0.529225
vt 0.838055 0.529225
vt 0.839869 0.526345
vt 0.838055 0.526345
vt 0.839869 0.523465
vt 0.838055 0.523465
vt 0.839869 0.520585
vt 0.838055 0.520585
vt 0.839869 0.517705
vt 0.826435 0.518244
vt 0.826435 0.521124
vt 0.823940 0.516804
vt 0.838055 0.517705
vt 0.821446 0.521124
vt 0.821446 0.518244
vt 0.823940 0.522564
s 1
usemtl body
f 2306/3582/3449 2308/3583/3450 2305/3584/3451
f 2305/3584/3451 2307/3585/3449 2306/3582/3449
f 2309/3586/3452 2305/3584/3451 2308/3583/3450
f 2308/3583/3450 2310/3587/3453 2309/3586/3452
f 2311/3588/3454 2309/3586/3452 2310/3587/3453
f 2310/3587/3453 2312/3589/3455 2311/3588/3454
f 2313/3590/3456 2311/3588/3454 2312/3589/3455
f 2312/3589/3455 2314/3591/3457 2313/3590/3456
f 2315/3592/3458 2313/3590/3456 2314/3591/3457
f 2314/3591/3457 2316/3593/3459 2315/3592/3458
f 2307/3594/3460 2315/3592/3458 2316/3593/3459
f 2314/3595/3461 2312/3596/3461 2316/3597/3461
f 2316/3593/3459 2306/3598/3460 2307/3594/3460
f 2308/3599/3461 2306/3600/3461 2316/3597/3461
f 2312/3596/3461 2308/3599/3461 2316/3597/3461
f 2312/3596/3461 2310/3601/3461 2308/3599/3461
o gaz2975_nomg_turret.030
v 7.097435 43.839634 -6.800091
v 7.737137 44.454548 -5.195314
v 7.098228 44.459072 -6.798908
v 7.736318 43.835102 -5.196495
v 5.494004 43.841038 -7.464153
v 5.494822 44.460491 -7.462982
v 3.865325 43.838505 -6.799711
v 3.866130 44.457951 -6.798525
v 3.165438 43.833515 -5.195967
v 3.166244 44.452953 -5.194777
v 3.804334 43.828976 -3.592367
v 3.805127 44.448414 -3.591167
v 5.407751 43.827564 -2.928278
v 5.408544 44.446995 -2.927078
v 7.036444 43.830105 -3.592733
v 7.037238 44.449535 -3.591543
vn 0.9290 -0.0005 -0.3701
vn 0.3826 0.0013 -0.9239
vn 0.0003 -1.0000 -0.0030
vn -0.0001 0.0019 -1.0000
vn -0.1354 0.0020 -0.9908
vn 0.3826 0.0012 -0.9239
vn -0.3777 0.0023 -0.9259
vn -0.9165 0.0020 -0.4000
vn -0.9290 0.0005 0.3701
vn -0.3826 -0.0013 0.9239
vn 0.0001 -0.0019 1.0000
vn 0.1353 -0.0022 0.9908
vn 0.3778 -0.0023 0.9259
vn 0.0004 -1.0000 -0.0030
vn 0.9165 -0.0019 0.4000
vn 0.9165 -0.0020 0.4000
vt 0.094564 0.499406
vt 0.094561 0.501269
vt 0.089369 0.501255
vt 0.089373 0.499392
vt 0.084150 0.501255
vt 0.834552 0.351222
vt 0.825701 0.347528
vt 0.830920 0.347512
vt 0.084153 0.499392
vt 0.078860 0.501260
vt 0.821951 0.351260
vt 0.078862 0.499397
vt 0.101817 0.501438
vt 0.101814 0.499575
vt 0.107077 0.499560
vt 0.821869 0.356522
vt 0.107080 0.501423
vt 0.112268 0.499546
vt 0.825500 0.360232
vt 0.112271 0.501409
vt 0.117489 0.499547
vt 0.830720 0.360216
vt 0.117490 0.501410
vt 0.122779 0.499555
vt 0.834469 0.356484
vt 0.122780 0.501418
vt 0.099826 0.499421
vt 0.099824 0.501284
s 1
usemtl body
f 2318/3602/3462 2320/3603/3462 2317/3604/3462
f 2317/3604/3462 2319/3605/3462 2318/3602/3462
f 2319/3605/3463 2317/3604/3463 2321/3606/3463
f 2320/3607/3464 2321/3608/3464 2317/3609/3464
f 2321/3606/3465 2322/3610/3466 2319/3605/3467
f 2322/3610/3466 2321/3606/3465 2323/3611/3468
f 2320/3607/3464 2323/3612/3464 2321/3608/3464
f 2323/3611/3468 2324/3613/3468 2322/3610/3466
f 2324/3614/3469 2323/3615/3469 2325/3616/3469
f 2320/3607/3464 2325/3617/3464 2323/3612/3464
f 2325/3616/3469 2326/3618/3469 2324/3614/3469
f 2326/3618/3470 2325/3616/3470 2327/3619/3470
f 2320/3607/3464 2327/3620/3464 2325/3617/3464
f 2327/3619/3470 2328/3621/3470 2326/3618/3470
f 2328/3621/3471 2327/3619/3471 2329/3622/3471
f 2320/3607/3464 2329/3623/3464 2327/3620/3464
f 2329/3622/3472 2330/3624/3473 2328/3621/3471
f 2330/3624/3473 2329/3622/3472 2331/3625/3474
f 2320/3607/3464 2331/3626/3475 2329/3623/3464
f 2331/3625/3474 2332/3627/3474 2330/3624/3473
f 2332/3628/3476 2331/3629/3476 2320/3603/3476
f 2320/3603/3477 2318/3602/3477 2332/3628/3477
o gaz2975_nomg_turret.031
v -17.031891 46.052372 -16.731188
v -17.472767 45.497242 -16.881144
v -17.031324 45.497021 -16.881126
v -17.473337 46.052586 -16.731224
v -17.025183 46.201054 -16.180477
v -17.017916 45.794392 -15.779728
v -17.466635 46.201283 -16.180519
v -17.459373 45.794613 -15.779771
v -17.017370 45.239056 -15.929673
v -17.458813 45.239269 -15.929702
v -17.024075 45.090366 -16.480358
v -17.465527 45.090595 -16.480391
vn 0.0002 0.2606 -0.9654
vn 0.0002 0.2607 -0.9654
vn 0.9999 0.0046 -0.0134
vn 0.0005 0.9654 -0.2607
vn 0.0003 0.7019 0.7123
vn -0.0002 -0.2607 0.9654
vn -0.0002 -0.2606 0.9654
vn -0.0005 -0.9654 0.2607
vn -0.0003 -0.7019 -0.7122
vn -0.0004 -0.7019 -0.7123
vt 0.557671 0.712325
vt 0.557671 0.707958
vt 0.560695 0.707958
vt 0.560695 0.712325
vt 0.910807 0.515198
vt 0.910807 0.510830
vt 0.914838 0.508647
vt 0.560695 0.703591
vt 0.918534 0.510830
vt 0.560695 0.716693
vt 0.557671 0.716693
vt 0.557671 0.703591
vt 0.918534 0.515198
vt 0.914838 0.517381
s 1
usemtl body
f 2334/3630/3478 2336/3631/3478 2333/3632/3478
f 2333/3632/3478 2335/3633/3479 2334/3630/3478
f 2335/3634/3480 2333/3635/3480 2337/3636/3480
f 2337/3637/3481 2333/3632/3481 2336/3631/3481
f 2337/3636/3480 2338/3638/3480 2335/3634/3480
f 2338/3633/3482 2337/3639/3482 2339/3640/3482
f 2336/3631/3481 2339/3641/3481 2337/3637/3481
f 2339/3640/3482 2340/3630/3482 2338/3633/3482
f 2340/3630/3483 2342/3631/3484 2341/3632/3483
f 2341/3632/3483 2338/3633/3483 2340/3630/3483
f 2342/3631/3485 2344/3641/3485 2343/3637/3485
f 2343/3637/3485 2341/3632/3485 2342/3631/3485
f 2344/3640/3486 2334/3630/3487 2335/3633/3486
f 2335/3633/3486 2343/3639/3486 2344/3640/3486
f 2341/3642/3480 2343/3643/3480 2335/3634/3480
f 2335/3634/3480 2338/3638/3480 2341/3642/3480
o gaz2975_nomg_turret.032
v -17.552231 46.691586 -12.832484
v -20.756428 46.691586 -23.758953
v -20.756603 46.691586 -12.832538
v -17.552055 46.691586 -23.758902
v -17.552055 47.202724 -23.758902
v -17.552231 47.202724 -12.832484
v -20.756428 47.202724 -23.758951
v -20.756603 47.202724 -12.832538
vn -0.0000 -1.0000 -0.0000
vn -0.0000 -0.0000 1.0000
vn 1.0000 -0.0000 -0.0000
vn -0.0000 1.0000 -0.0000
vn -1.0000 -0.0000 -0.0000
vn -0.0000 -0.0000 -1.0000
vt 0.714886 0.526818
vt 0.714886 0.517196
vt 0.747695 0.517196
vt 0.747695 0.526818
vt 0.749229 0.517196
vt 0.714886 0.515661
vt 0.747695 0.515661
vt 0.782038 0.526818
vt 0.749229 0.526818
vt 0.782038 0.517196
vt 0.747695 0.528353
vt 0.714886 0.528353
vt 0.713351 0.526818
vt 0.713351 0.517196
s 1
usemtl body
f 2346/3644/3488 2348/3645/3488 2345/3646/3488
f 2345/3646/3488 2347/3647/3488 2346/3644/3488
f 2347/3647/3489 2345/3646/3489 2350/3648/3489
f 2345/3646/3490 2348/3645/3490 2349/3649/3490
f 2349/3649/3490 2350/3650/3490 2345/3646/3490
f 2351/3651/3491 2352/3652/3491 2350/3648/3491
f 2350/3648/3491 2349/3653/3491 2351/3651/3491
f 2350/3648/3489 2352/3652/3489 2347/3647/3489
f 2352/3654/3492 2351/3655/3492 2346/3644/3492
f 2346/3644/3492 2347/3647/3492 2352/3654/3492
f 2351/3656/3493 2349/3657/3493 2348/3645/3493
f 2348/3645/3493 2346/3644/3493 2351/3656/3493
o gaz2975_nomg_turret.033
v -4.559515 39.902973 -42.387642
v 6.459341 39.038113 -42.387482
v -4.559515 39.038113 -42.387642
v 6.459341 39.902973 -42.387482
v 6.525595 39.902973 -43.285637
v -4.620442 39.902973 -43.285801
v -4.620442 39.038113 -43.285801
v 6.525595 39.038113 -43.285637
vn -0.0000 -0.0000 1.0000
vn -0.0000 0.7206 0.6934
vn -0.0000 0.7219 0.6920
vn -0.9977 -0.0000 0.0677
vn -0.0000 0.7184 -0.6957
vn -0.0000 0.7203 -0.6936
vn -0.0000 -0.8999 -0.4360
vn -0.0000 -0.4611 -0.8874
vn -0.0000 -1.0000 -0.0000
vn 0.9973 -0.0000 0.0736
vt 0.001277 0.386786
vt 0.001277 0.384543
vt 0.029854 0.384543
vt 0.029855 0.386786
vt 0.023332 0.396742
vt 0.025667 0.396742
vt 0.025667 0.398986
vt 0.001104 0.382214
vt 0.030012 0.382214
vt 0.023332 0.398986
vt 0.001104 0.379971
vt 0.030012 0.379971
vt 0.029854 0.377642
vt 0.019909 0.400059
vt 0.022245 0.400059
vt 0.022245 0.402302
vt 0.001276 0.377642
vt 0.019909 0.402302
s 1
usemtl body
f 2354/3658/3494 2356/3659/3495 2353/3660/3496
f 2353/3660/3496 2355/3661/3494 2354/3658/3494
f 2359/3662/3497 2355/3663/3497 2353/3664/3497
f 2353/3660/3496 2356/3659/3495 2357/3665/3498
f 2357/3665/3498 2358/3666/3499 2353/3660/3496
f 2353/3664/3497 2358/3667/3497 2359/3662/3497
f 2357/3665/3498 2360/3668/3500 2359/3669/3501
f 2359/3669/3501 2358/3666/3499 2357/3665/3498
f 2355/3670/3502 2359/3669/3501 2360/3668/3500
f 2354/3671/3503 2360/3672/3503 2357/3673/3503
f 2360/3668/3500 2354/3674/3502 2355/3670/3502
f 2357/3673/3503 2356/3675/3503 2354/3671/3503
o gaz2975_nomg_turret.034
v 0.395240 39.333920 -0.983225
v 0.203068 39.576008 -1.316080
v 0.203068 39.333920 -1.316080
v 0.395240 39.576008 -0.983225
v 0.203058 39.333920 -0.650364
v 0.203058 39.576008 -0.650364
v -0.181292 39.333920 -0.650372
v -0.181292 39.576008 -0.650372
v -0.373462 39.333920 -0.983236
v -0.373462 39.576008 -0.983236
v -0.181282 39.333920 -1.316088
v -0.181282 39.576008 -1.316088
vn 0.8660 -0.0000 -0.5000
vn 0.9820 -0.0000 0.1887
vn 0.9820 -0.0000 -0.1887
vn 0.6545 -0.0000 0.7561
vn 0.3275 -0.0000 0.9448
vn -0.3276 -0.0000 0.9448
vn -0.6545 -0.0000 0.7561
vn -0.9820 -0.0000 0.1887
vn -0.9820 -0.0000 -0.1888
vn -0.6544 -0.0000 -0.7561
vn -0.3275 -0.0000 -0.9448
vn -0.0000 -0.0000 -1.0000
vn -0.0000 1.0000 -0.0000
vt 0.838055 0.534985
vt 0.838055 0.532104
vt 0.839869 0.532104
vt 0.839869 0.534985
vt 0.839869 0.529225
vt 0.838055 0.529225
vt 0.839869 0.526345
vt 0.838055 0.526345
vt 0.839869 0.523465
vt 0.838055 0.523465
vt 0.839869 0.520585
vt 0.838055 0.520585
vt 0.839869 0.517705
vt 0.826435 0.518244
vt 0.826435 0.521124
vt 0.823940 0.516804
vt 0.838055 0.517705
vt 0.821446 0.521124
vt 0.821446 0.518244
vt 0.823940 0.522564
s 1
usemtl body
f 2362/3676/3504 2364/3677/3505 2361/3678/3506
f 2361/3678/3506 2363/3679/3504 2362/3676/3504
f 2365/3680/3507 2361/3678/3506 2364/3677/3505
f 2364/3677/3505 2366/3681/3508 2365/3680/3507
f 2367/3682/3509 2365/3680/3507 2366/3681/3508
f 2366/3681/3508 2368/3683/3510 2367/3682/3509
f 2369/3684/3511 2367/3682/3509 2368/3683/3510
f 2368/3683/3510 2370/3685/3512 2369/3684/3511
f 2371/3686/3513 2369/3684/3511 2370/3685/3512
f 2370/3685/3512 2372/3687/3514 2371/3686/3513
f 2363/3688/3515 2371/3686/3513 2372/3687/3514
f 2370/3689/3516 2368/3690/3516 2372/3691/3516
f 2372/3687/3514 2362/3692/3515 2363/3688/3515
f 2364/3693/3516 2362/3694/3516 2372/3691/3516
f 2368/3690/3516 2364/3693/3516 2372/3691/3516
f 2368/3690/3516 2366/3695/3516 2364/3693/3516
o gaz2975_nomg_turret.035
v 11.677611 39.333920 -45.955769
v 11.677605 39.576008 -45.571415
v 11.677605 39.333920 -45.571415
v 11.677611 39.576008 -45.955769
v 12.010473 39.333920 -46.147938
v 12.010473 39.576008 -46.147938
v 12.343328 39.333920 -45.955750
v 12.343328 39.576008 -45.955750
v 12.343321 39.333920 -45.571404
v 12.343321 39.576008 -45.571404
v 12.010463 39.333920 -45.379234
v 12.010463 39.576008 -45.379234
vn -1.0000 -0.0000 -0.0000
vn -0.7561 -0.0000 -0.6545
vn -0.9448 -0.0000 -0.3276
vn -0.1888 -0.0000 -0.9820
vn 0.1888 -0.0000 -0.9820
vn 0.7561 -0.0000 -0.6544
vn 0.9448 -0.0000 -0.3275
vn 0.9448 -0.0000 0.3276
vn 0.7561 -0.0000 0.6545
vn 0.1888 -0.0000 0.9820
vn -0.1888 -0.0000 0.9820
vn -0.5000 -0.0000 0.8660
vn -0.0000 1.0000 -0.0000
vt 0.838055 0.534985
vt 0.838055 0.532104
vt 0.839869 0.532104
vt 0.839869 0.534985
vt 0.839869 0.529225
vt 0.838055 0.529225
vt 0.839869 0.526345
vt 0.838055 0.526345
vt 0.839869 0.523465
vt 0.838055 0.523465
vt 0.839869 0.520585
vt 0.838055 0.520585
vt 0.839869 0.517705
vt 0.826435 0.518244
vt 0.826435 0.521124
vt 0.823940 0.516804
vt 0.838055 0.517705
vt 0.821446 0.521124
vt 0.821446 0.518244
vt 0.823940 0.522564
s 1
usemtl body
f 2374/3696/3517 2376/3697/3518 2373/3698/3519
f 2373/3698/3519 2375/3699/3517 2374/3696/3517
f 2377/3700/3520 2373/3698/3519 2376/3697/3518
f 2376/3697/3518 2378/3701/3521 2377/3700/3520
f 2379/3702/3522 2377/3700/3520 2378/3701/3521
f 2378/3701/3521 2380/3703/3523 2379/3702/3522
f 2381/3704/3524 2379/3702/3522 2380/3703/3523
f 2380/3703/3523 2382/3705/3525 2381/3704/3524
f 2383/3706/3526 2381/3704/3524 2382/3705/3525
f 2382/3705/3525 2384/3707/3527 2383/3706/3526
f 2375/3708/3528 2383/3706/3526 2384/3707/3527
f 2382/3709/3529 2380/3710/3529 2384/3711/3529
f 2384/3707/3527 2374/3712/3528 2375/3708/3528
f 2376/3713/3529 2374/3714/3529 2384/3711/3529
f 2380/3710/3529 2376/3713/3529 2384/3711/3529
f 2380/3710/3529 2378/3715/3529 2376/3713/3529
o gaz2975_nomg_turret.036
v 6.533221 45.176785 -5.193785
v 6.205543 47.632648 -4.430822
v 6.536448 47.635021 -5.189108
v 6.202318 45.174419 -4.435490
v 6.231135 45.178928 -5.951986
v 6.234353 47.637150 -5.947313
v 5.473035 45.179592 -6.265991
v 5.476261 47.637829 -6.261311
v 4.702919 45.178394 -5.951790
v 4.706169 47.636623 -5.947138
v 4.372038 45.176037 -5.193525
v 4.375226 47.634251 -5.188856
v 4.674098 45.173885 -4.435316
v 4.677325 47.632107 -4.430622
v 5.432238 45.173222 -4.121325
v 5.435426 47.631443 -4.116636
v 5.456083 47.813251 -5.188637
vn 0.9165 -0.0020 0.3999
vn 0.9165 -0.0020 0.4000
vn 0.9290 -0.0005 -0.3701
vn 0.8021 0.0001 -0.5972
vn 0.6064 0.0008 -0.7952
vn 0.1358 0.0017 -0.9907
vn 0.0001 0.0018 -1.0000
vn -0.3778 0.0023 -0.9259
vn -0.3777 0.0023 -0.9259
vn -0.9165 0.0020 -0.3999
vn -0.9165 0.0019 -0.4000
vn -0.9290 0.0005 0.3701
vn -0.8021 -0.0001 0.5972
vn -0.6064 -0.0007 0.7951
vn -0.1358 -0.0017 0.9907
vn -0.0001 -0.0016 1.0000
vn 0.3777 -0.0023 0.9259
vn -0.0677 0.9839 0.1656
vn -0.0001 0.9859 0.1672
vn -0.0011 0.9859 0.1672
vn 0.0670 0.9835 0.1681
vn 0.0006 0.9869 -0.1614
vn -0.0677 0.9844 -0.1623
vn -0.0011 0.9869 -0.1614
vn -0.1630 0.9843 -0.0681
vn -0.1630 0.9843 0.0677
vn 0.1624 0.9840 0.0739
vn 0.1624 0.9848 -0.0620
vn 0.0671 0.9849 -0.1598
vt 0.031210 0.424827
vt 0.031219 0.417434
vt 0.033709 0.417441
vt 0.033696 0.424834
vt 0.036166 0.417447
vt 0.036149 0.424840
vt 0.038633 0.417450
vt 0.038617 0.424843
vt 0.041135 0.417451
vt 0.041118 0.424844
vt 0.939469 0.272174
vt 0.939460 0.264781
vt 0.941946 0.264774
vt 0.941959 0.272167
vt 0.944399 0.264768
vt 0.944416 0.272161
vt 0.946867 0.264765
vt 0.946883 0.272158
vt 0.949369 0.264765
vt 0.949385 0.272158
vt 0.985425 0.135142
vt 0.984495 0.132834
vt 0.987747 0.132803
vt 0.985469 0.130509
vt 0.990998 0.132773
vt 0.990024 0.135098
vt 0.987716 0.136079
vt 0.987777 0.129529
vt 0.990067 0.130466
s 1
usemtl body
f 2386/3716/3530 2388/3717/3530 2385/3718/3530
f 2385/3718/3531 2387/3719/3531 2386/3716/3531
f 2387/3719/3532 2385/3718/3532 2389/3720/3533
f 2389/3720/3533 2390/3721/3534 2387/3719/3532
f 2390/3721/3534 2389/3720/3533 2391/3722/3535
f 2391/3722/3535 2392/3723/3536 2390/3721/3534
f 2392/3723/3536 2391/3722/3535 2393/3724/3537
f 2393/3724/3538 2394/3725/3538 2392/3723/3538
f 2394/3726/3539 2393/3727/3539 2395/3728/3539
f 2395/3728/3540 2396/3729/3540 2394/3726/3540
f 2396/3729/3541 2395/3728/3541 2397/3730/3542
f 2397/3730/3542 2398/3731/3543 2396/3729/3541
f 2398/3731/3543 2397/3730/3542 2399/3732/3544
f 2399/3732/3544 2400/3733/3545 2398/3731/3543
f 2400/3733/3545 2399/3732/3544 2388/3734/3546
f 2388/3734/3546 2386/3735/3546 2400/3733/3546
f 2398/3736/3547 2400/3737/3548 2401/3738/3549
f 2400/3737/3548 2386/3739/3550 2401/3738/3549
f 2392/3740/3551 2394/3741/3552 2401/3738/3553
f 2394/3741/3554 2396/3742/3554 2401/3738/3554
f 2396/3742/3555 2398/3736/3555 2401/3738/3555
f 2401/3738/3556 2386/3739/3556 2387/3743/3556
f 2387/3743/3557 2390/3744/3557 2401/3738/3557
f 2390/3744/3558 2392/3740/3551 2401/3738/3553
o gaz2975_nomg_turret.037
v 7.266030 40.150616 -5.203440
v 6.713557 43.846554 -3.919283
v 7.270882 43.850529 -5.196405
v 6.708695 40.146648 -3.926310
v 6.757269 40.154232 -6.480471
v 6.762122 43.854130 -6.473427
v 5.480380 40.155354 -7.009304
v 5.485233 43.855259 -7.002243
v 4.183403 40.153339 -6.480167
v 4.188270 43.853245 -6.473133
v 3.626032 40.149349 -5.203016
v 3.630910 43.849270 -5.195978
v 4.134842 40.145748 -3.926003
v 4.139682 43.845661 -3.918976
v 5.411707 40.144634 -3.397186
v 5.416558 43.844540 -3.390144
vn 0.9165 -0.0020 0.4000
vn 0.9290 -0.0005 -0.3701
vn 0.7109 0.0005 -0.7033
vn 0.6064 0.0007 -0.7952
vn 0.1358 0.0017 -0.9907
vn 0.0001 0.0019 -1.0000
vn -0.3778 0.0023 -0.9259
vn -0.3777 0.0023 -0.9259
vn -0.9165 0.0020 -0.4000
vn -0.9290 0.0005 0.3701
vn -0.7109 -0.0003 0.7033
vn -0.6064 -0.0008 0.7952
vn -0.1358 -0.0017 0.9907
vn -0.0001 -0.0020 1.0000
vn 0.3777 -0.0023 0.9259
vt 0.444186 0.339356
vt 0.444200 0.328229
vt 0.448393 0.328241
vt 0.448374 0.339369
vt 0.452530 0.328252
vt 0.452505 0.339379
vt 0.456686 0.328257
vt 0.456661 0.339384
vt 0.460899 0.328258
vt 0.460874 0.339386
vt 0.499538 0.385687
vt 0.499524 0.374560
vt 0.503712 0.374548
vt 0.503731 0.385675
vt 0.507844 0.374537
vt 0.507868 0.385664
vt 0.512000 0.374532
vt 0.512025 0.385660
vt 0.516213 0.374531
vt 0.516238 0.385659
s 1
usemtl body
f 2403/3745/3559 2405/3746/3559 2402/3747/3559
f 2402/3747/3559 2404/3748/3559 2403/3745/3559
f 2404/3748/3560 2402/3747/3560 2406/3749/3560
f 2406/3749/3561 2407/3750/3562 2404/3748/3560
f 2407/3750/3562 2406/3749/3561 2408/3751/3563
f 2408/3751/3563 2409/3752/3564 2407/3750/3562
f 2409/3752/3564 2408/3751/3563 2410/3753/3565
f 2410/3753/3566 2411/3754/3566 2409/3752/3566
f 2411/3755/3567 2410/3756/3567 2412/3757/3567
f 2412/3757/3567 2413/3758/3567 2411/3755/3567
f 2413/3758/3568 2412/3757/3568 2414/3759/3568
f 2414/3759/3569 2415/3760/3570 2413/3758/3568
f 2415/3760/3570 2414/3759/3569 2416/3761/3571
f 2416/3761/3571 2417/3762/3572 2415/3760/3570
f 2417/3762/3572 2416/3761/3571 2405/3763/3573
f 2405/3763/3573 2403/3764/3573 2417/3762/3573
o gaz2975_nomg_turret.038
v 7.792402 40.157848 -6.149305
v 7.004487 39.758938 -7.196480
v 7.791874 39.756107 -6.150063
v 7.950559 39.752308 -4.850143
v 7.951089 40.154057 -4.849390
v 7.005018 40.160671 -7.195723
v 7.438550 40.150311 -3.644289
v 6.392126 40.147610 -2.856907
v 4.499992 40.160854 -7.549574
v 5.799911 40.161777 -7.708256
v 5.799376 39.760036 -7.709015
v 4.499456 39.759121 -7.550327
v 3.453033 39.756420 -6.762949
v 3.453568 40.158154 -6.762196
v 2.940497 39.752666 -5.557842
v 3.099716 40.150616 -4.257174
v 3.099184 39.748867 -4.257923
v 2.941032 40.154408 -5.557098
v 3.886572 39.746037 -3.211504
v 3.887101 40.147793 -3.210760
v 5.091682 39.744946 -2.698971
v 6.391603 39.745861 -2.857656
v 5.092208 40.146687 -2.698221
v 7.438024 39.748554 -3.645042
vn 0.7991 0.0001 -0.6013
vn 0.9570 -0.0008 -0.2900
vn 0.9275 -0.0005 -0.3739
vn 0.7991 0.0001 -0.6012
vn 0.9901 -0.0016 0.1401
vn 0.9902 -0.0016 0.1396
vn -0.0004 1.0000 0.0030
vn -0.0003 1.0000 0.0030
vn -0.2900 0.0023 -0.9570
vn 0.1401 0.0017 -0.9901
vn 0.1396 0.0017 -0.9902
vn 0.3914 0.0012 -0.9202
vn -0.3743 0.0022 -0.9273
vn -0.6012 0.0023 -0.7991
vn -0.6013 0.0023 -0.7990
vn -0.9202 0.0020 -0.3914
vn -0.9902 0.0016 -0.1396
vn -0.9570 0.0008 0.2900
vn -0.9901 0.0016 -0.1401
vn -0.9274 0.0005 0.3740
vn -0.7991 -0.0001 0.6012
vn -0.7990 -0.0001 0.6013
vn -0.3914 -0.0012 0.9202
vn -0.1401 -0.0017 0.9901
vn 0.2900 -0.0023 0.9570
vn -0.1396 -0.0017 0.9902
vn 0.3748 -0.0022 0.9271
vn 0.6013 -0.0023 0.7990
vn 0.9202 -0.0019 0.3914
vt 0.013244 0.391788
vt 0.013245 0.390567
vt 0.017220 0.390575
vt 0.017217 0.391795
vt 0.021193 0.391806
vt 0.021195 0.390586
vt 0.820520 0.344526
vt 0.821727 0.348317
vt 0.820876 0.352204
vt 0.818196 0.355144
vt 0.814404 0.356350
vt 0.817580 0.341846
vt 0.810518 0.355499
vt 0.005294 0.390580
vt 0.009270 0.390573
vt 0.009270 0.391793
vt 0.005294 0.391800
vt 0.001316 0.391806
vt 0.001317 0.390586
vt 0.001844 0.389260
vt 0.001842 0.388040
vt 0.005820 0.388029
vt 0.009798 0.389238
vt 0.005821 0.389249
vt 0.009795 0.388018
vt 0.807578 0.352819
vt 0.806371 0.349028
vt 0.807223 0.345141
vt 0.013770 0.388010
vt 0.013771 0.389230
vt 0.017745 0.388016
vt 0.021721 0.389243
vt 0.017745 0.389236
vt 0.021721 0.388023
vt 0.809902 0.342201
vt 0.813694 0.340995
vt 0.025698 0.388029
vt 0.025698 0.389250
vt 0.025173 0.390597
vt 0.025171 0.391818
s 1
usemtl body
f 2419/3765/3574 2423/3766/3574 2418/3767/3574
f 2418/3767/3575 2420/3768/3576 2419/3765/3577
f 2421/3769/3578 2420/3768/3576 2418/3767/3575
f 2418/3767/3575 2422/3770/3579 2421/3769/3578
f 2424/3771/3580 2422/3772/3580 2418/3773/3581
f 2418/3773/3581 2423/3774/3581 2427/3775/3581
f 2425/3776/3581 2424/3771/3580 2418/3773/3581
f 2425/3776/3581 2418/3773/3581 2426/3777/3580
f 2418/3773/3581 2427/3775/3581 2426/3777/3580
f 2426/3778/3582 2427/3779/3583 2428/3780/3584
f 2428/3780/3584 2427/3779/3583 2423/3766/3585
f 2428/3780/3584 2429/3781/3586 2426/3778/3582
f 2423/3766/3585 2419/3765/3585 2428/3780/3584
f 2426/3778/3582 2429/3781/3586 2430/3782/3587
f 2430/3782/3588 2431/3783/3588 2426/3778/3588
f 2431/3784/3589 2430/3785/3589 2432/3786/3590
f 2433/3787/3591 2435/3788/3592 2432/3786/3590
f 2432/3786/3590 2434/3789/3593 2433/3787/3591
f 2432/3786/3590 2435/3788/3592 2431/3784/3589
f 2431/3790/3580 2435/3791/3580 2433/3792/3581
f 2433/3787/3591 2434/3789/3593 2436/3793/3594
f 2436/3793/3595 2437/3794/3595 2433/3787/3595
f 2437/3794/3596 2436/3793/3596 2438/3795/3597
f 2425/3796/3598 2440/3797/3599 2438/3795/3597
f 2438/3795/3597 2439/3798/3600 2425/3796/3598
f 2438/3795/3597 2440/3797/3599 2437/3794/3596
f 2425/3776/3581 2437/3799/3581 2440/3800/3581
f 2425/3796/3598 2439/3798/3600 2441/3801/3601
f 2441/3801/3601 2424/3802/3601 2425/3796/3601
f 2424/3803/3602 2441/3804/3602 2421/3769/3578
f 2425/3776/3581 2433/3792/3581 2437/3799/3581
f 2425/3776/3581 2426/3777/3580 2433/3792/3581
f 2426/3777/3580 2431/3790/3580 2433/3792/3581
f 2421/3769/3578 2422/3770/3579 2424/3803/3602
o gaz2975_nomg_turret.039
v -19.821653 38.564602 -15.411812
v -20.305771 40.668339 -14.908718
v -20.305769 38.564602 -14.908718
v -19.821655 40.668339 -15.411812
v -19.143898 38.564602 -15.579504
v -19.143900 40.668339 -15.579504
v -18.466143 38.564602 -15.411792
v -18.466145 40.668339 -15.411792
v -17.982046 38.564602 -14.908684
v -17.982048 40.668339 -14.908684
v -17.788412 38.564602 -14.237878
v -17.788414 40.668339 -14.237878
v -17.982069 38.564602 -13.567080
v -17.982071 40.668339 -13.567080
v -18.466177 38.564602 -13.063984
v -18.466179 40.668339 -13.063984
v -19.143940 38.564602 -12.896296
v -19.143942 40.668339 -12.896296
v -19.821688 38.564602 -13.064006
v -19.821690 40.668339 -13.064006
v -20.305790 38.564602 -13.567115
v -20.305792 40.668339 -13.567115
v -20.499428 38.564602 -14.237919
v -20.499428 40.668339 -14.237919
vn -0.8220 -0.0000 -0.5695
vn -0.4148 -0.0000 -0.9099
vn -0.5807 -0.0000 -0.8142
vn -0.9042 -0.0000 -0.4271
vn -0.0822 -0.0000 -0.9966
vn 0.0822 -0.0000 -0.9966
vn 0.2402 -0.0000 -0.9707
vn 0.8220 -0.0000 -0.5695
vn 0.7206 -0.0000 -0.6934
vn 0.9042 -0.0000 -0.4271
vn 0.9954 -0.0000 -0.0958
vn 0.9954 -0.0000 0.0958
vn 0.9042 -0.0000 0.4271
vn 0.8220 -0.0000 0.5695
vn 0.5807 -0.0000 0.8142
vn 0.4147 -0.0000 0.9099
vn 0.0822 -0.0000 0.9966
vn -0.0822 -0.0000 0.9966
vn -0.4148 -0.0000 0.9099
vn -0.5807 -0.0000 0.8141
vn -0.8220 -0.0000 0.5695
vn -0.9042 -0.0000 0.4271
vn -0.9954 -0.0000 0.0957
vn -0.9954 -0.0000 -0.0958
vn -0.0000 1.0000 -0.0000
vt 0.486544 0.371257
vt 0.483840 0.371257
vt 0.483840 0.363109
vt 0.486544 0.363109
vt 0.481135 0.363109
vt 0.481135 0.371257
vt 0.478431 0.363109
vt 0.478431 0.371257
vt 0.508179 0.363109
vt 0.510883 0.363109
vt 0.510883 0.371257
vt 0.508179 0.371257
vt 0.505474 0.363109
vt 0.505474 0.371257
vt 0.502770 0.363109
vt 0.502770 0.371257
vt 0.500066 0.363109
vt 0.500066 0.371257
vt 0.497361 0.363109
vt 0.497361 0.371257
vt 0.494657 0.363109
vt 0.494657 0.371257
vt 0.491953 0.363109
vt 0.491953 0.371257
vt 0.489248 0.363109
vt 0.489248 0.371257
vt 0.850933 0.632139
vt 0.852285 0.629797
vt 0.854574 0.628356
vt 0.852389 0.637183
vt 0.851037 0.634841
vt 0.857278 0.628356
vt 0.859670 0.629617
vt 0.861126 0.634661
vt 0.861023 0.631959
vt 0.859774 0.637003
vt 0.857486 0.638444
vt 0.854782 0.638444
s 1
usemtl body
f 2443/3805/3603 2445/3806/3604 2442/3807/3605
f 2442/3807/3605 2444/3808/3606 2443/3805/3603
f 2446/3809/3607 2442/3807/3605 2445/3806/3604
f 2445/3806/3604 2447/3810/3608 2446/3809/3607
f 2448/3811/3609 2446/3809/3607 2447/3810/3608
f 2447/3810/3608 2449/3812/3609 2448/3811/3609
f 2450/3813/3610 2448/3814/3611 2449/3815/3611
f 2449/3815/3611 2451/3816/3612 2450/3813/3610
f 2452/3817/3613 2450/3813/3610 2451/3816/3612
f 2451/3816/3612 2453/3818/3614 2452/3817/3613
f 2454/3819/3615 2452/3817/3613 2453/3818/3614
f 2453/3818/3614 2455/3820/3616 2454/3819/3615
f 2456/3821/3617 2454/3819/3615 2455/3820/3616
f 2455/3820/3616 2457/3822/3618 2456/3821/3617
f 2458/3823/3619 2456/3821/3617 2457/3822/3618
f 2457/3822/3618 2459/3824/3620 2458/3823/3619
f 2460/3825/3621 2458/3823/3619 2459/3824/3620
f 2459/3824/3620 2461/3826/3622 2460/3825/3621
f 2462/3827/3623 2460/3825/3621 2461/3826/3622
f 2461/3826/3622 2463/3828/3624 2462/3827/3623
f 2464/3829/3625 2462/3827/3623 2463/3828/3624
f 2463/3828/3624 2465/3830/3626 2464/3829/3625
f 2444/3808/3606 2464/3829/3625 2465/3830/3626
f 2465/3831/3627 2463/3832/3627 2461/3833/3627
f 2465/3830/3626 2443/3805/3603 2444/3808/3606
f 2445/3834/3627 2443/3835/3627 2465/3831/3627
f 2445/3834/3627 2465/3831/3627 2461/3833/3627
f 2459/3836/3627 2457/3837/3627 2461/3833/3627
f 2453/3838/3627 2445/3834/3627 2461/3833/3627
f 2457/3837/3627 2453/3838/3627 2461/3833/3627
f 2457/3837/3627 2455/3839/3627 2453/3838/3627
f 2453/3838/3627 2451/3840/3627 2449/3841/3627
f 2453/3838/3627 2449/3841/3627 2445/3834/3627
f 2449/3841/3627 2447/3842/3627 2445/3834/3627
o gaz2975_nomg_turret.040
v -22.923115 39.803951 -20.571367
v -22.794062 39.341518 -21.551506
v -22.794062 39.803959 -21.551506
v -22.923115 39.341511 -20.571367
v -22.321308 39.803959 -19.787048
v -21.341162 39.803959 -19.657993
v -20.427792 39.803959 -21.239944
v -22.009745 39.803959 -22.153318
v -21.029606 39.341518 -22.024263
v -22.009745 39.341518 -22.153318
v -21.029606 39.803959 -22.024263
v -20.427792 39.341518 -21.239944
v -20.556845 39.341518 -20.259804
v -21.341162 39.341518 -19.657993
v -20.556845 39.803959 -20.259804
v -22.321308 39.341518 -19.787048
vn -0.9914 -0.0000 -0.1305
vn -0.0000 1.0000 -0.0000
vn -0.7934 -0.0000 0.6088
vn -0.7934 -0.0000 0.6087
vn 0.1305 -0.0000 -0.9914
vn -0.6087 -0.0000 -0.7934
vn -0.6088 -0.0000 -0.7934
vn 0.7934 -0.0000 -0.6088
vn 0.7934 -0.0000 -0.6087
vn 0.7933 -0.0000 -0.6088
vn 0.9914 -0.0000 0.1305
vn 0.6088 -0.0000 0.7934
vn 0.6087 -0.0000 0.7934
vn -0.1305 -0.0000 0.9914
vt 0.918291 0.607533
vt 0.923611 0.607499
vt 0.922975 0.609063
vt 0.918947 0.609088
vt 0.916116 0.611955
vt 0.925841 0.611894
vt 0.925867 0.615922
vt 0.919007 0.618814
vt 0.916141 0.615983
vt 0.914586 0.616639
vt 0.914552 0.611318
vt 0.918371 0.620377
vt 0.923691 0.620344
vt 0.927430 0.616558
vt 0.923036 0.618788
vt 0.927397 0.611238
s 1
usemtl body
f 2467/3843/3628 2469/3844/3628 2466/3845/3628
f 2466/3845/3628 2468/3846/3628 2467/3843/3628
f 2473/3847/3629 2468/3846/3629 2466/3845/3629
f 2470/3848/3630 2466/3845/3631 2469/3844/3630
f 2470/3848/3629 2471/3849/3629 2466/3845/3629
f 2471/3849/3629 2472/3850/3629 2466/3845/3629
f 2472/3850/3629 2473/3847/3629 2466/3845/3629
f 2473/3847/3632 2476/3851/3632 2474/3852/3632
f 2474/3852/3632 2475/3853/3632 2473/3847/3632
f 2468/3846/3633 2473/3847/3634 2475/3853/3634
f 2472/3850/3629 2476/3851/3629 2473/3847/3629
f 2476/3851/3635 2472/3850/3636 2477/3854/3636
f 2477/3854/3636 2474/3852/3637 2476/3851/3635
f 2478/3855/3638 2477/3854/3638 2472/3850/3638
f 2479/3856/3639 2478/3855/3640 2480/3857/3640
f 2472/3850/3638 2480/3857/3638 2478/3855/3638
f 2480/3857/3640 2471/3849/3639 2479/3856/3639
f 2471/3849/3629 2480/3857/3629 2472/3850/3629
f 2481/3858/3641 2479/3856/3641 2471/3849/3641
f 2469/3844/3630 2481/3858/3630 2470/3848/3630
f 2471/3849/3641 2470/3848/3641 2481/3858/3641
f 2475/3853/3634 2467/3843/3633 2468/3846/3633
o gaz2975_nomg_turret.041
v 9.566743 47.309231 1.492905
v 8.716153 48.137264 1.494568
v 9.567827 48.137569 1.494484
v 8.715054 47.308933 1.493011
v 9.579709 46.897160 0.782307
v 9.593750 47.313442 0.073328
v 8.728020 46.896870 0.782429
v 8.742048 47.313137 0.073450
v 9.594802 48.141773 0.074917
v 8.743126 48.141476 0.075014
v 9.581847 48.553829 0.785475
v 8.730145 48.553524 0.785582
vn 0.0001 -0.0019 1.0000
vn 0.9998 -0.0013 0.0190
vn 0.0004 -0.8651 0.5017
vn 0.0003 -0.8651 0.5017
vn 0.0002 -0.8623 -0.5063
vn 0.0002 -0.8624 -0.5063
vn -0.0001 0.0019 -1.0000
vn -0.0004 0.8651 -0.5017
vn -0.0003 0.8624 0.5063
vn -0.0002 0.8624 0.5063
vt 0.019158 0.416938
vt 0.016666 0.416941
vt 0.016667 0.414380
vt 0.019159 0.414377
vt 0.978050 0.153945
vt 0.975559 0.153943
vt 0.974317 0.151807
vt 0.026579 0.396614
vt 0.029049 0.396636
vt 0.029067 0.399197
vt 0.975566 0.149673
vt 0.940634 0.239941
vt 0.943107 0.239966
vt 0.943126 0.242527
vt 0.026596 0.399175
vt 0.940653 0.242503
vt 0.022942 0.416655
vt 0.020451 0.416651
vt 0.020450 0.414090
vt 0.022941 0.414093
vt 0.025703 0.402440
vt 0.023232 0.402462
vt 0.023249 0.399901
vt 0.025720 0.399879
vt 0.048679 0.460453
vt 0.046206 0.460477
vt 0.046225 0.457916
vt 0.048698 0.457891
vt 0.978057 0.149675
vt 0.979299 0.151811
s 1
usemtl body
f 2483/3859/3642 2485/3860/3642 2482/3861/3642
f 2482/3861/3642 2484/3862/3642 2483/3859/3642
f 2484/3863/3643 2482/3864/3643 2486/3865/3643
f 2486/3866/3644 2482/3867/3645 2485/3868/3644
f 2486/3865/3643 2487/3869/3643 2484/3863/3643
f 2487/3870/3646 2486/3871/3646 2488/3872/3646
f 2485/3868/3644 2488/3873/3644 2486/3866/3644
f 2488/3872/3646 2489/3874/3647 2487/3870/3646
f 2489/3875/3648 2491/3876/3648 2490/3877/3648
f 2490/3877/3648 2487/3878/3648 2489/3875/3648
f 2491/3879/3649 2493/3880/3649 2492/3881/3649
f 2492/3881/3649 2490/3882/3649 2491/3879/3649
f 2493/3883/3650 2483/3884/3650 2484/3885/3650
f 2484/3885/3650 2492/3886/3651 2493/3883/3650
f 2490/3887/3643 2492/3888/3643 2484/3863/3643
f 2484/3863/3643 2487/3869/3643 2490/3887/3643
o gaz2975_nomg_turret.042
v 23.290752 39.333927 -19.140865
v 22.919497 39.576015 -19.041393
v 22.919497 39.333927 -19.041393
v 23.290752 39.576015 -19.140865
v 23.562523 39.333927 -18.869083
v 23.562523 39.576015 -18.869083
v 23.463045 39.333927 -18.497833
v 23.463045 39.576015 -18.497833
v 23.091791 39.333927 -18.398361
v 23.091791 39.576015 -18.398361
v 22.820019 39.333920 -18.670139
v 22.820019 39.576008 -18.670139
vn -0.2588 -0.0000 -0.9659
vn 0.4365 -0.0000 -0.8997
vn 0.0719 -0.0000 -0.9974
vn 0.8997 -0.0000 -0.4365
vn 0.9974 -0.0000 -0.0718
vn 0.8278 -0.0000 0.5610
vn 0.5609 -0.0000 0.8279
vn -0.0719 -0.0000 0.9974
vn -0.4365 -0.0000 0.8997
vn -0.8997 -0.0000 0.4365
vn -0.9974 -0.0000 0.0719
vn -0.9659 -0.0000 -0.2588
vn -0.0000 1.0000 -0.0000
vn -0.0001 1.0000 -0.0000
vt 0.838055 0.534985
vt 0.838055 0.532104
vt 0.839869 0.532104
vt 0.839869 0.534985
vt 0.839869 0.529225
vt 0.838055 0.529225
vt 0.839869 0.526345
vt 0.838055 0.526345
vt 0.839869 0.523465
vt 0.838055 0.523465
vt 0.839869 0.520585
vt 0.838055 0.520585
vt 0.839869 0.517705
vt 0.826435 0.518244
vt 0.826435 0.521124
vt 0.823940 0.516804
vt 0.838055 0.517705
vt 0.821446 0.521124
vt 0.821446 0.518244
vt 0.823940 0.522564
s 1
usemtl body
f 2495/3889/3652 2497/3890/3653 2494/3891/3654
f 2494/3891/3654 2496/3892/3652 2495/3889/3652
f 2498/3893/3655 2494/3891/3654 2497/3890/3653
f 2497/3890/3653 2499/3894/3656 2498/3893/3655
f 2500/3895/3657 2498/3893/3655 2499/3894/3656
f 2499/3894/3656 2501/3896/3658 2500/3895/3657
f 2502/3897/3659 2500/3895/3657 2501/3896/3658
f 2501/3896/3658 2503/3898/3660 2502/3897/3659
f 2504/3899/3661 2502/3897/3659 2503/3898/3660
f 2503/3898/3660 2505/3900/3662 2504/3899/3661
f 2496/3901/3663 2504/3899/3661 2505/3900/3662
f 2503/3902/3664 2501/3903/3664 2505/3904/3664
f 2505/3900/3662 2495/3905/3663 2496/3901/3663
f 2497/3906/3664 2495/3907/3665 2505/3904/3664
f 2501/3903/3664 2497/3906/3664 2505/3904/3664
f 2501/3903/3664 2499/3908/3664 2497/3906/3664
o gaz2975_nomg_turret.043
v 20.985979 39.333920 -13.314686
v 20.601627 39.576008 -13.314692
v 20.601627 39.333920 -13.314692
v 20.985979 39.576008 -13.314686
v 21.178144 39.333920 -12.981828
v 21.178144 39.576008 -12.981828
v 20.985968 39.333920 -12.648971
v 20.985968 39.576008 -12.648971
v 20.601616 39.333920 -12.648976
v 20.601616 39.576008 -12.648976
v 20.409443 39.333920 -12.981840
v 20.409443 39.576008 -12.981840
vn -0.0000 -0.0000 -1.0000
vn 0.6545 -0.0000 -0.7561
vn 0.3276 -0.0000 -0.9448
vn 0.9820 -0.0000 -0.1887
vn 0.9820 -0.0000 0.1887
vn 0.6545 -0.0000 0.7561
vn 0.3275 -0.0000 0.9448
vn -0.3276 -0.0000 0.9448
vn -0.6545 -0.0000 0.7561
vn -0.9820 -0.0000 0.1887
vn -0.9820 -0.0000 -0.1888
vn -0.8660 -0.0000 -0.5000
vn -0.0000 1.0000 -0.0000
vt 0.838055 0.534985
vt 0.838055 0.532104
vt 0.839869 0.532104
vt 0.839869 0.534985
vt 0.839869 0.529225
vt 0.838055 0.529225
vt 0.839869 0.526345
vt 0.838055 0.526345
vt 0.839869 0.523465
vt 0.838055 0.523465
vt 0.839869 0.520585
vt 0.838055 0.520585
vt 0.839869 0.517705
vt 0.826435 0.518244
vt 0.826435 0.521124
vt 0.823940 0.516804
vt 0.838055 0.517705
vt 0.821446 0.521124
vt 0.821446 0.518244
vt 0.823940 0.522564
s 1
usemtl body
f 2507/3909/3666 2509/3910/3667 2506/3911/3668
f 2506/3911/3668 2508/3912/3666 2507/3909/3666
f 2510/3913/3669 2506/3911/3668 2509/3910/3667
f 2509/3910/3667 2511/3914/3670 2510/3913/3669
f 2512/3915/3671 2510/3913/3669 2511/3914/3670
f 2511/3914/3670 2513/3916/3672 2512/3915/3671
f 2514/3917/3673 2512/3915/3671 2513/3916/3672
f 2513/3916/3672 2515/3918/3674 2514/3917/3673
f 2516/3919/3675 2514/3917/3673 2515/3918/3674
f 2515/3918/3674 2517/3920/3676 2516/3919/3675
f 2508/3921/3677 2516/3919/3675 2517/3920/3676
f 2515/3922/3678 2513/3923/3678 2517/3924/3678
f 2517/3920/3676 2507/3925/3677 2508/3921/3677
f 2509/3926/3678 2507/3927/3678 2517/3924/3678
f 2513/3923/3678 2509/3926/3678 2517/3924/3678
f 2513/3923/3678 2511/3928/3678 2509/3926/3678
o gaz2975_nomg_turret.044
v 17.251804 39.333920 -8.283556
v 16.880548 39.576008 -8.383038
v 16.880548 39.333920 -8.383038
v 17.251804 39.576008 -8.283556
v 17.351276 39.333920 -7.912298
v 17.351276 39.576008 -7.912298
v 17.079496 39.333920 -7.640522
v 17.079496 39.576008 -7.640522
v 16.708244 39.333920 -7.740007
v 16.708244 39.576008 -7.740007
v 16.608778 39.333920 -8.111263
v 16.608778 39.576008 -8.111263
vn 0.2588 -0.0000 -0.9659
vn 0.8279 -0.0000 -0.5609
vn 0.5610 -0.0000 -0.8278
vn 0.9974 -0.0000 0.0718
vn 0.8997 -0.0000 0.4365
vn 0.4365 -0.0000 0.8997
vn 0.0718 -0.0000 0.9974
vn -0.5610 -0.0000 0.8278
vn -0.8279 -0.0000 0.5609
vn -0.9974 -0.0000 -0.0718
vn -0.8997 -0.0000 -0.4365
vn -0.7071 -0.0000 -0.7071
vn -0.0000 1.0000 -0.0000
vt 0.838055 0.534985
vt 0.838055 0.532104
vt 0.839869 0.532104
vt 0.839869 0.534985
vt 0.839869 0.529225
vt 0.838055 0.529225
vt 0.839869 0.526345
vt 0.838055 0.526345
vt 0.839869 0.523465
vt 0.838055 0.523465
vt 0.839869 0.520585
vt 0.838055 0.520585
vt 0.839869 0.517705
vt 0.826435 0.518244
vt 0.826435 0.521124
vt 0.823940 0.516804
vt 0.838055 0.517705
vt 0.821446 0.521124
vt 0.821446 0.518244
vt 0.823940 0.522564
s 1
usemtl body
f 2519/3929/3679 2521/3930/3680 2518/3931/3681
f 2518/3931/3681 2520/3932/3679 2519/3929/3679
f 2522/3933/3682 2518/3931/3681 2521/3930/3680
f 2521/3930/3680 2523/3934/3683 2522/3933/3682
f 2524/3935/3684 2522/3933/3682 2523/3934/3683
f 2523/3934/3683 2525/3936/3685 2524/3935/3684
f 2526/3937/3686 2524/3935/3684 2525/3936/3685
f 2525/3936/3685 2527/3938/3687 2526/3937/3686
f 2528/3939/3688 2526/3937/3686 2527/3938/3687
f 2527/3938/3687 2529/3940/3689 2528/3939/3688
f 2520/3941/3690 2528/3939/3688 2529/3940/3689
f 2527/3942/3691 2525/3943/3691 2529/3944/3691
f 2529/3940/3689 2519/3945/3690 2520/3941/3690
f 2521/3946/3691 2519/3947/3691 2529/3944/3691
f 2525/3943/3691 2521/3946/3691 2529/3944/3691
f 2525/3943/3691 2523/3948/3691 2521/3946/3691
o gaz2975_nomg_turret.045
v 12.342711 39.333920 -4.390320
v 12.009855 39.576008 -4.582500
v 12.009855 39.333920 -4.582500
v 12.342711 39.576008 -4.390320
v 12.342705 39.333920 -4.005972
v 12.342705 39.576008 -4.005972
v 12.009845 39.333920 -3.813801
v 12.009845 39.576008 -3.813801
v 11.676991 39.333920 -4.005981
v 11.676991 39.576008 -4.005981
v 11.676997 39.333920 -4.390327
v 11.676997 39.576008 -4.390327
vn 0.5000 -0.0000 -0.8660
vn 0.9448 -0.0000 -0.3276
vn 0.7561 -0.0000 -0.6545
vn 0.9448 -0.0000 0.3276
vn 0.7561 -0.0000 0.6545
vn 0.1887 -0.0000 0.9820
vn -0.1888 -0.0000 0.9820
vn -0.7561 -0.0000 0.6545
vn -0.9448 -0.0000 0.3276
vn -0.9448 -0.0000 -0.3276
vn -0.7561 -0.0000 -0.6545
vn -0.5000 -0.0000 -0.8660
vn -0.0000 1.0000 -0.0000
vt 0.838055 0.534985
vt 0.838055 0.532104
vt 0.839869 0.532104
vt 0.839869 0.534985
vt 0.839869 0.529225
vt 0.838055 0.529225
vt 0.839869 0.526345
vt 0.838055 0.526345
vt 0.839869 0.523465
vt 0.838055 0.523465
vt 0.839869 0.520585
vt 0.838055 0.520585
vt 0.839869 0.517705
vt 0.826435 0.518244
vt 0.826435 0.521124
vt 0.823940 0.516804
vt 0.838055 0.517705
vt 0.821446 0.521124
vt 0.821446 0.518244
vt 0.823940 0.522564
s 1
usemtl body
f 2531/3949/3692 2533/3950/3693 2530/3951/3694
f 2530/3951/3694 2532/3952/3692 2531/3949/3692
f 2534/3953/3695 2530/3951/3694 2533/3950/3693
f 2533/3950/3693 2535/3954/3696 2534/3953/3695
f 2536/3955/3697 2534/3953/3695 2535/3954/3696
f 2535/3954/3696 2537/3956/3698 2536/3955/3697
f 2538/3957/3699 2536/3955/3697 2537/3956/3698
f 2537/3956/3698 2539/3958/3700 2538/3957/3699
f 2540/3959/3701 2538/3957/3699 2539/3958/3700
f 2539/3958/3700 2541/3960/3702 2540/3959/3701
f 2532/3961/3703 2540/3959/3701 2541/3960/3702
f 2539/3962/3704 2537/3963/3704 2541/3964/3704
f 2541/3960/3702 2531/3965/3703 2532/3961/3703
f 2533/3966/3704 2531/3967/3704 2541/3964/3704
f 2537/3963/3704 2533/3966/3704 2541/3964/3704
f 2537/3963/3704 2535/3968/3704 2533/3966/3704
o gaz2975_nomg_turret.046
v 6.593257 39.423519 -1.900316
v 6.321483 39.665607 -2.172098
v 6.321483 39.423519 -2.172098
v 6.593257 39.665607 -1.900316
v 6.493773 39.423519 -1.529060
v 6.493773 39.665607 -1.529060
v 6.122517 39.423519 -1.429586
v 6.122517 39.665607 -1.429586
v 5.850748 39.423519 -1.701372
v 5.850748 39.665607 -1.701372
v 5.950227 39.423519 -2.072626
v 5.950227 39.665607 -2.072626
vn 0.7071 -0.0000 -0.7071
vn 0.9974 -0.0000 -0.0719
vn 0.8997 -0.0000 -0.4365
vn 0.8278 -0.0000 0.5610
vn 0.5609 -0.0000 0.8279
vn -0.0718 -0.0000 0.9974
vn -0.4365 -0.0000 0.8997
vn -0.8997 -0.0000 0.4365
vn -0.9974 -0.0000 0.0719
vn -0.8279 -0.0000 -0.5609
vn -0.5609 -0.0000 -0.8279
vn -0.2588 -0.0000 -0.9659
vn -0.0000 1.0000 -0.0000
vt 0.838055 0.534985
vt 0.838055 0.532104
vt 0.839869 0.532104
vt 0.839869 0.534985
vt 0.839869 0.529225
vt 0.838055 0.529225
vt 0.839869 0.526345
vt 0.838055 0.526345
vt 0.839869 0.523465
vt 0.838055 0.523465
vt 0.839869 0.520585
vt 0.838055 0.520585
vt 0.839869 0.517705
vt 0.826435 0.518244
vt 0.826435 0.521124
vt 0.823940 0.516804
vt 0.838055 0.517705
vt 0.821446 0.521124
vt 0.821446 0.518244
vt 0.823940 0.522564
s 1
usemtl body
f 2543/3969/3705 2545/3970/3706 2542/3971/3707
f 2542/3971/3707 2544/3972/3705 2543/3969/3705
f 2546/3973/3708 2542/3971/3707 2545/3970/3706
f 2545/3970/3706 2547/3974/3709 2546/3973/3708
f 2548/3975/3710 2546/3973/3708 2547/3974/3709
f 2547/3974/3709 2549/3976/3711 2548/3975/3710
f 2550/3977/3712 2548/3975/3710 2549/3976/3711
f 2549/3976/3711 2551/3978/3713 2550/3977/3712
f 2552/3979/3714 2550/3977/3712 2551/3978/3713
f 2551/3978/3713 2553/3980/3715 2552/3979/3714
f 2544/3981/3716 2552/3979/3714 2553/3980/3715
f 2551/3982/3717 2549/3983/3717 2553/3984/3717
f 2553/3980/3715 2543/3985/3716 2544/3981/3716
f 2545/3986/3717 2543/3987/3717 2553/3984/3717
f 2549/3983/3717 2545/3986/3717 2553/3984/3717
f 2549/3983/3717 2547/3988/3717 2545/3986/3717
o gaz2975_nomg_turret.047
v -5.828941 39.333920 -1.701546
v -5.928411 39.576008 -2.072803
v -5.928411 39.333920 -2.072803
v -5.828941 39.576008 -1.701546
v -6.100721 39.333920 -1.429770
v -6.100721 39.576008 -1.429770
v -6.471974 39.333920 -1.529249
v -6.471974 39.576008 -1.529249
v -6.571445 39.333920 -1.900511
v -6.571445 39.576008 -1.900511
v -6.299667 39.333920 -2.172281
v -6.299667 39.576008 -2.172281
vn 0.9659 -0.0000 -0.2588
vn 0.8997 -0.0000 0.4365
vn 0.9974 -0.0000 0.0719
vn 0.4365 -0.0000 0.8997
vn 0.0718 -0.0000 0.9974
vn -0.5610 -0.0000 0.8278
vn -0.8279 -0.0000 0.5609
vn -0.9974 -0.0000 -0.0719
vn -0.8997 -0.0000 -0.4365
vn -0.4365 -0.0000 -0.8997
vn -0.0718 -0.0000 -0.9974
vn 0.2588 -0.0000 -0.9659
vn -0.0000 1.0000 -0.0000
vt 0.838055 0.534985
vt 0.838055 0.532104
vt 0.839869 0.532104
vt 0.839869 0.534985
vt 0.839869 0.529225
vt 0.838055 0.529225
vt 0.839869 0.526345
vt 0.838055 0.526345
vt 0.839869 0.523465
vt 0.838055 0.523465
vt 0.839869 0.520585
vt 0.838055 0.520585
vt 0.839869 0.517705
vt 0.826435 0.518244
vt 0.826435 0.521124
vt 0.823940 0.516804
vt 0.838055 0.517705
vt 0.821446 0.521124
vt 0.821446 0.518244
vt 0.823940 0.522564
s 1
usemtl body
f 2555/3989/3718 2557/3990/3719 2554/3991/3720
f 2554/3991/3720 2556/3992/3718 2555/3989/3718
f 2558/3993/3721 2554/3991/3720 2557/3990/3719
f 2557/3990/3719 2559/3994/3722 2558/3993/3721
f 2560/3995/3723 2558/3993/3721 2559/3994/3722
f 2559/3994/3722 2561/3996/3724 2560/3995/3723
f 2562/3997/3725 2560/3995/3723 2561/3996/3724
f 2561/3996/3724 2563/3998/3726 2562/3997/3725
f 2564/3999/3727 2562/3997/3725 2563/3998/3726
f 2563/3998/3726 2565/4000/3728 2564/3999/3727
f 2556/4001/3729 2564/3999/3727 2565/4000/3728
f 2563/4002/3730 2561/4003/3730 2565/4004/3730
f 2565/4000/3728 2555/4005/3729 2556/4001/3729
f 2557/4006/3730 2555/4007/3730 2565/4004/3730
f 2561/4003/3730 2557/4006/3730 2565/4004/3730
f 2561/4003/3730 2559/4008/3730 2557/4006/3730
o gaz2975_nomg_turret.048
v -16.686253 39.333920 -7.740499
v -16.586771 39.576008 -8.111752
v -16.586771 39.333920 -8.111752
v -16.686253 39.576008 -7.740499
v -17.057505 39.333920 -7.641027
v -17.057505 39.576008 -7.641027
v -17.329277 39.333920 -7.912809
v -17.329277 39.576008 -7.912809
v -17.229795 39.333920 -8.284065
v -17.229795 39.576008 -8.284065
v -16.858536 39.333920 -8.383537
v -16.858536 39.576008 -8.383537
vn 0.9659 -0.0000 0.2588
vn 0.5609 -0.0000 0.8279
vn 0.8279 -0.0000 0.5609
vn -0.0719 -0.0000 0.9974
vn -0.4365 -0.0000 0.8997
vn -0.8997 -0.0000 0.4365
vn -0.9974 -0.0000 0.0718
vn -0.8278 -0.0000 -0.5610
vn -0.5609 -0.0000 -0.8279
vn 0.0718 -0.0000 -0.9974
vn 0.4365 -0.0000 -0.8997
vn 0.7071 -0.0000 -0.7071
vn -0.0000 1.0000 -0.0000
vt 0.838055 0.534985
vt 0.838055 0.532104
vt 0.839869 0.532104
vt 0.839869 0.534985
vt 0.839869 0.529225
vt 0.838055 0.529225
vt 0.839869 0.526345
vt 0.838055 0.526345
vt 0.839869 0.523465
vt 0.838055 0.523465
vt 0.839869 0.520585
vt 0.838055 0.520585
vt 0.839869 0.517705
vt 0.826435 0.518244
vt 0.826435 0.521124
vt 0.823940 0.516804
vt 0.838055 0.517705
vt 0.821446 0.521124
vt 0.821446 0.518244
vt 0.823940 0.522564
s 1
usemtl body
f 2567/4009/3731 2569/4010/3732 2566/4011/3733
f 2566/4011/3733 2568/4012/3731 2567/4009/3731
f 2570/4013/3734 2566/4011/3733 2569/4010/3732
f 2569/4010/3732 2571/4014/3735 2570/4013/3734
f 2572/4015/3736 2570/4013/3734 2571/4014/3735
f 2571/4014/3735 2573/4016/3737 2572/4015/3736
f 2574/4017/3738 2572/4015/3736 2573/4016/3737
f 2573/4016/3737 2575/4018/3739 2574/4017/3738
f 2576/4019/3740 2574/4017/3738 2575/4018/3739
f 2575/4018/3739 2577/4020/3741 2576/4019/3740
f 2568/4021/3742 2576/4019/3740 2577/4020/3741
f 2575/4022/3743 2573/4023/3743 2577/4024/3743
f 2577/4020/3741 2567/4025/3742 2568/4021/3742
f 2569/4026/3743 2567/4027/3743 2577/4024/3743
f 2573/4023/3743 2569/4026/3743 2577/4024/3743
f 2573/4023/3743 2571/4028/3743 2569/4026/3743
o gaz2975_nomg_turret.049
v -23.069477 39.333912 -18.399048
v -22.797699 39.576008 -18.670818
v -22.797699 39.333920 -18.670818
v -23.069477 39.576000 -18.399048
v -23.440731 39.333912 -18.498528
v -23.440731 39.576000 -18.498528
v -23.540205 39.333912 -18.869785
v -23.540205 39.576000 -18.869785
v -23.268425 39.333912 -19.141556
v -23.268425 39.576000 -19.141556
v -22.897173 39.333912 -19.042074
v -22.897173 39.576000 -19.042074
vn 0.7071 -0.0000 0.7071
vn 0.0718 -0.0000 0.9974
vn 0.4365 -0.0000 0.8997
vn -0.5609 -0.0000 0.8279
vn -0.8279 -0.0000 0.5609
vn -0.9974 -0.0000 -0.0719
vn -0.8997 -0.0000 -0.4365
vn -0.4365 -0.0000 -0.8997
vn -0.0718 -0.0000 -0.9974
vn 0.5609 -0.0000 -0.8279
vn 0.8279 -0.0000 -0.5609
vn 0.9659 -0.0000 -0.2588
vn -0.0000 1.0000 -0.0000
vt 0.838055 0.534985
vt 0.838055 0.532104
vt 0.839869 0.532104
vt 0.839869 0.534985
vt 0.839869 0.529225
vt 0.838055 0.529225
vt 0.839869 0.526345
vt 0.838055 0.526345
vt 0.839869 0.523465
vt 0.838055 0.523465
vt 0.839869 0.520585
vt 0.838055 0.520585
vt 0.839869 0.517705
vt 0.826435 0.518244
vt 0.826435 0.521124
vt 0.823940 0.516804
vt 0.838055 0.517705
vt 0.821446 0.521124
vt 0.821446 0.518244
vt 0.823940 0.522564
s 1
usemtl body
f 2579/4029/3744 2581/4030/3745 2578/4031/3746
f 2578/4031/3746 2580/4032/3744 2579/4029/3744
f 2582/4033/3747 2578/4031/3746 2581/4030/3745
f 2581/4030/3745 2583/4034/3748 2582/4033/3747
f 2584/4035/3749 2582/4033/3747 2583/4034/3748
f 2583/4034/3748 2585/4036/3750 2584/4035/3749
f 2586/4037/3751 2584/4035/3749 2585/4036/3750
f 2585/4036/3750 2587/4038/3752 2586/4037/3751
f 2588/4039/3753 2586/4037/3751 2587/4038/3752
f 2587/4038/3752 2589/4040/3754 2588/4039/3753
f 2580/4041/3755 2588/4039/3753 2589/4040/3754
f 2587/4042/3756 2585/4043/3756 2589/4044/3756
f 2589/4040/3754 2579/4045/3755 2580/4041/3755
f 2581/4046/3756 2579/4047/3756 2589/4044/3756
f 2585/4043/3756 2581/4046/3756 2589/4044/3756
f 2585/4043/3756 2583/4048/3756 2581/4046/3756
o gaz2975_nomg_turret.050
v -23.986576 39.333912 -24.597057
v -23.653709 39.576000 -24.789227
v -23.653709 39.333912 -24.789227
v -23.986576 39.576000 -24.597057
v -24.319426 39.333912 -24.789236
v -24.319426 39.576000 -24.789236
v -24.319420 39.333912 -25.173586
v -24.319420 39.576000 -25.173586
v -23.986563 39.333912 -25.365759
v -23.986563 39.576000 -25.365759
v -23.653704 39.333912 -25.173576
v -23.653704 39.576000 -25.173576
vn 0.5000 -0.0000 0.8660
vn -0.1887 -0.0000 0.9820
vn 0.1888 -0.0000 0.9820
vn -0.7561 -0.0000 0.6545
vn -0.9448 -0.0000 0.3276
vn -0.9448 -0.0000 -0.3276
vn -0.7561 -0.0000 -0.6545
vn -0.1887 -0.0000 -0.9820
vn 0.1887 -0.0000 -0.9820
vn 0.7561 -0.0000 -0.6545
vn 0.9448 -0.0000 -0.3275
vn 1.0000 -0.0000 -0.0000
vn -0.0000 1.0000 -0.0000
vn 0.0001 1.0000 -0.0000
vt 0.838055 0.534985
vt 0.838055 0.532104
vt 0.839869 0.532104
vt 0.839869 0.534985
vt 0.839869 0.529225
vt 0.838055 0.529225
vt 0.839869 0.526345
vt 0.838055 0.526345
vt 0.839869 0.523465
vt 0.838055 0.523465
vt 0.839869 0.520585
vt 0.838055 0.520585
vt 0.839869 0.517705
vt 0.826435 0.518244
vt 0.826435 0.521124
vt 0.823940 0.516804
vt 0.838055 0.517705
vt 0.821446 0.521124
vt 0.821446 0.518244
vt 0.823940 0.522564
s 1
usemtl body
f 2591/4049/3757 2593/4050/3758 2590/4051/3759
f 2590/4051/3759 2592/4052/3757 2591/4049/3757
f 2594/4053/3760 2590/4051/3759 2593/4050/3758
f 2593/4050/3758 2595/4054/3761 2594/4053/3760
f 2596/4055/3762 2594/4053/3760 2595/4054/3761
f 2595/4054/3761 2597/4056/3763 2596/4055/3762
f 2598/4057/3764 2596/4055/3762 2597/4056/3763
f 2597/4056/3763 2599/4058/3765 2598/4057/3764
f 2600/4059/3766 2598/4057/3764 2599/4058/3765
f 2599/4058/3765 2601/4060/3767 2600/4059/3766
f 2592/4061/3768 2600/4059/3766 2601/4060/3767
f 2599/4062/3769 2597/4063/3769 2601/4064/3769
f 2601/4060/3767 2591/4065/3768 2592/4061/3768
f 2593/4066/3769 2591/4067/3770 2601/4064/3769
f 2597/4063/3769 2593/4066/3769 2601/4064/3769
f 2597/4063/3769 2595/4068/3769 2593/4066/3769
o gaz2975_nomg_turret.051
v -20.963472 39.333920 -36.647415
v -20.579119 39.576008 -36.647408
v -20.579119 39.333920 -36.647408
v -20.963472 39.576008 -36.647415
v -21.155636 39.333920 -36.980274
v -21.155636 39.576008 -36.980274
v -20.963463 39.333920 -37.313129
v -20.963463 39.576008 -37.313129
v -20.579111 39.333920 -37.313122
v -20.579111 39.576008 -37.313122
v -20.386936 39.333920 -36.980263
v -20.386936 39.576008 -36.980263
vn -0.0000 -0.0000 1.0000
vn -0.6545 -0.0000 0.7561
vn -0.3275 -0.0000 0.9448
vn -0.9820 -0.0000 0.1887
vn -0.9820 -0.0000 -0.1887
vn -0.6545 -0.0000 -0.7561
vn -0.3275 -0.0000 -0.9448
vn 0.3276 -0.0000 -0.9448
vn 0.6545 -0.0000 -0.7561
vn 0.9820 -0.0000 -0.1887
vn 0.9820 -0.0000 0.1887
vn 0.8660 -0.0000 0.5000
vn -0.0000 1.0000 -0.0000
vt 0.838055 0.534985
vt 0.838055 0.532104
vt 0.839869 0.532104
vt 0.839869 0.534985
vt 0.839869 0.529225
vt 0.838055 0.529225
vt 0.839869 0.526345
vt 0.838055 0.526345
vt 0.839869 0.523465
vt 0.838055 0.523465
vt 0.839869 0.520585
vt 0.838055 0.520585
vt 0.839869 0.517705
vt 0.826435 0.518244
vt 0.826435 0.521124
vt 0.823940 0.516804
vt 0.838055 0.517705
vt 0.821446 0.521124
vt 0.821446 0.518244
vt 0.823940 0.522564
s 1
usemtl body
f 2603/4069/3771 2605/4070/3772 2602/4071/3773
f 2602/4071/3773 2604/4072/3771 2603/4069/3771
f 2606/4073/3774 2602/4071/3773 2605/4070/3772
f 2605/4070/3772 2607/4074/3775 2606/4073/3774
f 2608/4075/3776 2606/4073/3774 2607/4074/3775
f 2607/4074/3775 2609/4076/3777 2608/4075/3776
f 2610/4077/3778 2608/4075/3776 2609/4076/3777
f 2609/4076/3777 2611/4078/3779 2610/4077/3778
f 2612/4079/3780 2610/4077/3778 2611/4078/3779
f 2611/4078/3779 2613/4080/3781 2612/4079/3780
f 2604/4081/3782 2612/4079/3780 2613/4080/3781
f 2611/4082/3783 2609/4083/3783 2613/4084/3783
f 2613/4080/3781 2603/4085/3782 2604/4081/3782
f 2605/4086/3783 2603/4087/3783 2613/4084/3783
f 2609/4083/3783 2605/4086/3783 2613/4084/3783
f 2609/4083/3783 2607/4088/3783 2605/4086/3783
o gaz2975_nomg_turret.052
v -17.229292 39.333920 -41.678551
v -16.858036 39.576008 -41.579071
v -16.858036 39.333920 -41.579071
v -17.229292 39.576008 -41.678551
v -17.328762 39.333920 -42.049797
v -17.328762 39.576008 -42.049797
v -17.056984 39.333920 -42.321571
v -17.056984 39.576008 -42.321571
v -16.685736 39.333920 -42.222092
v -16.685736 39.576008 -42.222092
v -16.586267 39.333920 -41.850842
v -16.586267 39.576008 -41.850842
vn -0.2588 -0.0000 0.9659
vn -0.8279 -0.0000 0.5609
vn -0.5610 -0.0000 0.8278
vn -0.9974 -0.0000 -0.0718
vn -0.8997 -0.0000 -0.4365
vn -0.4365 -0.0000 -0.8997
vn -0.0718 -0.0000 -0.9974
vn 0.5610 -0.0000 -0.8278
vn 0.8279 -0.0000 -0.5609
vn 0.9974 -0.0000 0.0719
vn 0.8997 -0.0000 0.4365
vn 0.7071 -0.0000 0.7071
vn -0.0000 1.0000 -0.0000
vt 0.838055 0.534985
vt 0.838055 0.532104
vt 0.839869 0.532104
vt 0.839869 0.534985
vt 0.839869 0.529225
vt 0.838055 0.529225
vt 0.839869 0.526345
vt 0.838055 0.526345
vt 0.839869 0.523465
vt 0.838055 0.523465
vt 0.839869 0.520585
vt 0.838055 0.520585
vt 0.839869 0.517705
vt 0.826435 0.518244
vt 0.826435 0.521124
vt 0.823940 0.516804
vt 0.838055 0.517705
vt 0.821446 0.521124
vt 0.821446 0.518244
vt 0.823940 0.522564
s 1
usemtl body
f 2615/4089/3784 2617/4090/3785 2614/4091/3786
f 2614/4091/3786 2616/4092/3784 2615/4089/3784
f 2618/4093/3787 2614/4091/3786 2617/4090/3785
f 2617/4090/3785 2619/4094/3788 2618/4093/3787
f 2620/4095/3789 2618/4093/3787 2619/4094/3788
f 2619/4094/3788 2621/4096/3790 2620/4095/3789
f 2622/4097/3791 2620/4095/3789 2621/4096/3790
f 2621/4096/3790 2623/4098/3792 2622/4097/3791
f 2624/4099/3793 2622/4097/3791 2623/4098/3792
f 2623/4098/3792 2625/4100/3794 2624/4099/3793
f 2616/4101/3795 2624/4099/3793 2625/4100/3794
f 2623/4102/3796 2621/4103/3796 2625/4104/3796
f 2625/4100/3794 2615/4105/3795 2616/4101/3795
f 2617/4106/3796 2615/4107/3796 2625/4104/3796
f 2621/4103/3796 2617/4106/3796 2625/4104/3796
f 2621/4103/3796 2619/4108/3796 2617/4106/3796
o gaz2975_nomg_turret.053
v -12.320207 39.333920 -45.571777
v -11.987351 39.576008 -45.379593
v -11.987351 39.333920 -45.379593
v -12.320207 39.576008 -45.571777
v -12.320201 39.333920 -45.956131
v -12.320201 39.576008 -45.956131
v -11.987340 39.333920 -46.148308
v -11.987340 39.576008 -46.148308
v -11.654486 39.333920 -45.956116
v -11.654486 39.576008 -45.956116
v -11.654491 39.333920 -45.571762
v -11.654491 39.576008 -45.571762
vn -0.5000 -0.0000 0.8660
vn -0.9448 -0.0000 0.3276
vn -0.7561 -0.0000 0.6545
vn -0.9448 -0.0000 -0.3275
vn -0.7561 -0.0000 -0.6545
vn -0.1888 -0.0000 -0.9820
vn 0.1888 -0.0000 -0.9820
vn 0.7561 -0.0000 -0.6544
vn 0.9448 -0.0000 -0.3275
vn 0.9448 -0.0000 0.3276
vn 0.7561 -0.0000 0.6545
vn 0.5000 -0.0000 0.8660
vn -0.0000 1.0000 -0.0000
vn -0.0001 1.0000 -0.0000
vt 0.838055 0.534985
vt 0.838055 0.532104
vt 0.839869 0.532104
vt 0.839869 0.534985
vt 0.839869 0.529225
vt 0.838055 0.529225
vt 0.839869 0.526345
vt 0.838055 0.526345
vt 0.839869 0.523465
vt 0.838055 0.523465
vt 0.839869 0.520585
vt 0.838055 0.520585
vt 0.839869 0.517705
vt 0.826435 0.518244
vt 0.826435 0.521124
vt 0.823940 0.516804
vt 0.838055 0.517705
vt 0.821446 0.521124
vt 0.821446 0.518244
vt 0.823940 0.522564
s 1
usemtl body
f 2627/4109/3797 2629/4110/3798 2626/4111/3799
f 2626/4111/3799 2628/4112/3797 2627/4109/3797
f 2630/4113/3800 2626/4111/3799 2629/4110/3798
f 2629/4110/3798 2631/4114/3801 2630/4113/3800
f 2632/4115/3802 2630/4113/3800 2631/4114/3801
f 2631/4114/3801 2633/4116/3803 2632/4115/3802
f 2634/4117/3804 2632/4115/3802 2633/4116/3803
f 2633/4116/3803 2635/4118/3805 2634/4117/3804
f 2636/4119/3806 2634/4117/3804 2635/4118/3805
f 2635/4118/3805 2637/4120/3807 2636/4119/3806
f 2628/4121/3808 2636/4119/3806 2637/4120/3807
f 2635/4122/3809 2633/4123/3809 2637/4124/3809
f 2637/4120/3807 2627/4125/3808 2628/4121/3808
f 2629/4126/3809 2627/4127/3809 2637/4124/3809
f 2633/4123/3809 2629/4126/3809 2637/4124/3809
f 2633/4123/3809 2631/4128/3810 2629/4126/3809
o gaz2975_nomg_turret.054
v -6.570752 39.333920 -48.061771
v -6.298977 39.576008 -47.789989
v -6.298977 39.333920 -47.789989
v -6.570752 39.576008 -48.061771
v -6.471269 39.333920 -48.433022
v -6.471269 39.576008 -48.433022
v -6.100011 39.333920 -48.532494
v -6.100011 39.576008 -48.532494
v -5.828240 39.333920 -48.260723
v -5.828240 39.576008 -48.260723
v -5.927722 39.333920 -47.889465
v -5.927722 39.576008 -47.889465
vn -0.7071 -0.0000 0.7071
vn -0.9974 -0.0000 0.0718
vn -0.8997 -0.0000 0.4365
vn -0.8278 -0.0000 -0.5610
vn -0.5609 -0.0000 -0.8279
vn 0.0718 -0.0000 -0.9974
vn 0.4365 -0.0000 -0.8997
vn 0.8997 -0.0000 -0.4365
vn 0.9974 -0.0000 -0.0719
vn 0.8279 -0.0000 0.5609
vn 0.5609 -0.0000 0.8279
vn 0.2588 -0.0000 0.9659
vn -0.0001 1.0000 -0.0000
vn -0.0000 1.0000 -0.0000
vt 0.838055 0.534985
vt 0.838055 0.532104
vt 0.839869 0.532104
vt 0.839869 0.534985
vt 0.839869 0.529225
vt 0.838055 0.529225
vt 0.839869 0.526345
vt 0.838055 0.526345
vt 0.839869 0.523465
vt 0.838055 0.523465
vt 0.839869 0.520585
vt 0.838055 0.520585
vt 0.839869 0.517705
vt 0.826435 0.518244
vt 0.826435 0.521124
vt 0.823940 0.516804
vt 0.838055 0.517705
vt 0.821446 0.521124
vt 0.821446 0.518244
vt 0.823940 0.522564
s 1
usemtl body
f 2639/4129/3811 2641/4130/3812 2638/4131/3813
f 2638/4131/3813 2640/4132/3811 2639/4129/3811
f 2642/4133/3814 2638/4131/3813 2641/4130/3812
f 2641/4130/3812 2643/4134/3815 2642/4133/3814
f 2644/4135/3816 2642/4133/3814 2643/4134/3815
f 2643/4134/3815 2645/4136/3817 2644/4135/3816
f 2646/4137/3818 2644/4135/3816 2645/4136/3817
f 2645/4136/3817 2647/4138/3819 2646/4137/3818
f 2648/4139/3820 2646/4137/3818 2647/4138/3819
f 2647/4138/3819 2649/4140/3821 2648/4139/3820
f 2640/4141/3822 2648/4139/3820 2649/4140/3821
f 2647/4142/3823 2645/4143/3824 2649/4144/3824
f 2649/4140/3821 2639/4145/3822 2640/4141/3822
f 2641/4146/3824 2639/4147/3824 2649/4144/3824
f 2645/4143/3824 2641/4146/3824 2649/4144/3824
f 2645/4143/3824 2643/4148/3824 2641/4146/3824
o gaz2975_nomg_turret.055
v 5.851435 39.333920 -48.260544
v 5.950905 39.576008 -47.889286
v 5.950905 39.333920 -47.889286
v 5.851435 39.576008 -48.260544
v 6.123214 39.333920 -48.532318
v 6.123214 39.576008 -48.532318
v 6.494467 39.333920 -48.432835
v 6.494467 39.576008 -48.432835
v 6.593940 39.333920 -48.061584
v 6.593940 39.576008 -48.061584
v 6.322158 39.333920 -47.789810
v 6.322158 39.576008 -47.789810
vn -0.9659 -0.0000 0.2588
vn -0.8997 -0.0000 -0.4365
vn -0.9974 -0.0000 -0.0719
vn -0.4365 -0.0000 -0.8997
vn -0.0718 -0.0000 -0.9974
vn 0.5610 -0.0000 -0.8278
vn 0.8279 -0.0000 -0.5609
vn 0.9974 -0.0000 0.0719
vn 0.8997 -0.0000 0.4365
vn 0.4365 -0.0000 0.8997
vn 0.0719 -0.0000 0.9974
vn -0.2588 -0.0000 0.9659
vn -0.0000 1.0000 -0.0000
vt 0.838055 0.534985
vt 0.838055 0.532104
vt 0.839869 0.532104
vt 0.839869 0.534985
vt 0.839869 0.529225
vt 0.838055 0.529225
vt 0.839869 0.526345
vt 0.838055 0.526345
vt 0.839869 0.523465
vt 0.838055 0.523465
vt 0.839869 0.520585
vt 0.838055 0.520585
vt 0.839869 0.517705
vt 0.826435 0.518244
vt 0.826435 0.521124
vt 0.823940 0.516804
vt 0.838055 0.517705
vt 0.821446 0.521124
vt 0.821446 0.518244
vt 0.823940 0.522564
s 1
usemtl body
f 2651/4149/3825 2653/4150/3826 2650/4151/3827
f 2650/4151/3827 2652/4152/3825 2651/4149/3825
f 2654/4153/3828 2650/4151/3827 2653/4150/3826
f 2653/4150/3826 2655/4154/3829 2654/4153/3828
f 2656/4155/3830 2654/4153/3828 2655/4154/3829
f 2655/4154/3829 2657/4156/3831 2656/4155/3830
f 2658/4157/3832 2656/4155/3830 2657/4156/3831
f 2657/4156/3831 2659/4158/3833 2658/4157/3832
f 2660/4159/3834 2658/4157/3832 2659/4158/3833
f 2659/4158/3833 2661/4160/3835 2660/4159/3834
f 2652/4161/3836 2660/4159/3834 2661/4160/3835
f 2659/4162/3837 2657/4163/3837 2661/4164/3837
f 2661/4160/3835 2651/4165/3836 2652/4161/3836
f 2653/4166/3837 2651/4167/3837 2661/4164/3837
f 2657/4163/3837 2653/4166/3837 2661/4164/3837
f 2657/4163/3837 2655/4168/3837 2653/4166/3837
o gaz2975_nomg_turret.056
v 16.708752 39.333920 -42.221588
v 16.609268 39.576008 -41.850346
v 16.609268 39.333920 -41.850346
v 16.708752 39.576008 -42.221588
v 17.080000 39.333920 -42.321064
v 17.080000 39.576008 -42.321064
v 17.351776 39.333920 -42.049282
v 17.351776 39.576008 -42.049282
v 17.252295 39.333920 -41.678028
v 17.252295 39.576008 -41.678028
v 16.881035 39.333920 -41.578560
v 16.881035 39.576008 -41.578560
vn -0.9659 -0.0000 -0.2588
vn -0.5609 -0.0000 -0.8279
vn -0.8278 -0.0000 -0.5610
vn 0.0719 -0.0000 -0.9974
vn 0.4365 -0.0000 -0.8997
vn 0.8997 -0.0000 -0.4365
vn 0.9974 -0.0000 -0.0718
vn 0.8279 -0.0000 0.5609
vn 0.5609 -0.0000 0.8279
vn -0.0718 -0.0000 0.9974
vn -0.4365 -0.0000 0.8997
vn -0.7071 -0.0000 0.7071
vn -0.0000 1.0000 -0.0000
vt 0.838055 0.534985
vt 0.838055 0.532104
vt 0.839869 0.532104
vt 0.839869 0.534985
vt 0.839869 0.529225
vt 0.838055 0.529225
vt 0.839869 0.526345
vt 0.838055 0.526345
vt 0.839869 0.523465
vt 0.838055 0.523465
vt 0.839869 0.520585
vt 0.838055 0.520585
vt 0.839869 0.517705
vt 0.826435 0.518244
vt 0.826435 0.521124
vt 0.823940 0.516804
vt 0.838055 0.517705
vt 0.821446 0.521124
vt 0.821446 0.518244
vt 0.823940 0.522564
s 1
usemtl body
f 2663/4169/3838 2665/4170/3839 2662/4171/3840
f 2662/4171/3840 2664/4172/3838 2663/4169/3838
f 2666/4173/3841 2662/4171/3840 2665/4170/3839
f 2665/4170/3839 2667/4174/3842 2666/4173/3841
f 2668/4175/3843 2666/4173/3841 2667/4174/3842
f 2667/4174/3842 2669/4176/3844 2668/4175/3843
f 2670/4177/3845 2668/4175/3843 2669/4176/3844
f 2669/4176/3844 2671/4178/3846 2670/4177/3845
f 2672/4179/3847 2670/4177/3845 2671/4178/3846
f 2671/4178/3846 2673/4180/3848 2672/4179/3847
f 2664/4181/3849 2672/4179/3847 2673/4180/3848
f 2671/4182/3850 2669/4183/3850 2673/4184/3850
f 2673/4180/3848 2663/4185/3849 2664/4181/3849
f 2665/4186/3850 2663/4187/3850 2673/4184/3850
f 2669/4183/3850 2665/4186/3850 2673/4184/3850
f 2669/4183/3850 2667/4188/3850 2665/4186/3850
o gaz2975_nomg_turret.057
v 20.601980 39.333920 -37.312508
v 20.409796 39.576008 -36.979645
v 20.409796 39.333920 -36.979645
v 20.601980 39.576008 -37.312508
v 20.986328 39.333920 -37.312500
v 20.986328 39.576008 -37.312500
v 21.178499 39.333920 -36.979637
v 21.178499 39.576008 -36.979637
v 20.986319 39.333920 -36.646782
v 20.986319 39.576008 -36.646782
v 20.601971 39.333920 -36.646790
v 20.601971 39.576008 -36.646790
vn -0.8660 -0.0000 -0.5000
vn -0.3275 -0.0000 -0.9448
vn -0.6545 -0.0000 -0.7561
vn 0.3276 -0.0000 -0.9448
vn 0.6545 -0.0000 -0.7561
vn 0.9820 -0.0000 -0.1887
vn 0.9820 -0.0000 0.1888
vn 0.6544 -0.0000 0.7561
vn 0.3275 -0.0000 0.9448
vn -0.3276 -0.0000 0.9448
vn -0.6545 -0.0000 0.7561
vn -0.8660 -0.0000 0.5000
vn -0.0000 1.0000 -0.0000
vt 0.838055 0.534985
vt 0.838055 0.532104
vt 0.839869 0.532104
vt 0.839869 0.534985
vt 0.839869 0.529225
vt 0.838055 0.529225
vt 0.839869 0.526345
vt 0.838055 0.526345
vt 0.839869 0.523465
vt 0.838055 0.523465
vt 0.839869 0.520585
vt 0.838055 0.520585
vt 0.839869 0.517705
vt 0.826435 0.518244
vt 0.826435 0.521124
vt 0.823940 0.516804
vt 0.838055 0.517705
vt 0.821446 0.521124
vt 0.821446 0.518244
vt 0.823940 0.522564
s 1
usemtl body
f 2675/4189/3851 2677/4190/3852 2674/4191/3853
f 2674/4191/3853 2676/4192/3851 2675/4189/3851
f 2678/4193/3854 2674/4191/3853 2677/4190/3852
f 2677/4190/3852 2679/4194/3855 2678/4193/3854
f 2680/4195/3856 2678/4193/3854 2679/4194/3855
f 2679/4194/3855 2681/4196/3857 2680/4195/3856
f 2682/4197/3858 2680/4195/3856 2681/4196/3857
f 2681/4196/3857 2683/4198/3859 2682/4197/3858
f 2684/4199/3860 2682/4197/3858 2683/4198/3859
f 2683/4198/3859 2685/4200/3861 2684/4199/3860
f 2676/4201/3862 2684/4199/3860 2685/4200/3861
f 2683/4202/3863 2681/4203/3863 2685/4204/3863
f 2685/4200/3861 2675/4205/3862 2676/4201/3862
f 2677/4206/3863 2675/4207/3863 2685/4204/3863
f 2681/4203/3863 2677/4206/3863 2685/4204/3863
f 2681/4203/3863 2679/4208/3863 2677/4206/3863
o gaz2975_nomg_turret.058
v 23.091980 39.333927 -31.563053
v 22.820200 39.576008 -31.291279
v 22.820200 39.333920 -31.291279
v 23.091980 39.576015 -31.563053
v 23.463232 39.333927 -31.463570
v 23.463232 39.576015 -31.463570
v 23.562706 39.333927 -31.092316
v 23.562706 39.576015 -31.092316
v 23.290926 39.333927 -30.820541
v 23.290926 39.576015 -30.820541
v 22.919672 39.333927 -30.920023
v 22.919672 39.576015 -30.920023
vn -0.7071 -0.0000 -0.7071
vn -0.0719 -0.0000 -0.9974
vn -0.4365 -0.0000 -0.8997
vn 0.5609 -0.0000 -0.8279
vn 0.8279 -0.0000 -0.5609
vn 0.9974 -0.0000 0.0718
vn 0.8997 -0.0000 0.4365
vn 0.4365 -0.0000 0.8997
vn 0.0719 -0.0000 0.9974
vn -0.5610 -0.0000 0.8278
vn -0.8279 -0.0000 0.5609
vn -0.9659 -0.0000 0.2588
vn -0.0000 1.0000 -0.0000
vt 0.838055 0.534985
vt 0.838055 0.532104
vt 0.839869 0.532104
vt 0.839869 0.534985
vt 0.839869 0.529225
vt 0.838055 0.529225
vt 0.839869 0.526345
vt 0.838055 0.526345
vt 0.839869 0.523465
vt 0.838055 0.523465
vt 0.839869 0.520585
vt 0.838055 0.520585
vt 0.839869 0.517705
vt 0.826435 0.518244
vt 0.826435 0.521124
vt 0.823940 0.516804
vt 0.838055 0.517705
vt 0.821446 0.521124
vt 0.821446 0.518244
vt 0.823940 0.522564
s 1
usemtl body
f 2687/4209/3864 2689/4210/3865 2686/4211/3866
f 2686/4211/3866 2688/4212/3864 2687/4209/3864
f 2690/4213/3867 2686/4211/3866 2689/4210/3865
f 2689/4210/3865 2691/4214/3868 2690/4213/3867
f 2692/4215/3869 2690/4213/3867 2691/4214/3868
f 2691/4214/3868 2693/4216/3870 2692/4215/3869
f 2694/4217/3871 2692/4215/3869 2693/4216/3870
f 2693/4216/3870 2695/4218/3872 2694/4217/3871
f 2696/4219/3873 2694/4217/3871 2695/4218/3872
f 2695/4218/3872 2697/4220/3874 2696/4219/3873
f 2688/4221/3875 2696/4219/3873 2697/4220/3874
f 2695/4222/3876 2693/4223/3876 2697/4224/3876
f 2697/4220/3874 2687/4225/3875 2688/4221/3875
f 2689/4226/3876 2687/4227/3876 2697/4224/3876
f 2693/4223/3876 2689/4226/3876 2697/4224/3876
f 2693/4223/3876 2691/4228/3876 2689/4226/3876
o gaz2975_nomg_turret.059
v 23.676210 39.576015 -24.788523
v 23.676214 39.333927 -25.172873
v 23.676214 39.576015 -25.172873
v 23.676210 39.333927 -24.788523
v 24.009058 39.576015 -24.596340
v 24.341925 39.576015 -24.788513
v 24.009071 39.576015 -25.365044
v 24.341928 39.333927 -25.172863
v 24.341928 39.576015 -25.172863
v 24.009071 39.333927 -25.365044
v 24.341925 39.333927 -24.788513
v 24.009058 39.333927 -24.596340
vn -1.0000 -0.0000 -0.0000
vn -0.7561 -0.0000 0.6545
vn -0.9449 -0.0000 0.3275
vn -0.0000 1.0000 -0.0000
vn -0.0001 1.0000 -0.0000
vn -0.1887 -0.0000 0.9820
vn 0.7561 -0.0000 -0.6545
vn -0.1888 -0.0000 -0.9820
vn 0.1887 -0.0000 -0.9820
vn 0.9449 -0.0000 -0.3275
vn -0.5000 -0.0000 -0.8660
vn 0.9448 -0.0000 0.3276
vn 0.7561 -0.0000 0.6545
vn 0.1888 -0.0000 0.9820
vt 0.839869 0.517705
vt 0.839869 0.520585
vt 0.838055 0.520585
vt 0.838055 0.517705
vt 0.821446 0.521124
vt 0.821446 0.518244
vt 0.823940 0.516804
vt 0.838055 0.523465
vt 0.826435 0.518244
vt 0.826435 0.521124
vt 0.839869 0.529225
vt 0.839869 0.532104
vt 0.838055 0.532104
vt 0.838055 0.529225
vt 0.823940 0.522564
vt 0.838055 0.534985
vt 0.839869 0.534985
vt 0.839869 0.526345
vt 0.838055 0.526345
vt 0.839869 0.523465
s 1
usemtl body
f 2699/4229/3877 2701/4230/3878 2698/4231/3879
f 2698/4231/3879 2700/4232/3877 2699/4229/3877
f 2704/4233/3880 2700/4234/3881 2698/4235/3880
f 2702/4236/3882 2698/4231/3879 2701/4230/3878
f 2702/4237/3880 2703/4238/3880 2698/4235/3880
f 2703/4238/3880 2704/4233/3880 2698/4235/3880
f 2705/4239/3883 2707/4240/3884 2704/4241/3885
f 2704/4241/3885 2706/4242/3886 2705/4239/3883
f 2703/4238/3880 2706/4243/3880 2704/4233/3880
f 2700/4244/3887 2704/4241/3885 2707/4240/3884
f 2707/4240/3884 2699/4245/3887 2700/4244/3887
f 2708/4246/3888 2705/4239/3883 2706/4242/3886
f 2706/4242/3886 2703/4247/3889 2708/4246/3888
f 2709/4248/3890 2708/4246/3888 2703/4247/3889
f 2701/4230/3878 2709/4248/3890 2702/4236/3882
f 2703/4247/3889 2702/4236/3882 2709/4248/3890
o gaz2975_nomg_turret.060
v 13.230598 40.534924 -4.848045
v 12.751745 40.159107 -4.886345
v 13.000493 40.138599 -4.668739
v 16.214699 40.847210 -7.036207
v 16.023659 40.534924 -7.024487
v 13.172542 40.847210 -4.665659
v 13.006209 40.597385 -5.084631
v 15.849086 40.597385 -7.299887
v 12.948153 40.909664 -4.902245
v 12.571913 40.261646 -4.609064
v 12.820654 40.241138 -4.391459
v 12.820654 39.055523 -4.391459
v 12.571913 39.055523 -4.609064
v 12.751745 39.055523 -4.886345
v 13.000493 39.055523 -4.668739
v 16.040133 40.909664 -7.311613
v 16.103554 40.159107 -7.498175
v 16.416378 40.261646 -7.604794
v 16.416378 39.055523 -7.604794
v 16.566587 40.241138 -7.310406
v 16.103554 39.055523 -7.498175
v 16.253767 39.055523 -7.203793
v 16.253767 40.138599 -7.203793
v 16.566587 39.055523 -7.310406
vn 0.5077 -0.5821 -0.6352
vn -0.0346 -0.9739 -0.2244
vn 0.5076 -0.5821 -0.6352
vn 0.6380 -0.1873 -0.7469
vn 0.6380 -0.1872 -0.7469
vn 0.7887 -0.1940 0.5833
vn 0.5809 -0.3272 0.7453
vn 0.6070 -0.3136 0.7302
vn 0.5808 -0.3273 0.7453
vn 0.5478 -0.3059 0.7787
vn 0.5477 -0.3058 0.7788
vn -0.1162 -0.9820 -0.1491
vn -0.1161 -0.9820 -0.1491
vn -0.1997 -0.9753 -0.0946
vn -0.5808 0.3273 -0.7453
vn -0.6228 0.3050 -0.7205
vn -0.6229 0.3049 -0.7204
vn -0.7887 0.1940 -0.5833
vn -0.8268 0.0604 -0.5592
vn -0.8271 0.0606 -0.5588
vn -0.5077 0.5821 0.6352
vn -0.6265 0.2468 0.7394
vn -0.6584 -0.0000 0.7526
vn -0.8390 -0.0000 -0.5441
vn 0.6584 -0.0000 -0.7526
vn 0.8390 -0.0000 0.5441
vn 0.8225 -0.0800 0.5631
vn 0.8390 -0.0000 0.5442
vn 0.0190 0.9697 0.2434
vn 0.0165 0.9705 0.2406
vn -0.5581 0.3125 -0.7687
vn -0.5580 0.3125 -0.7688
vn 0.1162 0.9820 0.1491
vn -0.3729 0.1940 -0.9074
vn -0.3456 0.0823 -0.9348
vn 0.7400 0.5821 -0.3370
vn 0.2378 0.9689 0.0690
vn 0.2377 0.9689 0.0691
vn 0.1161 0.9820 0.1491
vn -0.3226 -0.0000 -0.9465
vn 0.8907 -0.0000 -0.4545
vn 0.8725 0.2343 -0.4288
vn 0.8724 0.2344 -0.4288
vn -0.8907 -0.0000 0.4545
vn -0.8778 -0.2034 0.4337
vn -0.8778 -0.2035 0.4337
vn 0.3226 -0.0000 0.9465
vn 0.3388 -0.0571 0.9391
vn 0.3388 -0.0572 0.9391
vn 0.3728 -0.1940 0.9074
vn -0.7400 -0.5821 0.3370
vn 0.3729 -0.1940 0.9074
vt 0.602547 0.885874
vt 0.602547 0.883269
vt 0.603613 0.883269
vt 0.603613 0.885874
vt 0.604755 0.883269
vt 0.604755 0.868679
vt 0.603613 0.868679
vt 0.602547 0.868679
vt 0.601349 0.883269
vt 0.601349 0.885874
vt 0.606011 0.883269
vt 0.606011 0.885874
vt 0.604755 0.885874
vt 0.604755 0.890341
vt 0.606011 0.890341
vt 0.601349 0.890341
vt 0.602547 0.890341
vt 0.603613 0.890341
vt 0.601349 0.868679
vt 0.606011 0.868679
vt 0.602547 0.866075
vt 0.601349 0.866075
vt 0.606011 0.866075
vt 0.601349 0.861712
vt 0.602547 0.861712
vt 0.606011 0.861712
vt 0.604755 0.866075
vt 0.603613 0.861712
vt 0.603613 0.866075
vt 0.604755 0.861712
s 1
usemtl body
f 2711/4249/3891 2716/4250/3892 2710/4251/3892
f 2710/4251/3893 2712/4252/3894 2711/4249/3895
f 2712/4252/3896 2710/4251/3897 2715/4253/3898
f 2713/4254/3899 2715/4253/3898 2710/4251/3897
f 2710/4251/3899 2714/4255/3900 2713/4254/3901
f 2714/4255/3902 2710/4251/3892 2716/4250/3892
f 2716/4250/3903 2717/4256/3904 2714/4255/3904
f 2717/4256/3905 2716/4250/3906 2718/4257/3907
f 2716/4250/3908 2711/4249/3909 2719/4258/3910
f 2719/4258/3908 2718/4257/3907 2716/4250/3906
f 2718/4259/3911 2719/4260/3912 2720/4261/3912
f 2721/4262/3913 2720/4261/3912 2719/4260/3912
f 2719/4260/3913 2722/4263/3913 2721/4262/3913
f 2722/4264/3914 2719/4258/3910 2711/4249/3909
f 2711/4249/3914 2723/4265/3914 2722/4264/3914
f 2712/4252/3915 2724/4266/3915 2723/4265/3915
f 2723/4265/3915 2711/4249/3895 2712/4252/3894
f 2724/4266/3916 2712/4252/3917 2720/4261/3917
f 2720/4261/3918 2721/4262/3918 2724/4266/3918
f 2720/4261/3911 2715/4253/3919 2718/4259/3920
f 2715/4253/3896 2720/4261/3917 2712/4252/3917
f 2718/4257/3905 2725/4267/3921 2717/4256/3922
f 2725/4268/3923 2718/4259/3920 2715/4253/3919
f 2726/4269/3924 2717/4256/3922 2725/4267/3921
f 2725/4267/3924 2727/4270/3925 2726/4269/3925
f 2727/4271/3926 2725/4268/3927 2713/4254/3928
f 2715/4253/3929 2713/4254/3928 2725/4268/3927
f 2727/4270/3930 2728/4272/3930 2730/4273/3930
f 2728/4274/3931 2727/4271/3932 2729/4275/3933
f 2713/4254/3926 2729/4275/3933 2727/4271/3932
f 2730/4273/3930 2726/4269/3925 2727/4270/3925
f 2726/4269/3934 2730/4273/3934 2731/4276/3934
f 2731/4276/3934 2732/4277/3935 2726/4269/3936
f 2732/4277/3937 2731/4276/3937 2733/4278/3937
f 2733/4278/3937 2729/4275/3938 2732/4277/3939
f 2729/4275/3931 2733/4278/3931 2728/4274/3931
f 2714/4255/3940 2732/4277/3939 2729/4275/3938
f 2732/4277/3941 2714/4255/3904 2717/4256/3904
f 2717/4256/3941 2726/4269/3936 2732/4277/3935
f 2729/4275/3942 2713/4254/3901 2714/4255/3900
o gaz2975_nomg_turret.061
v 21.364611 40.241138 -36.398773
v 21.041384 39.055523 -36.329865
v 21.364611 39.055523 -36.398769
v 21.041384 40.261646 -36.329868
v 21.538391 40.847210 -35.987904
v 21.386631 40.138599 -36.069016
v 21.500269 40.534924 -35.800335
v 21.189066 40.597385 -35.703003
v 22.593056 40.597385 -32.383640
v 22.879656 40.534931 -32.539150
v 23.040798 40.847218 -32.435867
v 22.993296 40.138607 -32.270470
v 22.718725 40.159107 -32.086525
v 22.718725 39.055523 -32.086525
v 22.940012 40.261654 -31.841051
v 22.940012 39.055531 -31.841051
v 23.214582 39.055531 -32.024998
v 23.214582 40.241146 -32.025002
v 22.993296 39.055531 -32.270470
v 22.754200 40.909664 -32.280354
v 21.227190 40.909664 -35.890564
v 21.063406 40.159107 -36.000111
v 21.386631 39.055523 -36.069016
v 21.063406 39.055523 -36.000111
vn -0.2085 -0.0000 -0.9780
vn -0.1884 0.2343 -0.9537
vn -0.1884 0.2344 -0.9537
vn 0.9978 -0.0000 -0.0666
vn 0.9948 -0.0571 -0.0842
vn 0.9948 -0.0572 -0.0842
vn -0.1340 0.5821 -0.8020
vn 0.9730 -0.1940 -0.1253
vn 0.8940 -0.3058 -0.3275
vn 0.8939 -0.3059 -0.3276
vn 0.1340 -0.5821 0.8020
vn -0.1431 -0.9753 0.1684
vn -0.1431 -0.9753 0.1685
vn -0.1740 -0.9820 0.0736
vn -0.1741 -0.9820 0.0736
vn -0.2257 -0.9739 -0.0247
vn 0.8703 -0.3273 -0.3681
vn 0.8624 -0.3136 -0.3974
vn 0.8702 -0.3273 -0.3682
vn 0.7676 -0.1940 -0.6109
vn -0.4821 -0.5821 -0.6548
vn -0.5563 -0.1874 -0.8096
vn -0.5564 -0.1872 -0.8096
vn -0.7676 0.1940 0.6109
vn -0.7542 0.0605 0.6539
vn -0.7538 0.0606 0.6542
vn -0.5566 -0.0000 -0.8308
vn -0.7428 -0.0000 0.6696
vn 0.5566 -0.0000 0.8308
vn 0.5520 0.2468 0.7965
vn 0.7428 -0.0000 -0.6696
vn 0.7427 -0.0000 -0.6696
vn 0.7567 -0.0798 -0.6488
vn 0.7568 -0.0800 -0.6488
vn 0.4821 0.5821 0.6547
vn 0.4821 0.5821 0.6548
vn 0.2400 0.9698 0.0446
vn 0.2366 0.9705 0.0464
vn -0.8703 0.3273 0.3681
vn -0.8571 0.3050 0.4151
vn -0.8571 0.3049 0.4152
vn -0.8870 0.3125 0.3400
vn 0.1740 0.9820 -0.0736
vn -0.9730 0.1940 0.1253
vn -0.9924 0.0822 0.0918
vn -0.9924 0.0823 0.0919
vn 0.1282 0.9689 -0.2118
vn 0.1283 0.9689 -0.2118
vn 0.1741 0.9820 -0.0736
vn 0.2085 -0.0000 0.9780
vn 0.1918 -0.2033 0.9601
vn 0.1917 -0.2035 0.9601
vn -0.9978 -0.0000 0.0666
vt 0.599693 0.861712
vt 0.599693 0.866075
vt 0.598436 0.866075
vt 0.598436 0.861712
vt 0.597295 0.866075
vt 0.598436 0.868679
vt 0.597295 0.868679
vt 0.596229 0.868679
vt 0.596229 0.883269
vt 0.597295 0.883269
vt 0.598436 0.883269
vt 0.597295 0.885874
vt 0.596229 0.885874
vt 0.595031 0.885874
vt 0.596229 0.890341
vt 0.595031 0.890341
vt 0.599693 0.885874
vt 0.599693 0.890341
vt 0.598436 0.890341
vt 0.598436 0.885874
vt 0.597295 0.890341
vt 0.599693 0.883269
vt 0.595031 0.883269
vt 0.595031 0.868679
vt 0.599693 0.868679
vt 0.596229 0.866075
vt 0.595031 0.866075
vt 0.597295 0.861712
vt 0.596229 0.861712
vt 0.595031 0.861712
s 1
usemtl body
f 2735/4279/3943 2737/4280/3944 2734/4281/3945
f 2734/4281/3943 2736/4282/3943 2735/4279/3943
f 2736/4282/3946 2734/4281/3947 2739/4283/3948
f 2738/4284/3949 2734/4281/3945 2737/4280/3944
f 2734/4281/3950 2738/4284/3951 2740/4285/3952
f 2740/4285/3950 2739/4283/3948 2734/4281/3947
f 2739/4283/3953 2740/4285/3954 2741/4286/3955
f 2742/4287/3956 2741/4286/3955 2740/4285/3954
f 2740/4285/3957 2743/4288/3958 2742/4287/3958
f 2743/4288/3959 2740/4285/3952 2738/4284/3951
f 2738/4284/3959 2744/4289/3960 2743/4288/3961
f 2745/4290/3962 2743/4288/3961 2744/4289/3960
f 2743/4288/3963 2745/4290/3964 2746/4291/3965
f 2746/4291/3963 2742/4287/3958 2743/4288/3958
f 2742/4287/3966 2746/4291/3967 2748/4292/3968
f 2747/4293/3969 2746/4291/3965 2745/4290/3964
f 2746/4291/3970 2747/4293/3970 2749/4294/3970
f 2749/4294/3970 2748/4292/3968 2746/4291/3967
f 2748/4295/3971 2749/4296/3971 2750/4297/3971
f 2750/4297/3971 2751/4298/3972 2748/4295/3972
f 2751/4298/3973 2750/4297/3973 2752/4299/3973
f 2752/4299/3974 2745/4290/3975 2751/4298/3976
f 2745/4290/3969 2752/4299/3969 2747/4293/3969
f 2753/4300/3977 2748/4295/3972 2751/4298/3972
f 2751/4298/3978 2744/4289/3979 2753/4300/3980
f 2744/4289/3962 2751/4298/3976 2745/4290/3975
f 2741/4286/3981 2742/4287/3982 2753/4301/3983
f 2753/4301/3981 2754/4302/3984 2741/4286/3984
f 2754/4303/3985 2753/4300/3980 2744/4289/3979
f 2748/4292/3966 2753/4301/3983 2742/4287/3982
f 2755/4304/3986 2741/4286/3984 2754/4302/3984
f 2754/4302/3986 2737/4305/3987 2755/4304/3988
f 2737/4280/3949 2754/4303/3989 2738/4284/3990
f 2744/4289/3991 2738/4284/3990 2754/4303/3989
f 2756/4306/3992 2739/4283/3993 2755/4304/3994
f 2755/4304/3992 2757/4307/3992 2756/4306/3992
f 2757/4307/3995 2755/4304/3988 2737/4305/3987
f 2741/4286/3953 2755/4304/3994 2739/4283/3993
f 2737/4305/3995 2735/4308/3995 2757/4307/3995
f 2739/4283/3946 2756/4306/3946 2736/4282/3946
o gaz2975_nomg_turret.062
v -16.770288 45.951946 -16.247948
v -16.765976 45.422092 -16.109798
v -16.766287 45.727962 -16.027216
v -16.773970 45.870045 -16.551250
v -21.673265 45.954372 -16.248253
v -21.669271 45.730396 -16.027523
v -21.676947 45.872471 -16.551558
v -21.668955 45.424526 -16.110104
v -21.672647 45.342632 -16.413420
v -21.676643 45.566616 -16.634132
v -16.769669 45.340214 -16.413109
v -16.773663 45.564175 -16.633827
vn 0.9999 0.0046 -0.0134
vn 0.0002 0.4296 0.9030
vn -0.0000 0.0666 0.9978
vn 0.0003 0.7019 0.7123
vn 0.0005 0.9654 -0.2607
vn 0.0004 0.8262 -0.5633
vn 0.0003 0.7019 0.7122
vn -0.9999 -0.0046 0.0134
vn -0.0003 -0.5599 0.8286
vn -0.0004 -0.8262 0.5633
vn -0.0005 -0.9973 -0.0728
vn -0.0004 -0.8975 -0.4410
vn -0.0002 -0.4296 -0.9030
vn -0.0000 -0.0665 -0.9978
vn 0.0003 0.5599 -0.8286
vt 0.917754 0.521100
vt 0.913051 0.529162
vt 0.910699 0.525131
vt 0.913051 0.521100
vt 0.718129 0.596460
vt 0.718113 0.614085
vt 0.716983 0.614069
vt 0.723796 0.596450
vt 0.723780 0.614075
vt 0.722650 0.614061
vt 0.716999 0.596444
vt 0.914545 0.506515
vt 0.919248 0.498452
vt 0.914545 0.498452
vt 0.912193 0.502483
vt 0.719268 0.596462
vt 0.921599 0.502483
vt 0.719252 0.614087
vt 0.720397 0.596450
vt 0.919248 0.506515
vt 0.720381 0.614075
vt 0.721528 0.596437
vt 0.920105 0.525131
vt 0.917754 0.529162
vt 0.721511 0.614061
vt 0.722667 0.596436
s 1
usemtl body
f 2759/4309/3996 2761/4310/3996 2758/4311/3996
f 2758/4311/3996 2760/4312/3996 2759/4309/3996
f 2763/4313/3997 2760/4314/3998 2758/4315/3999
f 2762/4316/4000 2758/4317/4000 2761/4318/4001
f 2758/4315/3999 2762/4319/4002 2763/4313/3997
f 2764/4320/4003 2765/4321/4003 2763/4322/4003
f 2763/4322/4003 2762/4323/4003 2764/4320/4003
f 2760/4314/3998 2763/4313/3997 2765/4324/4004
f 2766/4325/4003 2765/4321/4003 2764/4320/4003
f 2759/4326/4005 2765/4324/4004 2766/4327/4006
f 2765/4324/4004 2759/4326/4005 2760/4314/3998
f 2764/4320/4003 2767/4328/4003 2766/4325/4003
f 2768/4329/4007 2766/4327/4006 2767/4330/4008
f 2766/4327/4006 2768/4329/4007 2759/4326/4005
f 2759/4309/3996 2768/4331/3996 2769/4332/3996
f 2767/4330/4008 2769/4333/4009 2768/4329/4007
f 2769/4332/3996 2761/4310/3996 2759/4309/3996
f 2764/4334/4010 2761/4318/4001 2769/4333/4009
f 2769/4333/4009 2767/4330/4008 2764/4334/4010
f 2761/4318/4001 2764/4334/4010 2762/4316/4000
o gaz2975_nomg_turret.063
v -12.772438 40.241138 -4.416321
v -12.526966 39.055523 -4.637611
v -12.772436 39.055523 -4.416321
v -12.526964 40.261646 -4.637611
v -13.128372 40.847210 -4.685253
v -12.956385 40.138599 -4.690891
v -13.189141 40.534924 -4.866751
v -12.968304 40.597385 -5.106655
v -15.843875 40.597385 -7.279301
v -16.014320 40.534924 -7.001333
v -16.205515 40.847210 -7.010208
v -16.247070 40.138599 -7.177191
v -16.101259 40.159107 -7.473778
v -16.101259 39.055523 -7.473778
v -16.415638 40.261646 -7.575722
v -16.415638 39.055523 -7.575722
v -16.561449 39.055523 -7.279135
v -16.561449 40.241138 -7.279135
v -16.247070 39.055523 -7.177191
v -16.035067 40.909664 -7.288179
v -12.907535 40.909664 -4.925148
v -12.710913 40.159107 -4.912178
v -12.956385 39.055523 -4.690891
v -12.710913 39.055523 -4.912178
vn 0.6696 -0.0000 0.7427
vn 0.6401 0.2343 0.7317
vn 0.6400 0.2344 0.7317
vn -0.8308 -0.0000 0.5566
vn -0.8194 -0.0572 0.5703
vn 0.5171 0.5821 0.6275
vn -0.7800 -0.1940 0.5950
vn -0.6105 -0.3058 0.7306
vn -0.6104 -0.3059 0.7307
vn -0.7799 -0.1940 0.5950
vn -0.5171 -0.5821 -0.6275
vn 0.0397 -0.9753 -0.2174
vn 0.1139 -0.9820 -0.1508
vn 0.2078 -0.9739 -0.0914
vn 0.2078 -0.9739 -0.0915
vn -0.5696 -0.3273 0.7539
vn -0.5482 -0.3136 0.7753
vn -0.5695 -0.3272 0.7540
vn -0.3593 -0.1940 0.9128
vn 0.7449 -0.5821 0.3260
vn 0.8866 -0.1873 0.4229
vn 0.8866 -0.1872 0.4229
vn 0.3593 0.1940 -0.9128
vn 0.3262 0.0605 -0.9434
vn 0.3257 0.0606 -0.9435
vn 0.8974 -0.0000 0.4412
vn 0.3085 -0.0000 -0.9512
vn -0.8974 -0.0000 -0.4412
vn -0.8763 0.2467 -0.4138
vn -0.8763 0.2468 -0.4137
vn -0.3085 -0.0000 0.9512
vn -0.3310 -0.0800 0.9402
vn -0.3310 -0.0799 0.9402
vn -0.7449 0.5821 -0.3260
vn -0.2302 0.9697 0.0814
vn -0.2282 0.9705 0.0782
vn 0.5696 0.3273 -0.7539
vn 0.5347 0.3050 -0.7881
vn 0.5347 0.3049 -0.7881
vn 0.5981 0.3125 -0.7380
vn 0.5982 0.3125 -0.7379
vn -0.1139 0.9820 0.1508
vn 0.7800 0.1940 -0.5950
vn 0.8135 0.0822 -0.5757
vn 0.5170 0.5821 0.6275
vn -0.0051 0.9689 0.2475
vn -0.0052 0.9689 0.2475
vn -0.6696 -0.0000 -0.7428
vn -0.6461 -0.2033 -0.7356
vn -0.6461 -0.2035 -0.7356
vn 0.8308 -0.0000 -0.5566
vt 0.599693 0.861712
vt 0.599693 0.866075
vt 0.598436 0.866075
vt 0.598436 0.861712
vt 0.597295 0.866075
vt 0.598436 0.868679
vt 0.597295 0.868679
vt 0.596229 0.868679
vt 0.596229 0.883269
vt 0.597295 0.883269
vt 0.598436 0.883269
vt 0.597295 0.885874
vt 0.596229 0.885874
vt 0.595031 0.885874
vt 0.596229 0.890341
vt 0.595031 0.890341
vt 0.599693 0.885874
vt 0.599693 0.890341
vt 0.598436 0.890341
vt 0.598436 0.885874
vt 0.597295 0.890341
vt 0.599693 0.883269
vt 0.595031 0.883269
vt 0.595031 0.868679
vt 0.599693 0.868679
vt 0.596229 0.866075
vt 0.595031 0.866075
vt 0.597295 0.861712
vt 0.596229 0.861712
vt 0.595031 0.861712
s 1
usemtl body
f 2771/4335/4011 2773/4336/4012 2770/4337/4013
f 2770/4337/4011 2772/4338/4011 2771/4335/4011
f 2772/4338/4014 2770/4337/4015 2775/4339/4015
f 2774/4340/4016 2770/4337/4013 2773/4336/4012
f 2770/4337/4017 2774/4340/4018 2776/4341/4019
f 2776/4341/4020 2775/4339/4015 2770/4337/4015
f 2775/4339/4021 2776/4341/4022 2777/4342/4022
f 2778/4343/4023 2777/4342/4022 2776/4341/4022
f 2776/4341/4023 2779/4344/4024 2778/4343/4025
f 2779/4344/4026 2776/4341/4019 2774/4340/4018
f 2774/4340/4026 2780/4345/4027 2779/4344/4028
f 2781/4346/4029 2779/4344/4028 2780/4345/4027
f 2779/4344/4030 2781/4346/4031 2782/4347/4032
f 2782/4347/4030 2778/4343/4025 2779/4344/4024
f 2778/4343/4033 2782/4347/4034 2784/4348/4035
f 2783/4349/4036 2782/4347/4032 2781/4346/4031
f 2782/4347/4037 2783/4349/4037 2785/4350/4037
f 2785/4350/4037 2784/4348/4035 2782/4347/4034
f 2784/4351/4038 2785/4352/4038 2786/4353/4038
f 2786/4353/4038 2787/4354/4039 2784/4351/4040
f 2787/4354/4041 2786/4353/4041 2788/4355/4041
f 2788/4355/4041 2781/4346/4042 2787/4354/4043
f 2781/4346/4036 2788/4355/4036 2783/4349/4036
f 2789/4356/4044 2784/4351/4040 2787/4354/4039
f 2787/4354/4044 2780/4345/4045 2789/4356/4046
f 2780/4345/4029 2787/4354/4043 2781/4346/4042
f 2777/4342/4047 2778/4343/4048 2789/4357/4049
f 2789/4357/4047 2790/4358/4050 2777/4342/4051
f 2790/4359/4052 2789/4356/4046 2780/4345/4045
f 2784/4348/4033 2789/4357/4049 2778/4343/4048
f 2791/4360/4053 2777/4342/4051 2790/4358/4050
f 2790/4358/4053 2773/4361/4054 2791/4360/4054
f 2773/4336/4055 2790/4359/4056 2774/4340/4057
f 2780/4345/4052 2774/4340/4057 2790/4359/4056
f 2792/4362/4058 2775/4339/4059 2791/4360/4060
f 2791/4360/4058 2793/4363/4058 2792/4362/4058
f 2793/4363/4061 2791/4360/4054 2773/4361/4054
f 2777/4342/4021 2791/4360/4060 2775/4339/4059
f 2773/4361/4061 2771/4364/4061 2793/4363/4061
f 2775/4339/4014 2792/4362/4014 2772/4338/4014
o gaz2975_nomg_turret.064
v -16.544083 40.241138 -42.651680
v -16.393873 39.055523 -42.357300
v -16.544083 39.055523 -42.651680
v -16.393873 40.261646 -42.357300
v -16.192198 40.847210 -42.925888
v -16.231260 40.138599 -42.758305
v -16.001158 40.534924 -42.937607
v -15.826587 40.597385 -42.662205
v -12.983708 40.597385 -44.877468
v -13.208097 40.534924 -45.114052
v -13.150043 40.847210 -45.296432
v -12.977991 40.138599 -45.293358
v -12.729246 40.159107 -45.075752
v -12.729246 39.055523 -45.075752
v -12.549410 40.261646 -45.353031
v -12.549410 39.055523 -45.353031
v -12.798156 39.055523 -45.570637
v -12.798156 40.241138 -45.570637
v -12.977991 39.055523 -45.293358
v -12.925653 40.909664 -45.059849
v -16.017628 40.909664 -42.650490
v -16.081047 40.159107 -42.463921
v -16.231260 39.055523 -42.758305
v -16.081047 39.055523 -42.463921
vn -0.8907 -0.0000 0.4545
vn -0.8725 0.2343 0.4289
vn -0.8724 0.2343 0.4289
vn -0.3226 -0.0000 -0.9465
vn -0.3388 -0.0573 -0.9391
vn -0.3388 -0.0572 -0.9391
vn -0.7400 0.5821 0.3370
vn -0.3729 -0.1941 -0.9074
vn -0.5477 -0.3059 -0.7787
vn -0.5478 -0.3059 -0.7787
vn -0.3729 -0.1940 -0.9074
vn 0.7400 -0.5821 -0.3370
vn 0.1997 -0.9753 0.0946
vn 0.1161 -0.9820 0.1491
vn 0.1162 -0.9820 0.1491
vn 0.0345 -0.9739 0.2243
vn 0.0346 -0.9739 0.2244
vn -0.5808 -0.3273 -0.7453
vn -0.6070 -0.3136 -0.7302
vn -0.5809 -0.3273 -0.7453
vn -0.7887 -0.1940 -0.5833
vn -0.5077 -0.5821 0.6352
vn -0.6380 -0.1873 0.7469
vn -0.6380 -0.1871 0.7470
vn -0.5076 -0.5821 0.6352
vn 0.7887 0.1940 0.5833
vn 0.8268 0.0605 0.5592
vn 0.8271 0.0607 0.5588
vn -0.6584 -0.0000 0.7526
vn 0.8390 -0.0000 0.5442
vn 0.8390 -0.0000 0.5441
vn 0.6584 -0.0000 -0.7526
vn 0.6265 0.2468 -0.7394
vn 0.6264 0.2468 -0.7394
vn -0.8390 -0.0000 -0.5441
vn -0.8225 -0.0803 -0.5631
vn -0.8225 -0.0799 -0.5630
vn 0.5077 0.5821 -0.6352
vn 0.5076 0.5821 -0.6352
vn -0.0190 0.9697 -0.2434
vn -0.0164 0.9705 -0.2406
vn 0.5808 0.3273 0.7453
vn 0.6228 0.3050 0.7205
vn 0.6229 0.3049 0.7204
vn 0.5581 0.3125 0.7687
vn 0.5580 0.3125 0.7688
vn -0.1162 0.9820 -0.1491
vn 0.3728 0.1941 0.9074
vn 0.3729 0.1940 0.9074
vn 0.3456 0.0822 0.9348
vn 0.3456 0.0825 0.9347
vn -0.2378 0.9689 -0.0690
vn 0.8907 -0.0000 -0.4545
vn 0.8778 -0.2033 -0.4337
vn 0.8778 -0.2035 -0.4337
vn 0.3226 -0.0000 0.9465
vt 0.606011 0.861712
vt 0.606011 0.866075
vt 0.604755 0.866075
vt 0.604755 0.861712
vt 0.603613 0.866075
vt 0.604755 0.868679
vt 0.603613 0.868679
vt 0.602547 0.868679
vt 0.602547 0.883269
vt 0.603613 0.883269
vt 0.604755 0.883269
vt 0.603613 0.885874
vt 0.602547 0.885874
vt 0.601349 0.885874
vt 0.602547 0.890341
vt 0.601349 0.890341
vt 0.606011 0.885874
vt 0.606011 0.890341
vt 0.604755 0.890341
vt 0.604755 0.885874
vt 0.603613 0.890341
vt 0.606011 0.883269
vt 0.601349 0.883269
vt 0.601349 0.868679
vt 0.606011 0.868679
vt 0.602547 0.866075
vt 0.601349 0.866075
vt 0.603613 0.861712
vt 0.602547 0.861712
vt 0.601349 0.861712
s 1
usemtl body
f 2795/4365/4062 2797/4366/4063 2794/4367/4064
f 2794/4367/4062 2796/4368/4062 2795/4365/4062
f 2796/4368/4065 2794/4367/4066 2799/4369/4067
f 2798/4370/4068 2794/4367/4064 2797/4366/4063
f 2794/4367/4069 2798/4370/4070 2800/4371/4071
f 2800/4371/4072 2799/4369/4067 2794/4367/4066
f 2799/4369/4073 2800/4371/4074 2801/4372/4074
f 2802/4373/4075 2801/4372/4074 2800/4371/4074
f 2800/4371/4076 2803/4374/4077 2802/4373/4078
f 2803/4374/4079 2800/4371/4071 2798/4370/4070
f 2798/4370/4079 2804/4375/4080 2803/4374/4081
f 2805/4376/4082 2803/4374/4081 2804/4375/4080
f 2803/4374/4083 2805/4376/4084 2806/4377/4085
f 2806/4377/4086 2802/4373/4078 2803/4374/4077
f 2802/4373/4087 2806/4377/4088 2808/4378/4089
f 2807/4379/4090 2806/4377/4085 2805/4376/4084
f 2806/4377/4091 2807/4379/4091 2809/4380/4091
f 2809/4380/4092 2808/4378/4089 2806/4377/4088
f 2808/4381/4093 2809/4382/4093 2810/4383/4093
f 2810/4383/4093 2811/4384/4094 2808/4381/4095
f 2811/4384/4096 2810/4383/4096 2812/4385/4096
f 2812/4385/4096 2805/4376/4097 2811/4384/4098
f 2805/4376/4090 2812/4385/4090 2807/4379/4090
f 2813/4386/4099 2808/4381/4095 2811/4384/4094
f 2811/4384/4100 2804/4375/4101 2813/4386/4102
f 2804/4375/4082 2811/4384/4098 2805/4376/4097
f 2801/4372/4103 2802/4373/4104 2813/4387/4105
f 2813/4387/4103 2814/4388/4106 2801/4372/4107
f 2814/4389/4108 2813/4386/4102 2804/4375/4101
f 2808/4378/4087 2813/4387/4105 2802/4373/4104
f 2815/4390/4109 2801/4372/4107 2814/4388/4106
f 2814/4388/4110 2797/4391/4111 2815/4390/4112
f 2797/4366/4068 2814/4389/4113 2798/4370/4113
f 2804/4375/4108 2798/4370/4113 2814/4389/4113
f 2816/4392/4114 2799/4369/4115 2815/4390/4116
f 2815/4390/4114 2817/4393/4114 2816/4392/4114
f 2817/4393/4117 2815/4390/4112 2797/4391/4111
f 2801/4372/4073 2815/4390/4116 2799/4369/4115
f 2797/4391/4117 2795/4394/4117 2817/4393/4117
f 2799/4369/4065 2816/4392/4065 2796/4368/4065
o gaz2975_nomg_wheel
v -12.886935 -10.705441 -97.025391
v -36.646297 -8.980076 -97.025360
v -25.080605 -14.166603 -97.025375
v -5.770834 -0.216080 -97.025368
v -7.062000 12.393383 -97.025352
v -39.072937 14.717964 -97.025337
v -42.172306 2.427334 -97.025345
v -28.798418 22.140896 -97.025330
v -16.156326 21.222843 -97.025345
v -24.311720 -3.578686 -107.073494
v -26.976921 -2.906586 -107.073486
v -29.251518 -1.363472 -107.073479
v -24.370573 -4.388779 -109.029114
v -37.281006 7.729980 -110.610252
v -31.917515 15.635960 -110.610245
v -30.162588 13.206844 -109.188141
v -34.375244 6.997223 -109.188141
v -30.960131 9.214138 -109.029068
v -32.200218 6.448746 -109.029076
v -31.412636 6.250130 -107.073479
v -32.419731 3.425983 -109.029076
v -31.611713 3.508713 -107.073471
v -30.861166 0.864540 -107.073486
v -29.817324 -1.946228 -109.029099
v -27.309292 -3.647709 -109.029106
v -28.227121 -5.694443 -109.188179
v -20.743107 -6.237923 -109.188171
v -19.924810 -9.120766 -110.610275
v -12.180773 -3.526012 -110.610260
v -14.660670 -1.843613 -109.188156
v -33.610874 -0.467472 -109.188148
v -28.848980 11.388607 -109.029068
v -31.592175 0.510441 -109.029091
v -29.453316 -8.428814 -110.610268
v -36.307838 -1.773937 -110.610252
v -40.415031 -3.763565 -111.210098
v -41.706223 8.845905 -111.210083
v -31.320721 -12.593014 -111.210144
v -18.678631 -13.511063 -111.210136
v -8.404100 -6.088142 -111.210136
v -5.304752 6.202484 -111.210114
v -9.844723 5.737606 -110.610245
v -10.830749 17.609898 -111.210106
v -14.009751 14.335522 -110.610252
v -22.396460 22.796444 -111.210091
v -22.726980 18.244698 -110.610245
v -34.590099 19.335270 -111.210083
v -12.825869 5.432343 -109.188164
v -16.097216 12.185440 -109.188148
v -22.944027 15.255829 -109.188148
v -26.121445 12.709888 -109.029083
v -28.373308 10.730209 -107.073471
v -30.287954 8.758129 -107.073471
v -19.103720 -2.100391 -107.073486
v -23.106489 13.018612 -109.029076
v -15.884894 8.119392 -109.029083
v -21.577389 -3.298691 -107.073486
v -21.355621 -4.080055 -109.029106
v -18.628071 -2.758774 -109.029099
v -16.516935 -0.584305 -109.029099
v -15.276826 2.181084 -109.029099
v -17.189064 -0.128311 -107.073479
v -16.064383 2.379692 -107.073479
v -16.615860 7.765285 -107.073471
v -25.899633 11.928513 -107.073471
v -23.165300 12.208500 -107.073463
v -15.057322 5.203850 -109.029091
v -15.865306 5.121105 -107.073479
v -20.167763 12.277542 -109.029083
v -17.659731 10.576057 -109.029068
v -18.225519 9.993290 -107.073463
v -20.500101 11.536407 -107.073463
v -14.245477 -15.281679 -98.993835
v -21.520426 -17.346674 -98.993835
v -21.520403 -17.346676 -108.154572
v -12.152981 21.392414 -109.908264
v -7.010818 16.400009 -109.908257
v -3.886291 9.949966 -109.908272
v -6.088089 17.066628 -108.154564
v -2.791210 10.260799 -108.154572
v -3.156208 2.820259 -109.908279
v -2.020857 2.737812 -108.154564
v -4.908688 -4.129162 -109.908287
v -3.869985 -4.594955 -108.154572
v -8.932302 -10.060131 -109.908302
v -8.115561 -10.853062 -108.154579
v -14.741769 -14.257235 -109.908295
v -14.245485 -15.281683 -108.154572
v -21.636389 -16.214266 -109.908287
v -28.784555 -15.695175 -109.908302
v -29.062874 -16.798954 -108.154587
v -8.115560 -10.853065 -98.993828
v -3.869982 -4.594955 -98.993828
v -2.020857 2.737808 -98.993820
v -2.791202 10.260799 -98.993813
v -6.088095 17.066628 -98.993797
v -11.513885 22.334423 -98.993805
v -11.513877 22.334423 -108.154556
v -18.414165 25.428799 -98.993790
v -18.414169 25.428799 -108.154549
v -25.956633 25.976505 -98.993790
v -25.956629 25.976505 -108.154541
v -33.231548 23.911518 -98.993790
v -29.062870 -16.798954 -98.993835
v -39.361504 19.482891 -98.993782
v -33.231556 23.911526 -108.154533
v -39.361485 19.482891 -108.154541
v -43.607040 13.224785 -98.993790
v -43.607044 13.224785 -108.154549
v -45.456181 5.892014 -98.993797
v -45.456181 5.892014 -108.154549
v -44.685841 -1.630978 -98.993805
v -44.685814 -1.630978 -108.154564
v -41.388947 -8.436810 -98.993813
v -41.388931 -8.436806 -108.154564
v -35.963150 -13.704601 -98.993828
v -35.963131 -13.704590 -108.154594
v -35.324074 -12.762581 -109.908287
v -40.466232 -7.770184 -109.908279
v -43.590782 -1.320141 -109.908272
v -44.320843 5.809563 -109.908264
v -42.568394 12.758999 -109.908257
v -38.544773 18.689953 -109.908257
v -32.735313 22.887058 -109.908249
v -25.840685 24.844090 -109.908249
v -18.692513 24.325001 -109.908241
vn 0.1517 -0.1769 0.9725
vn -0.1690 -0.2059 0.9639
vn 0.0040 -0.3702 0.9290
vn 0.3652 -0.0603 0.9290
vn 0.2005 0.1187 0.9725
vn -0.2031 0.1143 0.9725
vn -0.3638 -0.0682 0.9290
vn -0.1093 0.2904 0.9507
vn 0.1228 0.3492 0.9290
vn 0.0316 0.4355 -0.8996
vn 0.3368 0.7511 -0.5678
vn 0.2104 0.2167 -0.9533
vn 0.0473 0.6516 -0.7571
vn 0.2691 -0.0866 -0.9592
vn 0.1505 -0.2393 -0.9592
vn 0.1550 -0.1761 -0.9721
vn 0.2319 -0.0353 -0.9721
vn 0.5406 -0.3667 -0.7571
vn 0.5634 -0.1421 -0.8139
vn 0.7982 -0.2013 -0.5678
vn 0.6499 0.0665 -0.7571
vn 0.4344 0.0445 -0.8996
vn 0.7408 0.3589 -0.5678
vn 0.4551 0.4687 -0.7571
vn 0.2377 0.5302 -0.8139
vn 0.0751 0.2223 -0.9721
vn -0.0854 0.2185 -0.9721
vn -0.0596 0.2763 -0.9592
vn -0.2233 0.1734 -0.9592
vn -0.2058 0.1125 -0.9721
vn 0.2003 0.1220 -0.9721
vn 0.3402 -0.4710 -0.8139
vn 0.5229 0.2533 -0.8139
vn 0.1320 0.2500 -0.9592
vn 0.2618 0.1067 -0.9592
vn -0.1883 -0.0758 -0.9792
vn -0.1930 0.0629 -0.9792
vn -0.0955 -0.1791 -0.9792
vn 0.0420 -0.1986 -0.9792
vn 0.1598 -0.1251 -0.9792
vn 0.2029 0.0068 -0.9792
vn -0.2825 -0.0107 -0.9592
vn 0.1510 0.1356 -0.9792
vn -0.2095 -0.1898 -0.9592
vn 0.0285 0.2010 -0.9792
vn -0.0385 -0.2800 -0.9592
vn -0.1074 0.1723 -0.9792
vn -0.2300 -0.0462 -0.9721
vn -0.1465 -0.1832 -0.9721
vn 0.0055 -0.2345 -0.9721
vn 0.1784 -0.6284 -0.7571
vn 0.4820 -0.6673 -0.5678
vn 0.2156 -0.1463 -0.9655
vn -0.1526 0.2112 -0.9655
vn -0.0421 -0.5795 -0.8139
vn -0.5879 -0.2848 -0.7571
vn -0.2248 0.7919 -0.5678
vn -0.1586 0.5589 -0.8139
vn -0.3826 0.5296 -0.7571
vn -0.4808 0.3262 -0.8139
vn -0.6334 0.1597 -0.7571
vn -0.6812 0.4621 -0.5678
vn -0.4234 0.1068 -0.8996
vn -0.2345 -0.1136 -0.9654
vn 0.0977 -0.3443 -0.9337
vn -0.0597 -0.8210 -0.5678
vn -0.5780 -0.0592 -0.8139
vn -0.8189 -0.0837 -0.5678
vn -0.2673 -0.5961 -0.7571
vn -0.4047 -0.4169 -0.8139
vn -0.5734 -0.5906 -0.5678
vn -0.1787 -0.3984 -0.8996
vn 0.3330 -0.7902 0.5145
vn 0.0483 -0.9146 0.4014
vn 0.1024 -0.9532 -0.2845
vn 0.3511 0.5751 -0.7389
vn 0.5622 0.4516 -0.6928
vn 0.6386 0.2149 -0.7389
vn 0.7743 0.5653 -0.2844
vn 0.9209 0.2664 -0.2846
vn 0.7210 -0.0154 -0.6928
vn 0.9565 -0.0646 -0.2845
vn 0.6274 -0.2459 -0.7389
vn 0.8767 -0.3879 -0.2845
vn 0.5424 -0.4753 -0.6928
vn 0.6912 -0.6644 -0.2845
vn 0.3226 -0.5916 -0.7389
vn 0.4222 -0.8607 -0.2845
vn 0.1100 -0.7127 -0.6928
vn -0.1332 -0.6606 -0.7389
vn -0.2297 -0.9307 -0.2846
vn 0.6249 -0.6696 0.4014
vn 0.7630 -0.3913 0.5146
vn 0.9091 -0.1113 0.4014
vn 0.8360 0.1907 0.5146
vn 0.7680 0.4991 0.4014
vn 0.5178 0.6835 0.5145
vn 0.5342 0.7960 -0.2845
vn 0.2675 0.8760 0.4013
vn 0.2058 0.9232 -0.3247
vn -0.0426 0.8564 0.5145
vn -0.1356 0.9644 -0.2272
vn -0.3582 0.8429 0.4014
vn -0.2529 -0.8193 0.5145
vn -0.5832 0.6286 0.5145
vn -0.4222 0.8607 -0.2845
vn -0.6911 0.6644 -0.2844
vn -0.8162 0.4155 0.4014
vn -0.8767 0.3879 -0.2845
vn -0.8508 0.1068 0.5146
vn -0.9565 0.0647 -0.2845
vn -0.8924 -0.2064 0.4014
vn -0.9209 -0.2664 -0.2845
vn -0.7204 -0.4651 0.5146
vn -0.7743 -0.5653 -0.2845
vn -0.5509 -0.7317 0.4014
vn -0.5341 -0.7960 -0.2847
vn -0.3739 -0.6167 -0.6928
vn -0.5266 -0.4204 -0.7389
vn -0.6828 -0.2321 -0.6928
vn -0.6736 0.0164 -0.7389
vn -0.6722 0.2611 -0.6928
vn -0.5055 0.4456 -0.7389
vn -0.3471 0.6321 -0.6928
vn -0.0772 0.6963 -0.7136
vn 0.1599 0.6673 -0.7274
vt 0.417368 0.495341
vt 0.409612 0.539150
vt 0.405517 0.515834
vt 0.439619 0.487260
vt 0.461859 0.495372
vt 0.451409 0.554396
vt 0.427736 0.554380
vt 0.469554 0.539192
vt 0.473681 0.515881
vt 0.441165 0.431018
vt 0.443747 0.422692
vt 0.449221 0.415912
vt 0.436108 0.429677
vt 0.481477 0.393037
vt 0.504512 0.412728
vt 0.496988 0.418196
vt 0.479231 0.402062
vt 0.485071 0.411114
vt 0.476058 0.406454
vt 0.473756 0.410621
vt 0.465548 0.404299
vt 0.465110 0.409503
vt 0.456552 0.411191
vt 0.446210 0.411634
vt 0.440053 0.419700
vt 0.436282 0.415812
vt 0.431189 0.439259
vt 0.422251 0.441825
vt 0.437167 0.468203
vt 0.442367 0.460493
vt 0.455255 0.401123
vt 0.491736 0.419519
vt 0.455645 0.406526
vt 0.427784 0.412031
vt 0.451175 0.392766
vt 0.446073 0.379905
vt 0.485835 0.379905
vt 0.415608 0.405458
vt 0.408700 0.444616
vt 0.428580 0.479052
vt 0.465941 0.492663
vt 0.465545 0.478833
vt 0.503306 0.479062
vt 0.494113 0.468722
vt 0.523193 0.444630
vt 0.509505 0.442617
vt 0.516291 0.405470
vt 0.464571 0.469584
vt 0.487423 0.462263
vt 0.500229 0.441970
vt 0.495644 0.428883
vt 0.487299 0.421222
vt 0.481381 0.414824
vt 0.444711 0.447767
vt 0.495356 0.439608
vt 0.476664 0.462797
vt 0.441334 0.439730
vt 0.436579 0.439813
vt 0.439974 0.449990
vt 0.446850 0.457453
vt 0.455988 0.463072
vt 0.450438 0.454335
vt 0.458188 0.458322
vt 0.475296 0.457746
vt 0.490431 0.429353
vt 0.490864 0.438061
vt 0.466051 0.464373
vt 0.466794 0.459680
vt 0.492326 0.449294
vt 0.485207 0.457320
vt 0.482759 0.453245
vt 0.488032 0.446302
vt 0.863804 0.373335
vt 0.885722 0.373001
vt 0.886709 0.400759
vt 0.735247 0.408515
vt 0.745999 0.416959
vt 0.703018 0.416959
vt 0.756743 0.408540
vt 0.778245 0.408639
vt 0.756716 0.402140
vt 0.778195 0.402206
vt 0.799770 0.408525
vt 0.799705 0.402200
vt 0.821329 0.408431
vt 0.821260 0.402108
vt 0.842872 0.408085
vt 0.842872 0.401815
vt 0.864485 0.407228
vt 0.864598 0.401153
vt 0.886141 0.407183
vt 0.907913 0.407731
vt 0.909518 0.400347
vt 0.789068 0.416959
vt 0.832189 0.416959
vt 0.874833 0.416959
vt 0.915076 0.416959
vt 0.842311 0.373820
vt 0.820908 0.374055
vt 0.799479 0.374154
vt 0.778065 0.373998
vt 0.756661 0.373969
vt 0.735212 0.373970
vt 0.735236 0.402117
vt 0.713743 0.373957
vt 0.713756 0.402093
vt 0.692269 0.373936
vt 0.692278 0.402072
vt 0.670793 0.373918
vt 0.908296 0.372951
vt 0.894044 0.361214
vt 0.852655 0.361214
vt 0.810143 0.361214
vt 0.767393 0.361214
vt 0.724472 0.361214
vt 0.681533 0.361214
vt 0.649312 0.373900
vt 0.670801 0.402051
vt 0.649327 0.402032
vt 0.627826 0.373900
vt 0.627852 0.402018
vt 0.606320 0.373953
vt 0.606360 0.402005
vt 0.584807 0.373888
vt 0.584825 0.401924
vt 0.563179 0.374103
vt 0.563133 0.401952
vt 0.541297 0.373894
vt 0.541036 0.401720
vt 0.518714 0.373884
vt 0.518314 0.402212
vt 0.541772 0.407623
vt 0.518699 0.407762
vt 0.533196 0.416959
vt 0.563464 0.408169
vt 0.584926 0.408170
vt 0.638563 0.361214
vt 0.595604 0.361214
vt 0.552858 0.361214
vt 0.512531 0.361214
vt 0.574407 0.416959
vt 0.606404 0.408350
vt 0.627862 0.408392
vt 0.649332 0.408420
vt 0.670804 0.408441
vt 0.692281 0.408466
vt 0.713762 0.408486
vt 0.617137 0.416959
vt 0.660064 0.416959
s 1
usemtl body
f 2818/4395/4118 2819/4396/4119 2820/4397/4120
f 2818/4395/4118 2821/4398/4121 2822/4399/4122
f 2818/4395/4118 2822/4399/4122 2823/4400/4123
f 2818/4395/4118 2823/4400/4123 2819/4396/4119
f 2823/4400/4123 2824/4401/4124 2819/4396/4119
f 2822/4399/4122 2825/4402/4125 2823/4400/4123
f 2822/4399/4122 2826/4403/4126 2825/4402/4125
f 2827/4404/4127 2828/4405/4128 2829/4406/4129
f 2828/4405/4128 2827/4404/4127 2830/4407/4130
f 2831/4408/4131 2832/4409/4132 2833/4410/4133
f 2833/4410/4133 2834/4411/4134 2831/4408/4131
f 2833/4410/4133 2835/4412/4135 2834/4411/4134
f 2835/4412/4135 2836/4413/4136 2834/4411/4134
f 2837/4414/4137 2836/4413/4136 2835/4412/4135
f 2838/4415/4138 2836/4413/4136 2837/4414/4137
f 2837/4414/4137 2839/4416/4139 2838/4415/4138
f 2838/4415/4138 2839/4416/4139 2840/4417/4140
f 2829/4406/4129 2840/4417/4140 2839/4416/4139
f 2840/4417/4140 2829/4406/4129 2841/4418/4141
f 2841/4418/4141 2829/4406/4129 2828/4405/4128
f 2828/4405/4128 2842/4419/4142 2841/4418/4141
f 2830/4407/4130 2842/4419/4142 2828/4405/4128
f 2843/4420/4143 2842/4419/4142 2830/4407/4130
f 2843/4420/4143 2830/4407/4130 2844/4421/4144
f 2843/4420/4143 2844/4421/4144 2845/4422/4145
f 2846/4423/4146 2845/4422/4145 2844/4421/4144
f 2844/4421/4144 2847/4424/4147 2846/4423/4146
f 2841/4418/4141 2842/4419/4142 2843/4420/4143
f 2834/4411/4134 2838/4415/4138 2848/4425/4148
f 2834/4411/4134 2836/4413/4136 2838/4415/4138
f 2833/4410/4133 2849/4426/4149 2835/4412/4135
f 2838/4415/4138 2850/4427/4150 2848/4425/4148
f 2840/4417/4140 2850/4427/4150 2838/4415/4138
f 2841/4418/4141 2850/4427/4150 2840/4417/4140
f 2848/4425/4148 2850/4427/4150 2841/4418/4141
f 2848/4425/4148 2841/4418/4141 2843/4420/4143
f 2848/4425/4148 2843/4420/4143 2851/4428/4151
f 2845/4422/4145 2851/4428/4151 2843/4420/4143
f 2851/4428/4151 2852/4429/4152 2848/4425/4148
f 2834/4411/4134 2848/4425/4148 2852/4429/4152
f 2852/4429/4152 2831/4408/4131 2834/4411/4134
f 2853/4430/4153 2854/4431/4154 2831/4408/4131
f 2831/4408/4131 2852/4429/4152 2853/4430/4153
f 2855/4432/4155 2853/4430/4153 2852/4429/4152
f 2852/4429/4152 2851/4428/4151 2855/4432/4155
f 2856/4433/4156 2855/4432/4155 2851/4428/4151
f 2851/4428/4151 2845/4422/4145 2856/4433/4156
f 2857/4434/4157 2856/4433/4156 2845/4422/4145
f 2845/4422/4145 2846/4423/4146 2857/4434/4157
f 2858/4435/4158 2857/4434/4157 2846/4423/4146
f 2846/4423/4146 2859/4436/4159 2858/4435/4158
f 2860/4437/4160 2858/4435/4158 2859/4436/4159
f 2859/4436/4159 2861/4438/4161 2860/4437/4160
f 2862/4439/4162 2860/4437/4160 2861/4438/4161
f 2861/4438/4161 2863/4440/4163 2862/4439/4162
f 2864/4441/4164 2862/4439/4162 2863/4440/4163
f 2863/4440/4163 2832/4409/4132 2864/4441/4164
f 2854/4431/4154 2864/4441/4164 2832/4409/4132
f 2832/4409/4132 2831/4408/4131 2854/4431/4154
f 2859/4436/4159 2846/4423/4146 2847/4424/4147
f 2847/4424/4147 2865/4442/4165 2859/4436/4159
f 2861/4438/4161 2859/4436/4159 2865/4442/4165
f 2865/4442/4165 2866/4443/4166 2861/4438/4161
f 2863/4440/4163 2861/4438/4161 2866/4443/4166
f 2866/4443/4166 2867/4444/4167 2863/4440/4163
f 2832/4409/4132 2863/4440/4163 2867/4444/4167
f 2867/4444/4167 2833/4410/4133 2832/4409/4132
f 2867/4444/4167 2868/4445/4168 2833/4410/4133
f 2868/4445/4168 2849/4426/4149 2833/4410/4133
f 2869/4446/4169 2849/4426/4149 2868/4445/4168
f 2835/4412/4135 2849/4426/4149 2869/4446/4169
f 2869/4446/4169 2870/4447/4170 2835/4412/4135
f 2835/4412/4135 2870/4447/4170 2837/4414/4137
f 2839/4416/4139 2837/4414/4137 2870/4447/4170
f 2829/4406/4129 2839/4416/4139 2870/4447/4170
f 2871/4448/4171 2829/4406/4129 2870/4447/4170
f 2871/4448/4171 2827/4404/4127 2829/4406/4129
f 2867/4444/4167 2872/4449/4172 2868/4445/4168
f 2865/4442/4165 2873/4450/4173 2866/4443/4166
f 2871/4448/4171 2874/4451/4174 2827/4404/4127
f 2830/4407/4130 2827/4404/4127 2874/4451/4174
f 2874/4451/4174 2875/4452/4175 2830/4407/4130
f 2830/4407/4130 2875/4452/4175 2844/4421/4144
f 2844/4421/4144 2875/4452/4175 2876/4453/4176
f 2844/4421/4144 2876/4453/4176 2847/4424/4147
f 2876/4453/4176 2877/4454/4177 2847/4424/4147
f 2847/4424/4147 2877/4454/4177 2878/4455/4178
f 2878/4455/4178 2877/4454/4177 2879/4456/4179
f 2879/4456/4179 2880/4457/4180 2878/4455/4178
f 2880/4457/4180 2879/4456/4179 2871/4448/4171
f 2881/4458/4181 2880/4457/4180 2871/4448/4171
f 2881/4458/4181 2871/4448/4171 2870/4447/4170
f 2881/4458/4181 2870/4447/4170 2882/4459/4182
f 2870/4447/4170 2869/4446/4169 2882/4459/4182
f 2868/4445/4168 2882/4459/4182 2869/4446/4169
f 2883/4460/4183 2882/4459/4182 2868/4445/4168
f 2868/4445/4168 2872/4449/4172 2883/4460/4183
f 2879/4456/4179 2877/4454/4177 2876/4453/4176
f 2876/4453/4176 2871/4448/4171 2879/4456/4179
f 2874/4451/4174 2871/4448/4171 2876/4453/4176
f 2876/4453/4176 2875/4452/4175 2874/4451/4174
f 2847/4424/4147 2878/4455/4178 2865/4442/4165
f 2878/4455/4178 2884/4461/4184 2865/4442/4165
f 2865/4442/4165 2884/4461/4184 2873/4450/4173
f 2873/4450/4173 2884/4461/4184 2885/4462/4185
f 2885/4462/4185 2881/4458/4181 2873/4450/4173
f 2881/4458/4181 2885/4462/4185 2880/4457/4180
f 2878/4455/4178 2880/4457/4180 2885/4462/4185
f 2885/4462/4185 2884/4461/4184 2878/4455/4178
f 2883/4460/4183 2872/4449/4172 2886/4463/4186
f 2886/4463/4186 2872/4449/4172 2867/4444/4167
f 2866/4443/4166 2886/4463/4186 2867/4444/4167
f 2866/4443/4166 2887/4464/4187 2886/4463/4186
f 2873/4450/4173 2887/4464/4187 2866/4443/4166
f 2888/4465/4188 2887/4464/4187 2873/4450/4173
f 2873/4450/4173 2881/4458/4181 2888/4465/4188
f 2889/4466/4189 2888/4465/4188 2881/4458/4181
f 2889/4466/4189 2881/4458/4181 2882/4459/4182
f 2883/4460/4183 2889/4466/4189 2882/4459/4182
f 2886/4463/4186 2889/4466/4189 2883/4460/4183
f 2888/4465/4188 2889/4466/4189 2886/4463/4186
f 2886/4463/4186 2887/4464/4187 2888/4465/4188
f 2890/4467/4190 2891/4468/4191 2892/4469/4192
f 2893/4470/4193 2860/4471/4160 2862/4472/4162
f 2860/4471/4160 2893/4470/4193 2894/4473/4194
f 2860/4471/4160 2894/4473/4194 2895/4474/4195
f 2895/4474/4195 2894/4473/4194 2896/4475/4196
f 2896/4475/4196 2897/4476/4197 2895/4474/4195
f 2898/4477/4198 2895/4474/4195 2897/4476/4197
f 2897/4476/4197 2899/4478/4199 2898/4477/4198
f 2900/4479/4200 2898/4477/4198 2899/4478/4199
f 2899/4478/4199 2901/4480/4201 2900/4479/4200
f 2902/4481/4202 2900/4479/4200 2901/4480/4201
f 2901/4480/4201 2903/4482/4203 2902/4481/4202
f 2904/4483/4204 2902/4481/4202 2903/4482/4203
f 2903/4482/4203 2905/4484/4205 2904/4483/4204
f 2906/4485/4206 2904/4483/4204 2905/4484/4205
f 2905/4484/4205 2892/4469/4192 2906/4485/4206
f 2907/4486/4207 2906/4485/4206 2892/4469/4192
f 2892/4469/4192 2908/4487/4208 2907/4486/4207
f 2908/4487/4208 2892/4469/4192 2891/4468/4191
f 2895/4474/4195 2858/4488/4158 2860/4471/4160
f 2858/4488/4158 2895/4474/4195 2898/4477/4198
f 2858/4488/4158 2898/4477/4198 2900/4479/4200
f 2900/4479/4200 2857/4489/4157 2858/4488/4158
f 2857/4489/4157 2900/4479/4200 2902/4481/4202
f 2857/4489/4157 2902/4481/4202 2904/4483/4204
f 2904/4483/4204 2856/4490/4156 2857/4489/4157
f 2856/4490/4156 2904/4483/4204 2906/4485/4206
f 2856/4490/4156 2906/4485/4206 2907/4486/4207
f 2907/4486/4207 2855/4491/4155 2856/4490/4156
f 2892/4469/4192 2905/4484/4205 2890/4467/4190
f 2909/4492/4209 2890/4467/4190 2905/4484/4205
f 2905/4484/4205 2903/4482/4203 2909/4492/4209
f 2910/4493/4210 2909/4492/4209 2903/4482/4203
f 2903/4482/4203 2901/4480/4201 2910/4493/4210
f 2911/4494/4211 2910/4493/4210 2901/4480/4201
f 2901/4480/4201 2899/4478/4199 2911/4494/4211
f 2912/4495/4212 2911/4494/4211 2899/4478/4199
f 2899/4478/4199 2897/4476/4197 2912/4495/4212
f 2913/4496/4213 2912/4495/4212 2897/4476/4197
f 2897/4476/4197 2896/4475/4196 2913/4496/4213
f 2914/4497/4214 2913/4496/4213 2896/4475/4196
f 2896/4475/4196 2915/4498/4215 2914/4497/4214
f 2916/4499/4216 2914/4497/4214 2915/4498/4215
f 2915/4498/4215 2917/4500/4217 2916/4499/4216
f 2918/4501/4218 2916/4499/4216 2917/4500/4217
f 2917/4500/4217 2919/4502/4219 2918/4501/4218
f 2920/4503/4220 2918/4501/4218 2919/4502/4219
f 2917/4500/4217 2915/4498/4215 2893/4470/4193
f 2894/4473/4194 2893/4470/4193 2915/4498/4215
f 2915/4498/4215 2896/4475/4196 2894/4473/4194
f 2891/4468/4191 2921/4504/4221 2908/4487/4208
f 2820/4505/4120 2921/4504/4221 2891/4468/4191
f 2820/4505/4120 2891/4468/4191 2890/4467/4190
f 2890/4467/4190 2818/4506/4118 2820/4505/4120
f 2818/4506/4118 2890/4467/4190 2909/4492/4209
f 2818/4506/4118 2909/4492/4209 2910/4493/4210
f 2910/4493/4210 2821/4507/4121 2818/4506/4118
f 2821/4507/4121 2910/4493/4210 2911/4494/4211
f 2821/4507/4121 2911/4494/4211 2912/4495/4212
f 2912/4495/4212 2822/4508/4122 2821/4507/4121
f 2822/4508/4122 2912/4495/4212 2913/4496/4213
f 2822/4508/4122 2913/4496/4213 2914/4497/4214
f 2914/4497/4214 2826/4509/4126 2822/4508/4122
f 2826/4509/4126 2914/4497/4214 2916/4499/4216
f 2826/4509/4126 2916/4499/4216 2918/4501/4218
f 2918/4501/4218 2825/4510/4125 2826/4509/4126
f 2825/4510/4125 2918/4501/4218 2920/4503/4220
f 2825/4510/4125 2920/4503/4220 2922/4511/4222
f 2919/4502/4219 2923/4512/4223 2920/4503/4220
f 2922/4511/4222 2920/4503/4220 2923/4512/4223
f 2923/4512/4223 2924/4513/4224 2922/4511/4222
f 2925/4514/4225 2922/4511/4222 2924/4513/4224
f 2924/4513/4224 2926/4515/4226 2925/4514/4225
f 2927/4516/4227 2925/4514/4225 2926/4515/4226
f 2926/4515/4226 2928/4517/4228 2927/4516/4227
f 2929/4518/4229 2927/4516/4227 2928/4517/4228
f 2928/4517/4228 2930/4519/4230 2929/4518/4229
f 2931/4520/4231 2929/4518/4229 2930/4519/4230
f 2930/4519/4230 2932/4521/4232 2931/4520/4231
f 2933/4522/4233 2931/4520/4231 2932/4521/4232
f 2932/4521/4232 2934/4523/4234 2933/4522/4233
f 2921/4524/4221 2933/4522/4233 2934/4523/4234
f 2934/4523/4234 2908/4525/4208 2921/4524/4221
f 2908/4525/4208 2934/4523/4234 2935/4526/4235
f 2935/4526/4235 2907/4527/4207 2908/4525/4208
f 2855/4528/4155 2907/4527/4207 2935/4526/4235
f 2936/4529/4236 2935/4526/4235 2934/4523/4234
f 2934/4523/4234 2932/4521/4232 2936/4529/4236
f 2937/4530/4237 2936/4529/4236 2932/4521/4232
f 2932/4521/4232 2930/4519/4230 2937/4530/4237
f 2922/4511/4222 2823/4531/4123 2825/4510/4125
f 2823/4531/4123 2922/4511/4222 2925/4514/4225
f 2823/4531/4123 2925/4514/4225 2927/4516/4227
f 2927/4516/4227 2824/4532/4124 2823/4531/4123
f 2824/4532/4124 2927/4516/4227 2929/4518/4229
f 2824/4532/4124 2929/4518/4229 2931/4520/4231
f 2931/4520/4231 2819/4533/4119 2824/4532/4124
f 2819/4533/4119 2931/4520/4231 2933/4522/4233
f 2819/4533/4119 2933/4522/4233 2921/4524/4221
f 2921/4524/4221 2820/4534/4120 2819/4533/4119
f 2855/4528/4155 2935/4526/4235 2936/4529/4236
f 2936/4529/4236 2853/4535/4153 2855/4528/4155
f 2853/4535/4153 2936/4529/4236 2937/4530/4237
f 2853/4535/4153 2937/4530/4237 2938/4536/4238
f 2938/4536/4238 2937/4530/4237 2930/4519/4230
f 2930/4519/4230 2928/4517/4228 2938/4536/4238
f 2939/4537/4239 2938/4536/4238 2928/4517/4228
f 2928/4517/4228 2926/4515/4226 2939/4537/4239
f 2940/4538/4240 2939/4537/4239 2926/4515/4226
f 2926/4515/4226 2924/4513/4224 2940/4538/4240
f 2941/4539/4241 2940/4538/4240 2924/4513/4224
f 2924/4513/4224 2923/4512/4223 2941/4539/4241
f 2942/4540/4242 2941/4539/4241 2923/4512/4223
f 2923/4512/4223 2919/4502/4219 2942/4540/4242
f 2942/4540/4242 2919/4502/4219 2917/4500/4217
f 2917/4500/4217 2943/4541/4243 2942/4540/4242
f 2893/4470/4193 2943/4541/4243 2917/4500/4217
f 2862/4472/4162 2943/4541/4243 2893/4470/4193
f 2938/4536/4238 2854/4542/4154 2853/4535/4153
f 2854/4542/4154 2938/4536/4238 2939/4537/4239
f 2854/4542/4154 2939/4537/4239 2940/4538/4240
f 2940/4538/4240 2864/4543/4164 2854/4542/4154
f 2864/4543/4164 2940/4538/4240 2941/4539/4241
f 2864/4543/4164 2941/4539/4241 2942/4540/4242
f 2942/4540/4242 2862/4472/4162 2864/4543/4164
f 2862/4472/4162 2942/4540/4242 2943/4541/4243
o gaz2975_nomg_body.005
v -42.985096 11.477917 10.477249
v -42.984440 11.477921 38.850285
v -40.202290 25.485874 10.475171
v -40.196568 25.485874 35.606922
v -42.199806 15.420395 38.838467
vn 0.9808 -0.1949 -0.0000
vn 0.9808 -0.1950 -0.0001
vn 0.9808 -0.1951 -0.0001
vn 0.9808 -0.1952 -0.0002
vn 0.9808 -0.1952 -0.0000
vt 0.009818 0.679680
vt 0.009788 0.930238
vt 0.495079 0.679671
vt 0.439614 0.930248
vt 0.494879 0.750194
s 1
usemtl glass
f 2944/4544/4244 2946/4545/4245 2945/4546/4246
f 2946/4545/4245 2947/4547/4247 2945/4546/4246
f 2947/4547/4247 2948/4548/4248 2945/4546/4246
o gaz2975_nomg_body.006
v -40.614578 25.536182 10.475132
v -43.396713 11.528229 38.850250
v -43.397385 11.528229 10.477214
v -42.612080 15.470703 38.838428
v -40.608849 25.536182 35.606888
vn -0.9808 0.1952 0.0002
vn -0.9808 0.1950 0.0001
vn -0.9808 0.1951 0.0001
vn -0.9808 0.1949 -0.0000
vn -0.9808 0.1953 0.0002
vt 0.494879 0.750194
vt 0.009788 0.930238
vt 0.495079 0.679671
vt 0.009818 0.679680
vt 0.439614 0.930248
s 1
usemtl glass
f 2952/4549/4249 2949/4550/4250 2950/4551/4251
f 2949/4550/4250 2951/4552/4252 2950/4551/4251
f 2952/4549/4249 2953/4553/4253 2949/4550/4250
o gaz2975_nomg_body.008
v 40.347141 25.485889 35.606937
v 42.350365 15.420410 38.838482
v 43.135014 11.477932 38.850300
v 40.352882 25.485889 10.475175
v 43.135696 11.477928 10.477262
vn -0.9808 -0.1952 -0.0002
vn -0.9808 -0.1951 -0.0001
vn -0.9808 -0.1952 -0.0000
vn -0.9808 -0.1950 -0.0001
vn -0.9808 -0.1949 -0.0000
vt 0.938413 0.988567
vt 0.993879 0.737990
vt 0.993678 0.808513
vt 0.508587 0.988557
vt 0.508617 0.737999
s 1
usemtl glass
f 2954/4554/4254 2956/4555/4255 2955/4556/4256
f 2957/4557/4257 2956/4555/4255 2954/4554/4254
f 2958/4558/4258 2956/4555/4255 2957/4557/4257
o gaz2975_nomg_body.009
v 42.624828 15.468796 38.838444
v 40.621590 25.534275 35.606899
v 40.627346 25.534275 10.475147
v 43.409470 11.526318 38.850262
v 43.410168 11.526314 10.477225
vn 0.9808 0.1952 0.0002
vn 0.9808 0.1950 0.0001
vn 0.9808 0.1953 0.0002
vn 0.9808 0.1951 0.0001
vn 0.9808 0.1949 -0.0000
vt 0.993678 0.808513
vt 0.508587 0.988557
vt 0.938413 0.988567
vt 0.993879 0.737990
vt 0.508617 0.737999
s 1
usemtl glass
f 2959/4559/4259 2961/4560/4260 2960/4561/4261
f 2959/4559/4259 2962/4562/4262 2961/4560/4260
f 2961/4560/4260 2962/4562/4262 2963/4563/4263
o gaz2975_nomg_body.020
v -3.795310 18.643059 -86.705719
v -28.143719 27.088528 -86.705696
v -3.795312 27.088535 -86.705719
v -28.143719 18.643051 -86.705696
vn -0.0000 -0.0000 1.0000
vt 0.986664 0.188651
vt 0.986664 0.008658
vt 0.488856 0.008658
vt 0.488856 0.188651
s 1
usemtl glass
f 2965/4564/4264 2967/4565/4264 2964/4566/4264
f 2964/4566/4264 2966/4567/4264 2965/4564/4264
o gaz2975_nomg_body.021
v -28.143715 27.088528 -87.183548
v -3.795310 18.643059 -87.183563
v -3.795312 27.088535 -87.183563
v -28.143715 18.643051 -87.183548
vn -0.0000 -0.0000 -1.0000
vt 0.488856 0.008658
vt 0.986664 0.008658
vt 0.986664 0.188651
vt 0.488856 0.188651
s 1
usemtl glass
f 2969/4568/4265 2971/4569/4265 2968/4570/4265
f 2968/4570/4265 2970/4571/4265 2969/4568/4265
o gaz2975_nomg_body.022
v 3.411201 18.643044 -86.705711
v 3.411200 27.088520 -86.705711
v 27.759605 27.088528 -86.705704
v 27.759605 18.643051 -86.705704
vn -0.0000 -0.0000 1.0000
vt 0.497068 0.642236
vt 0.994876 0.462244
vt 0.497068 0.462244
vt 0.994876 0.642236
s 1
usemtl glass
f 2972/4572/4266 2974/4573/4266 2973/4574/4266
f 2974/4573/4266 2972/4572/4266 2975/4575/4266
o gaz2975_nomg_body.023
v 27.759605 27.088528 -87.183556
v 3.411200 27.088520 -87.183556
v 3.411201 18.643044 -87.183556
v 27.759605 18.643051 -87.183556
vn -0.0000 -0.0000 -1.0000
vt 0.994876 0.462244
vt 0.497068 0.642236
vt 0.497068 0.462244
vt 0.994876 0.642236
s 1
usemtl glass
f 2976/4576/4267 2978/4577/4267 2977/4578/4267
f 2978/4577/4267 2976/4576/4267 2979/4579/4267
o gaz2975_nomg_turret.003
v 10.805019 50.565060 -15.086425
v 10.840448 49.593510 -16.739578
v 10.850557 47.658947 -16.719833
v 10.825188 46.695950 -15.046918
v 10.789734 47.667515 -13.393765
v 10.779650 49.602070 -13.413534
v 9.508713 50.564693 -15.086122
v 9.483366 49.601711 -13.413218
v 9.493427 47.667149 -13.393439
v 9.544165 49.593128 -16.739285
v 9.554235 47.658573 -16.719519
v 9.528885 46.695576 -15.046607
vn -0.0004 0.8621 -0.5067
vn 0.9998 0.0054 0.0183
vn 0.9998 0.0054 0.0182
vn -0.0001 0.8667 0.4989
vn 0.0002 0.0102 0.9999
vn -0.9998 -0.0054 -0.0183
vn -0.9998 -0.0054 -0.0182
vn 0.0004 -0.8621 0.5067
vn 0.0001 -0.8667 -0.4989
vn -0.0002 -0.0102 -0.9999
vt 0.713001 0.618592
vt 0.705647 0.618592
vt 0.705647 0.629411
vt 0.690750 0.647821
vt 0.697241 0.636377
vt 0.697241 0.644006
vt 0.690750 0.632557
vt 0.684123 0.636377
vt 0.684123 0.644006
vt 0.913054 0.472608
vt 0.906801 0.472608
vt 0.906801 0.454208
vt 0.913054 0.454208
vt 0.705647 0.640230
vt 0.713001 0.640230
vt 0.713001 0.629411
vt 0.911187 0.387312
vt 0.918540 0.387312
vt 0.918540 0.408949
vt 0.911187 0.408949
s 1
usemtl body
f 2986/4580/4268 2980/4581/4268 2981/4582/4268
f 2980/4583/4269 2982/4584/4269 2981/4585/4270
f 2983/4586/4269 2982/4584/4269 2980/4583/4269
f 2980/4583/4269 2984/4587/4269 2983/4586/4269
f 2980/4583/4269 2985/4588/4269 2984/4587/4269
f 2987/4589/4271 2985/4590/4271 2980/4591/4271
f 2980/4591/4271 2986/4592/4271 2987/4589/4271
f 2985/4593/4272 2987/4594/4272 2988/4595/4272
f 2988/4587/4273 2987/4588/4274 2986/4583/4273
f 2986/4583/4273 2989/4585/4273 2988/4587/4273
f 2988/4587/4273 2989/4585/4273 2990/4584/4273
f 2990/4584/4273 2991/4586/4273 2988/4587/4273
f 2984/4582/4275 2988/4595/4275 2991/4580/4275
f 2988/4595/4272 2984/4582/4272 2985/4593/4272
f 2983/4596/4276 2991/4597/4276 2990/4598/4276
f 2991/4580/4275 2983/4581/4275 2984/4582/4275
f 2982/4593/4277 2990/4594/4277 2989/4595/4277
f 2990/4598/4276 2982/4599/4276 2983/4596/4276
f 2981/4582/4268 2989/4595/4268 2986/4580/4268
f 2989/4595/4277 2981/4582/4277 2982/4593/4277
o gaz2975_nomg_turret.006
v 1.726573 50.562511 -15.084270
v 1.762013 49.590939 -16.737404
v 1.772098 47.656384 -16.717651
v 1.746742 46.693394 -15.044751
v 1.711300 47.664959 -13.391592
v 1.701216 49.599537 -13.411364
v 0.404908 49.599163 -13.411044
v 0.430264 50.562160 -15.083958
v 0.465705 49.590580 -16.737103
v 0.475777 47.656025 -16.717344
v 0.450433 46.693027 -15.044445
v 0.414979 47.664585 -13.391271
vn -0.0004 0.8621 -0.5067
vn 0.9998 0.0054 0.0183
vn -0.0001 0.8667 0.4989
vn -0.9998 -0.0054 -0.0183
vn -0.0002 -0.0102 -0.9999
vn 0.0001 -0.8667 -0.4989
vn 0.0004 -0.8621 0.5067
vn 0.0002 0.0102 0.9999
vt 0.705647 0.618592
vt 0.713001 0.618592
vt 0.713001 0.629411
vt 0.690750 0.647821
vt 0.697241 0.636377
vt 0.697241 0.644006
vt 0.690750 0.632557
vt 0.684123 0.636377
vt 0.684123 0.644006
vt 0.906801 0.472608
vt 0.913054 0.472608
vt 0.913054 0.454208
vt 0.906801 0.454208
vt 0.705647 0.629411
vt 0.713001 0.640230
vt 0.705647 0.640230
vt 0.918540 0.387312
vt 0.911187 0.387312
vt 0.911187 0.408949
vt 0.918540 0.408949
s 1
usemtl body
f 2999/4600/4278 2992/4601/4278 2993/4602/4278
f 2992/4603/4279 2994/4604/4279 2993/4605/4279
f 2995/4606/4279 2994/4604/4279 2992/4603/4279
f 2992/4603/4279 2996/4607/4279 2995/4606/4279
f 2992/4603/4279 2997/4608/4279 2996/4607/4279
f 2998/4609/4280 2997/4610/4280 2992/4611/4280
f 2992/4611/4280 2999/4612/4280 2998/4609/4280
f 2998/4608/4281 2999/4603/4281 3000/4605/4281
f 2993/4602/4278 3000/4613/4278 2999/4600/4278
f 3000/4605/4281 3001/4604/4281 2998/4608/4281
f 2994/4614/4282 3001/4615/4282 3000/4613/4282
f 3000/4613/4282 2993/4602/4282 2994/4614/4282
f 2998/4608/4281 3001/4604/4281 3002/4606/4281
f 2995/4616/4283 3002/4617/4283 3001/4618/4283
f 3001/4618/4283 2994/4619/4283 2995/4616/4283
f 3002/4606/4281 3003/4607/4281 2998/4608/4281
f 2996/4602/4284 3003/4613/4284 3002/4600/4284
f 3002/4600/4284 2995/4601/4284 2996/4602/4284
f 2997/4614/4285 2998/4615/4285 3003/4613/4285
f 3003/4613/4285 2996/4602/4285 2997/4614/4285
o gaz2975_nomg_turret.007
v 8.802179 48.012867 -19.204592
v 8.276247 47.657604 -18.298515
v 8.787579 47.657742 -18.298651
v 8.290867 48.012730 -19.204479
v 8.804598 49.020466 -19.633667
v 8.773327 50.389996 -18.326550
v 8.791689 50.030224 -19.225193
v 8.293264 49.020336 -19.633543
v 8.262003 50.389866 -18.326426
v 8.280369 50.030087 -19.225079
v 8.223921 50.395222 -16.243738
v 8.182718 47.670795 -13.182951
v 8.154640 52.817478 -13.166543
v 8.735254 50.395359 -16.243855
v 8.694029 47.670940 -13.183056
v 8.665949 52.817616 -13.166655
v 8.276316 52.872578 8.143268
v 8.494898 50.152988 -3.016976
v 8.505655 50.100994 -3.589553
v 8.558300 50.090099 -6.468989
v 8.633146 50.067478 -10.558856
v 7.765007 52.872433 8.143383
v 7.801336 50.275417 6.921508
v 7.747936 51.557690 9.465262
v 7.864604 48.749882 3.908490
v 7.917675 48.435604 1.098330
v 7.961533 49.316196 -1.563624
v 7.750104 52.488766 9.072536
v 7.983575 50.152859 -3.016848
v 8.261412 52.488903 9.072405
v 8.259270 51.557827 9.465145
v 8.274967 49.991787 9.068118
v 8.307034 50.159832 7.262094
v 8.312674 50.275555 6.921376
v 7.795739 50.159687 7.262209
v 8.375925 48.750034 3.908370
v 8.428974 48.435749 1.098216
v 8.472853 49.316326 -1.563759
v 7.796703 49.702816 7.345412
v 7.763646 49.991650 9.068235
v 8.299442 48.345028 8.214539
v 7.788133 48.344891 8.214664
v 8.334173 46.955830 6.723575
v 7.822867 46.955677 6.723680
v 7.809821 48.980389 6.839049
v 8.308037 49.702969 7.345294
v 8.321142 48.980534 6.838921
v 7.843993 47.870922 5.296837
v 8.355324 47.871059 5.296705
v 7.899789 46.932491 2.519215
v 7.894506 45.764317 3.154626
v 8.405851 45.764469 3.154484
v 8.477922 45.901279 -0.832640
v 7.966599 45.901150 -0.832511
v 8.517769 47.097599 -3.368238
v 8.006472 47.097454 -3.368128
v 7.984540 48.392780 -2.549679
v 7.949401 47.259815 -0.292819
v 8.411121 46.932636 2.519071
v 8.460735 47.259968 -0.292965
v 8.495884 48.392910 -2.549804
v 7.997475 49.569897 -3.605773
v 8.508785 49.570034 -3.605887
v 7.994321 50.100857 -3.589448
v 8.546659 49.680500 -5.711508
v 8.046978 50.089977 -6.468862
v 8.035364 49.680370 -5.711380
v 8.121838 50.067333 -10.558739
vn 0.0002 -0.9310 -0.3650
vn 0.0002 -0.9310 -0.3649
vn 0.9998 0.0054 0.0183
vn 0.9998 0.0054 0.0182
vn -0.0001 -0.3918 -0.9201
vn -0.0003 0.3750 -0.9270
vn -0.9998 -0.0054 -0.0183
vn -0.0003 0.9284 -0.3717
vn -0.0004 0.9284 -0.3717
vn -0.0002 1.0000 -0.0026
vn -0.0003 1.0000 -0.0026
vn -0.0003 0.7858 -0.6185
vn -0.0004 0.7858 -0.6185
vn -0.0001 0.9243 0.3817
vn -0.0003 0.6070 0.7947
vn -0.0001 0.7981 0.6025
vn 0.0001 0.3886 0.9214
vn 0.0003 -0.2457 0.9693
vn 0.0002 -0.9469 -0.3216
vn 0.0001 -0.9469 -0.3216
vn 0.0004 -0.9345 0.3559
vn 0.0004 -0.8922 0.4517
vn 0.0003 -0.9938 0.1111
vn 0.0004 -0.9703 0.2421
vn 0.0002 -0.9494 -0.3141
vn 0.0001 -0.8666 -0.4989
vn -0.0002 -0.1792 -0.9838
vn 0.0003 -0.4602 0.8878
vn 0.0004 -0.7316 0.6817
vn -0.0004 0.5740 -0.8189
vn -0.0003 0.8118 -0.5840
vn -0.0004 0.8118 -0.5840
vn -0.0004 0.9474 -0.3201
vn -0.0003 0.9474 -0.3201
vn 0.0004 -0.9485 0.3166
vn 0.0003 -0.9969 0.0793
vn 0.0003 -0.9802 0.1979
vn 0.0003 -0.9994 -0.0343
vn 0.0001 -0.9044 -0.4267
vn 0.0002 -0.9044 -0.4267
vn -0.0003 0.9933 0.1156
vn -0.0002 0.9933 0.1156
vn -0.0001 0.8937 0.4486
vn -0.0000 0.6678 0.7443
vn 0.0002 -0.0307 0.9995
vn 0.0001 -0.8796 -0.4757
vn -0.0000 -0.6719 -0.7406
vn 0.0002 -1.0000 0.0055
vn 0.0003 -1.0000 0.0055
vn 0.0004 -0.7384 0.6744
vn 0.0003 -0.9959 0.0904
vn 0.0003 -0.9959 0.0905
vn 0.0003 -0.9485 0.3166
vn 0.0003 -1.0000 0.0026
vt 0.784226 0.589363
vt 0.785975 0.589363
vt 0.785975 0.590919
vt 0.784226 0.590919
vt 0.324779 0.764949
vt 0.323663 0.767653
vt 0.320587 0.769006
vt 0.788118 0.590919
vt 0.316428 0.764949
vt 0.317510 0.767653
vt 0.074360 0.257719
vt 0.077605 0.257719
vt 0.077605 0.256163
vt 0.788118 0.589363
vt 0.394385 0.540065
vt 0.402119 0.536916
vt 0.396737 0.534726
vt 0.400097 0.534819
vt 0.074360 0.256163
vt 0.394398 0.537139
vt 0.071655 0.256163
vt 0.071655 0.257719
vt 0.404567 0.542928
vt 0.066719 0.256163
vt 0.400351 0.554719
vt 0.414994 0.548903
vt 0.066719 0.257719
vt 0.055291 0.256163
vt 0.316428 0.758458
vt 0.324779 0.749126
vt 0.309024 0.748991
vt 0.055291 0.257719
vt 0.003313 0.725396
vt 0.001620 0.725371
vt 0.001620 0.671005
vt 0.309024 0.683266
vt 0.317273 0.717751
vt 0.317409 0.719509
vt 0.317442 0.728435
vt 0.317713 0.741282
vt 0.003313 0.671029
vt 0.402784 0.452726
vt 0.395651 0.446428
vt 0.387579 0.445847
vt 0.389614 0.441017
vt 0.387602 0.443037
vt 0.406566 0.459723
vt 0.407072 0.467518
vt 0.406436 0.472179
vt 0.938584 0.555473
vt 0.938584 0.552717
vt 0.937029 0.552717
vt 0.410217 0.501448
vt 0.937029 0.555473
vt 0.937029 0.549683
vt 0.313081 0.679209
vt 0.310207 0.680426
vt 0.317307 0.686106
vt 0.317848 0.680561
vt 0.725031 0.590919
vt 0.722047 0.590919
vt 0.722047 0.589363
vt 0.938584 0.549683
vt 0.316969 0.687188
vt 0.722694 0.590919
vt 0.722694 0.589363
vt 0.728546 0.590919
vt 0.321601 0.696519
vt 0.322548 0.705174
vt 0.733981 0.590919
vt 0.728546 0.589363
vt 0.733981 0.589363
vt 0.739109 0.590919
vt 0.319843 0.713288
vt 0.739109 0.589363
vt 0.741898 0.590919
vt 0.395565 0.445396
vt 0.722955 0.589363
vt 0.396673 0.444679
vt 0.394112 0.440519
vt 0.725031 0.589363
vt 0.728448 0.589363
vt 0.728448 0.590919
vt 0.399305 0.441072
vt 0.732516 0.589363
vt 0.732516 0.590919
vt 0.404464 0.443507
vt 0.399091 0.445294
vt 0.724736 0.589363
vt 0.722955 0.590919
vt 0.724736 0.590919
vt 0.728503 0.589363
vt 0.403581 0.448134
vt 0.728503 0.590919
vt 0.734221 0.589363
vt 0.408965 0.454478
vt 0.411298 0.451527
vt 0.739437 0.589363
vt 0.739437 0.590919
vt 0.747135 0.590919
vt 0.747135 0.589363
vt 0.415136 0.462101
vt 0.752296 0.589363
vt 0.752296 0.590919
vt 0.410517 0.469183
vt 0.414749 0.469994
vt 0.411088 0.462149
vt 0.739656 0.589363
vt 0.734221 0.590919
vt 0.739656 0.590919
vt 0.743997 0.589363
vt 0.330256 0.711125
vt 0.326131 0.709502
vt 0.327145 0.700847
vt 0.743997 0.590919
vt 0.322649 0.716399
vt 0.746982 0.589363
vt 0.746982 0.590919
vt 0.319031 0.719644
vt 0.326604 0.718968
vt 0.747879 0.589363
vt 0.747879 0.590919
vt 0.318693 0.726136
vt 0.760257 0.589363
vt 0.760257 0.590919
vt 0.758660 0.590919
vt 0.758660 0.589363
vt 0.407156 0.473620
vt 0.410258 0.481158
vt 0.410525 0.478783
vt 0.408575 0.473175
vt 0.767255 0.589363
vt 0.767255 0.590919
vt 0.414913 0.491934
vt 0.774341 0.589363
vt 0.409853 0.559320
vt 0.741898 0.589363
vt 0.743013 0.589363
vt 0.743013 0.590919
vt 0.330729 0.698818
vt 0.324306 0.692192
vt 0.327112 0.687864
vt 0.320925 0.687458
vt 0.322886 0.683266
vt 0.318727 0.685836
vt 0.774341 0.590919
s 1
usemtl body
f 3005/4620/4286 3007/4621/4287 3004/4622/4286
f 3004/4622/4286 3006/4623/4286 3005/4620/4286
f 3006/4624/4288 3004/4625/4289 3008/4626/4288
f 3008/4627/4290 3004/4622/4290 3007/4621/4290
f 3008/4626/4288 3009/4628/4288 3006/4624/4288
f 3008/4626/4288 3010/4629/4288 3009/4628/4288
f 3010/4630/4291 3008/4631/4291 3011/4632/4291
f 3007/4621/4290 3011/4633/4290 3008/4627/4290
f 3005/4634/4292 3012/4635/4292 3011/4636/4292
f 3012/4635/4292 3013/4637/4292 3011/4636/4292
f 3011/4632/4291 3013/4638/4291 3010/4630/4291
f 3011/4636/4292 3007/4639/4292 3005/4634/4292
f 3013/4638/4293 3012/4640/4294 3009/4641/4293
f 3009/4641/4293 3010/4630/4293 3013/4638/4293
f 3014/4642/4292 3012/4635/4292 3005/4634/4292
f 3009/4641/4295 3012/4640/4295 3014/4643/4296
f 3005/4634/4292 3015/4644/4292 3014/4642/4292
f 3016/4645/4292 3014/4642/4292 3015/4644/4292
f 3017/4646/4297 3014/4643/4297 3016/4647/4298
f 3014/4643/4296 3017/4646/4296 3009/4641/4295
f 3017/4648/4288 3018/4649/4288 3006/4624/4288
f 3018/4649/4288 3017/4648/4288 3019/4650/4288
f 3016/4647/4298 3019/4651/4298 3017/4646/4297
f 3006/4624/4288 3009/4628/4288 3017/4648/4288
f 3025/4652/4295 3020/4653/4295 3019/4654/4296
f 3020/4655/4288 3021/4656/4288 3019/4650/4288
f 3021/4656/4288 3022/4657/4288 3019/4650/4288
f 3022/4657/4288 3023/4658/4288 3019/4650/4288
f 3023/4658/4288 3024/4659/4288 3019/4650/4288
f 3019/4650/4288 3024/4659/4288 3018/4649/4288
f 3019/4654/4296 3016/4660/4296 3025/4652/4295
f 3028/4661/4292 3026/4662/4292 3025/4663/4292
f 3026/4662/4292 3027/4664/4292 3025/4663/4292
f 3027/4664/4292 3031/4665/4292 3025/4663/4292
f 3028/4661/4292 3025/4663/4292 3029/4666/4292
f 3025/4663/4292 3030/4667/4292 3029/4666/4292
f 3025/4663/4292 3032/4668/4292 3030/4667/4292
f 3025/4669/4299 3031/4670/4300 3033/4671/4301
f 3025/4663/4292 3016/4672/4292 3032/4668/4292
f 3033/4671/4301 3020/4673/4299 3025/4669/4299
f 3034/4674/4302 3033/4671/4301 3031/4670/4300
f 3034/4675/4288 3020/4655/4288 3033/4676/4288
f 3036/4677/4288 3034/4675/4288 3035/4678/4288
f 3035/4679/4303 3034/4680/4303 3027/4681/4303
f 3031/4670/4300 3027/4682/4302 3034/4674/4302
f 3034/4675/4288 3036/4677/4288 3037/4683/4288
f 3034/4675/4288 3037/4683/4288 3020/4655/4288
f 3037/4684/4304 3036/4680/4304 3038/4681/4304
f 3038/4681/4304 3026/4685/4305 3037/4684/4304
f 3039/4686/4306 3037/4684/4307 3026/4685/4307
f 3020/4655/4288 3037/4683/4288 3039/4687/4288
f 3020/4655/4288 3039/4687/4288 3040/4688/4288
f 3040/4689/4308 3039/4686/4306 3028/4690/4309
f 3026/4685/4307 3028/4690/4309 3039/4686/4306
f 3028/4690/4309 3029/4691/4308 3040/4689/4308
f 3041/4692/4310 3040/4689/4310 3029/4691/4310
f 3020/4655/4288 3040/4688/4288 3041/4693/4288
f 3029/4691/4310 3030/4694/4310 3041/4692/4310
f 3021/4695/4311 3041/4692/4311 3030/4694/4311
f 3020/4655/4288 3041/4693/4288 3021/4656/4288
f 3026/4662/4292 3038/4696/4292 3027/4664/4292
f 3042/4697/4312 3038/4681/4312 3036/4680/4312
f 3038/4696/4292 3042/4698/4292 3043/4699/4292
f 3043/4699/4292 3027/4664/4292 3038/4696/4292
f 3043/4700/4313 3045/4701/4313 3044/4702/4313
f 3044/4702/4313 3035/4679/4313 3043/4700/4313
f 3027/4681/4303 3043/4700/4303 3035/4679/4303
f 3045/4703/4292 3043/4699/4292 3042/4698/4292
f 3045/4701/4314 3047/4704/4314 3046/4705/4314
f 3046/4705/4314 3044/4702/4314 3045/4701/4314
f 3047/4706/4292 3045/4703/4292 3048/4707/4292
f 3042/4698/4292 3048/4707/4292 3045/4703/4292
f 3048/4708/4315 3042/4697/4315 3049/4709/4315
f 3049/4709/4315 3050/4710/4315 3048/4708/4315
f 3051/4711/4316 3048/4708/4317 3050/4710/4317
f 3048/4707/4292 3051/4712/4292 3047/4706/4292
f 3050/4710/4317 3052/4713/4316 3051/4711/4316
f 3053/4714/4318 3051/4711/4319 3052/4713/4319
f 3051/4712/4292 3053/4715/4292 3054/4716/4292
f 3054/4716/4292 3047/4706/4292 3051/4712/4292
f 3047/4704/4320 3054/4717/4321 3055/4718/4322
f 3056/4719/4323 3055/4718/4322 3054/4717/4321
f 3054/4717/4321 3057/4720/4323 3056/4719/4323
f 3057/4721/4292 3054/4716/4292 3053/4715/4292
f 3057/4720/4324 3059/4722/4325 3058/4723/4325
f 3058/4723/4325 3056/4719/4324 3057/4720/4324
f 3060/4724/4292 3059/4725/4292 3057/4721/4292
f 3057/4721/4292 3061/4726/4292 3060/4724/4292
f 3053/4715/4292 3061/4726/4292 3057/4721/4292
f 3061/4727/4326 3053/4714/4327 3062/4728/4327
f 3062/4728/4327 3063/4729/4326 3061/4727/4326
f 3060/4730/4328 3061/4727/4328 3063/4729/4328
f 3056/4731/4288 3063/4732/4288 3062/4733/4288
f 3063/4729/4328 3064/4734/4328 3060/4730/4328
f 3064/4735/4289 3063/4732/4288 3056/4731/4288
f 3065/4736/4329 3060/4730/4329 3064/4734/4329
f 3064/4734/4329 3066/4737/4329 3065/4736/4329
f 3066/4738/4288 3064/4735/4289 3058/4739/4289
f 3056/4731/4288 3058/4739/4289 3064/4735/4289
f 3067/4740/4330 3065/4736/4330 3066/4737/4330
f 3066/4737/4330 3022/4741/4330 3067/4740/4330
f 3022/4657/4288 3066/4738/4288 3068/4742/4288
f 3058/4739/4289 3068/4742/4288 3066/4738/4288
f 3069/4743/4331 3023/4744/4331 3068/4745/4331
f 3068/4745/4331 3070/4746/4331 3069/4743/4331
f 3070/4746/4332 3068/4745/4332 3058/4723/4332
f 3068/4742/4288 3023/4658/4288 3022/4657/4288
f 3067/4747/4292 3069/4748/4292 3070/4749/4292
f 3058/4723/4332 3059/4722/4332 3070/4746/4332
f 3065/4750/4292 3070/4749/4292 3059/4725/4292
f 3070/4749/4292 3065/4750/4292 3067/4747/4292
f 3069/4743/4333 3071/4751/4334 3024/4752/4334
f 3024/4752/4334 3023/4744/4333 3069/4743/4333
f 3016/4672/4292 3071/4753/4292 3069/4748/4292
f 3016/4672/4292 3069/4748/4292 3067/4747/4292
f 3024/4752/4335 3071/4751/4335 3015/4754/4335
f 3015/4644/4292 3071/4755/4292 3016/4645/4292
f 3016/4672/4292 3067/4747/4292 3032/4668/4292
f 3032/4756/4336 3067/4757/4337 3022/4758/4336
f 3059/4725/4292 3060/4724/4292 3065/4750/4292
f 3055/4759/4288 3062/4733/4288 3052/4760/4288
f 3052/4713/4319 3062/4728/4318 3053/4714/4318
f 3062/4733/4288 3055/4759/4288 3056/4731/4288
f 3055/4718/4322 3046/4705/4338 3047/4704/4320
f 3052/4760/4288 3046/4761/4288 3055/4759/4288
f 3046/4761/4288 3052/4760/4288 3050/4762/4288
f 3044/4763/4288 3050/4762/4288 3049/4764/4288
f 3050/4762/4288 3044/4763/4288 3046/4761/4288
f 3035/4678/4288 3049/4764/4288 3036/4677/4288
f 3036/4680/4312 3049/4709/4312 3042/4697/4312
f 3049/4764/4288 3035/4678/4288 3044/4763/4288
f 3030/4694/4311 3032/4756/4311 3021/4695/4311
f 3022/4758/4336 3021/4695/4336 3032/4756/4336
f 3015/4754/4335 3018/4765/4335 3024/4752/4335
f 3005/4620/4339 3006/4623/4339 3018/4765/4339
f 3018/4765/4339 3015/4754/4339 3005/4620/4339
o gaz2975_nomg_turret.009
v 1.426679 48.997059 -15.705782
v 9.852091 48.257748 -15.700226
v 9.848213 48.999432 -15.707790
v 1.413085 49.369534 -15.072012
v 1.430552 48.255383 -15.698229
v 9.842358 47.888554 -15.058846
v 1.420810 47.886181 -15.056831
v 9.828773 48.261036 -14.425083
v 1.407226 48.258656 -14.423064
v 9.824913 49.002712 -14.432654
v 1.403376 49.000340 -14.430641
v 9.834656 49.371906 -15.074025
vn -0.0002 -0.0102 -0.9999
vn -0.0004 0.4900 -0.8717
vn -0.0004 0.6464 -0.7630
vn -0.0003 0.9812 -0.1929
vn 0.0001 -0.8667 -0.4989
vn 0.0002 -1.0000 0.0026
vn 0.0003 -0.9812 0.1929
vn 0.0004 -0.6464 0.7630
vn 0.0003 -0.4900 0.8717
vn 0.0002 0.0102 0.9999
vn -0.0001 0.8667 0.4989
vn -0.0003 1.0000 -0.0026
vt 0.421523 0.373250
vt 0.443566 0.373250
vt 0.443566 0.375549
vt 0.421523 0.375549
vt 0.443566 0.377865
vt 0.443566 0.380164
vt 0.421523 0.380164
vt 0.421523 0.377865
s 1
usemtl body
f 3073/4766/4340 3076/4767/4340 3072/4768/4340
f 3072/4768/4341 3074/4769/4342 3073/4766/4340
f 3074/4769/4342 3072/4768/4341 3075/4770/4343
f 3076/4771/4344 3073/4772/4344 3077/4773/4344
f 3077/4773/4345 3078/4770/4346 3076/4771/4344
f 3078/4770/4346 3077/4773/4345 3079/4769/4347
f 3079/4769/4347 3080/4768/4348 3078/4770/4346
f 3081/4766/4349 3082/4767/4349 3080/4768/4349
f 3080/4768/4348 3079/4769/4347 3081/4766/4349
f 3082/4771/4350 3081/4772/4350 3083/4773/4350
f 3083/4773/4351 3075/4770/4343 3082/4771/4350
f 3075/4770/4343 3083/4773/4351 3074/4769/4342
o gaz2975_nomg_turret.012
v 3.055534 50.393764 -16.242514
v 2.582283 50.388256 -18.325081
v 3.093592 50.388393 -18.325186
v 2.544188 50.393642 -16.242378
v 3.014279 47.669338 -13.181712
v 2.986203 52.816021 -13.165277
v 3.107832 47.656155 -18.297279
v 2.611120 48.011135 -19.203115
v 2.596511 47.656002 -18.297159
v 3.122442 48.011265 -19.203238
v 2.502971 47.669209 -13.181590
v 3.124862 49.018871 -19.632301
v 2.600633 50.028484 -19.223719
v 2.613544 49.018726 -19.632193
v 3.111966 50.028622 -19.223860
v 2.442091 50.065731 -10.557380
v 2.474881 52.815876 -13.165188
v 2.596617 52.870991 8.144623
v 2.085271 52.870846 8.144741
v 2.314588 50.099262 -3.588080
v 2.367255 50.088398 -6.467510
v 2.303842 50.151241 -3.015488
v 2.281810 49.314587 -1.562285
v 2.793104 49.314739 -1.562378
v 2.815163 50.151386 -3.015604
v 2.825907 50.099422 -3.588202
v 2.878567 50.088520 -6.467624
v 2.866914 49.678898 -5.710137
v 2.829098 49.568447 -3.604554
v 2.317739 49.568302 -3.604395
v 2.326750 47.095860 -3.366773
v 2.304792 48.391193 -2.548321
v 2.355629 49.678768 -5.710024
v 2.286854 45.899555 -0.831155
v 2.269702 47.258228 -0.291476
v 2.816139 48.391315 -2.548434
v 2.838057 47.096004 -3.366890
v 2.798176 45.899693 -0.831276
v 2.781000 47.258366 -0.291578
v 2.731386 46.931042 2.520440
v 2.220078 46.930889 2.520561
v 2.164268 47.869335 5.298214
v 2.214758 45.762722 3.155971
v 2.654451 46.954235 6.724929
v 2.143116 46.954082 6.725060
v 2.726081 45.762875 3.155870
v 2.675602 47.869488 5.298081
v 2.641433 48.978939 6.840263
v 2.130100 48.978779 6.840396
v 2.116956 49.701221 7.346770
v 2.108384 48.343304 8.216017
v 2.619708 48.343441 8.215902
v 2.595248 49.990208 9.069483
v 2.083925 49.990047 9.069607
v 2.579536 51.556232 9.466516
v 2.068203 51.556095 9.466621
v 2.115993 50.158115 7.263568
v 2.627326 50.158253 7.263448
v 2.121603 50.273823 6.922878
v 2.628290 49.701366 7.346669
v 2.632926 50.273968 6.922742
v 2.139843 49.828968 6.055358
v 2.651176 49.829121 6.055239
v 2.184882 48.748295 3.909860
v 2.696217 48.748432 3.909730
v 2.237942 48.434002 1.099686
v 2.749238 48.434155 1.099585
v 2.581677 52.487301 9.073779
v 2.070355 52.487164 9.073893
v 2.953424 50.065884 -10.557503
vn -0.0003 1.0000 -0.0026
vn -0.0002 1.0000 -0.0026
vn 0.9998 0.0054 0.0183
vn -0.0003 0.7858 -0.6185
vn -0.0004 0.7858 -0.6185
vn 0.0002 -0.9310 -0.3649
vn 0.0001 -0.9310 -0.3649
vn 0.0002 -0.9310 -0.3650
vn 0.0003 -1.0000 0.0026
vn 0.9998 0.0054 0.0182
vn -0.0003 0.3750 -0.9270
vn -0.0004 0.3750 -0.9270
vn -0.0001 -0.3918 -0.9201
vn -0.0003 0.9284 -0.3717
vn -0.9998 -0.0054 -0.0183
vn -0.9998 -0.0054 -0.0182
vn 0.0004 -0.7384 0.6744
vn 0.0003 -0.7384 0.6744
vn 0.0003 -0.9959 0.0904
vn 0.0002 -0.8666 -0.4989
vn 0.0001 -0.8666 -0.4989
vn 0.0004 -0.9959 0.0904
vn 0.0003 -0.0307 0.9995
vn 0.0003 -0.0308 0.9995
vn 0.0002 -0.0307 0.9995
vn -0.0000 0.6678 0.7443
vn 0.0001 -0.8796 -0.4757
vn -0.0000 -0.6719 -0.7406
vn -0.0001 0.8937 0.4486
vn -0.0001 0.8937 0.4487
vn -0.0003 0.9933 0.1156
vn -0.0004 0.9474 -0.3201
vn 0.0003 -0.9802 0.1979
vn 0.0003 -0.9969 0.0793
vn 0.0004 -0.9485 0.3166
vn 0.0002 -0.9994 -0.0343
vn -0.0004 0.8118 -0.5840
vn -0.0004 0.5740 -0.8189
vn -0.0003 0.5740 -0.8189
vn 0.0003 -0.4602 0.8878
vn 0.0004 -0.4602 0.8878
vn 0.0004 -0.7316 0.6817
vn 0.0003 -0.2457 0.9693
vn 0.0003 -0.2458 0.9693
vn -0.0002 -0.1792 -0.9838
vn 0.0002 -0.9469 -0.3216
vn -0.0001 -0.1792 -0.9838
vn 0.0004 -0.8898 0.4563
vn 0.0004 -0.8914 0.4531
vn 0.0004 -0.8920 0.4521
vn 0.0003 -0.9443 0.3292
vn 0.0003 -0.9766 0.2150
vn 0.0003 -0.9938 0.1112
vn 0.0003 -0.9938 0.1111
vn 0.0002 -0.9494 -0.3141
vn 0.0001 0.3886 0.9214
vn -0.0000 0.6070 0.7947
vn -0.0001 0.7981 0.6025
vn -0.0002 0.9243 0.3817
vn 0.0002 -0.9044 -0.4267
vn 0.0001 -0.9044 -0.4267
vn 0.0003 -1.0000 0.0055
vn 0.0002 -1.0000 0.0055
vt 0.071655 0.257719
vt 0.066719 0.257719
vt 0.066719 0.256163
vt 0.071655 0.256163
vt 0.488726 0.561738
vt 0.481758 0.561738
vt 0.481758 0.556322
vt 0.055291 0.256163
vt 0.488726 0.548536
vt 0.475580 0.548423
vt 0.785975 0.590919
vt 0.785975 0.589363
vt 0.784226 0.589363
vt 0.784226 0.590919
vt 0.774341 0.590919
vt 0.487796 0.563995
vt 0.485228 0.565124
vt 0.774341 0.589363
vt 0.074360 0.257719
vt 0.074360 0.256163
vt 0.077605 0.256163
vt 0.077605 0.257719
vt 0.788118 0.590919
vt 0.788118 0.589363
vt 0.482661 0.563995
vt 0.503592 0.486060
vt 0.502587 0.483548
vt 0.499730 0.482292
vt 0.496873 0.483548
vt 0.495837 0.486060
vt 0.767255 0.590919
vt 0.495837 0.500755
vt 0.503592 0.492089
vt 0.502399 0.508040
vt 0.510468 0.500880
vt 0.005247 0.725206
vt 0.005247 0.670840
vt 0.006940 0.670864
vt 0.006940 0.725230
vt 0.502807 0.529893
vt 0.510468 0.561921
vt 0.055291 0.257719
vt 0.502681 0.528261
vt 0.502650 0.519971
vt 0.741898 0.589363
vt 0.741898 0.590919
vt 0.743013 0.590919
vt 0.500421 0.534038
vt 0.739109 0.589363
vt 0.739109 0.590919
vt 0.475580 0.493581
vt 0.482464 0.522356
vt 0.484608 0.518632
vt 0.482577 0.523823
vt 0.743013 0.589363
vt 0.482605 0.531271
vt 0.483649 0.529352
vt 0.483931 0.523936
vt 0.746982 0.590919
vt 0.746982 0.589363
vt 0.747879 0.589363
vt 0.747879 0.590919
vt 0.501174 0.528135
vt 0.501488 0.522107
vt 0.494141 0.528763
vt 0.497815 0.531149
vt 0.743997 0.590919
vt 0.758660 0.590919
vt 0.760257 0.590919
vt 0.760257 0.589363
vt 0.758660 0.589363
vt 0.752296 0.590919
vt 0.490750 0.536048
vt 0.494580 0.537555
vt 0.743997 0.589363
vt 0.739656 0.590919
vt 0.486949 0.521228
vt 0.490250 0.523372
vt 0.493297 0.516827
vt 0.489855 0.515473
vt 0.739656 0.589363
vt 0.490701 0.508251
vt 0.734221 0.590919
vt 0.734221 0.589363
vt 0.728503 0.590919
vt 0.496276 0.553631
vt 0.493639 0.545593
vt 0.490310 0.547477
vt 0.739437 0.590919
vt 0.739437 0.589363
vt 0.732516 0.589363
vt 0.732516 0.590919
vt 0.493670 0.557650
vt 0.747135 0.590919
vt 0.488331 0.501029
vt 0.490673 0.497418
vt 0.493692 0.506558
vt 0.747135 0.589363
vt 0.728503 0.589363
vt 0.485511 0.497079
vt 0.724736 0.590919
vt 0.724736 0.589363
vt 0.722955 0.590919
vt 0.501457 0.559534
vt 0.499416 0.558027
vt 0.497595 0.561921
vt 0.728448 0.590919
vt 0.728448 0.589363
vt 0.725031 0.589363
vt 0.725031 0.590919
vt 0.502273 0.564433
vt 0.722047 0.589363
vt 0.722047 0.590919
vt 0.506700 0.565688
vt 0.502776 0.559283
vt 0.722955 0.589363
vt 0.722694 0.590919
vt 0.503090 0.558278
vt 0.483677 0.495725
vt 0.482943 0.491324
vt 0.487147 0.493581
vt 0.482492 0.495951
vt 0.722694 0.589363
vt 0.724379 0.590919
vt 0.501834 0.555892
vt 0.724379 0.589363
vt 0.728546 0.590919
vt 0.498788 0.549612
vt 0.728546 0.589363
vt 0.733981 0.590919
vt 0.497909 0.541574
vt 0.733981 0.589363
vt 0.486075 0.504640
vt 0.486865 0.511862
vt 0.483338 0.498998
vt 0.482210 0.496854
vt 0.478966 0.490196
vt 0.937029 0.549683
vt 0.938584 0.549683
vt 0.938584 0.552717
vt 0.937029 0.552717
vt 0.509369 0.564558
vt 0.938584 0.555473
vt 0.937029 0.555473
vt 0.476568 0.491212
vt 0.752296 0.589363
vt 0.767255 0.589363
vt 0.482831 0.541991
s 1
usemtl body
f 3085/4774/4352 3087/4775/4353 3084/4776/4353
f 3084/4776/4353 3086/4777/4352 3085/4774/4352
f 3090/4778/4354 3086/4779/4354 3084/4780/4354
f 3089/4781/4355 3084/4776/4356 3087/4775/4355
f 3084/4780/4354 3088/4782/4354 3090/4778/4354
f 3088/4782/4354 3084/4780/4354 3089/4783/4354
f 3091/4784/4357 3093/4785/4358 3090/4786/4357
f 3090/4786/4357 3092/4787/4359 3091/4784/4357
f 3094/4788/4360 3092/4787/4360 3090/4786/4360
f 3090/4778/4354 3093/4789/4361 3095/4790/4354
f 3090/4786/4360 3088/4791/4360 3094/4788/4360
f 3095/4790/4354 3086/4779/4354 3090/4778/4354
f 3096/4792/4362 3098/4793/4363 3095/4794/4362
f 3095/4794/4362 3097/4795/4362 3096/4792/4362
f 3097/4796/4364 3095/4797/4364 3093/4785/4364
f 3095/4790/4354 3098/4798/4354 3086/4779/4354
f 3085/4774/4365 3086/4777/4365 3098/4793/4365
f 3098/4793/4365 3096/4792/4365 3085/4774/4365
f 3085/4799/4366 3096/4800/4366 3097/4801/4366
f 3093/4785/4364 3091/4784/4364 3097/4796/4364
f 3097/4801/4366 3091/4802/4367 3092/4803/4366
f 3092/4803/4366 3085/4799/4366 3097/4801/4366
f 3099/4804/4368 3094/4788/4369 3088/4791/4369
f 3092/4803/4366 3094/4805/4366 3087/4806/4366
f 3094/4805/4366 3099/4807/4366 3100/4808/4366
f 3100/4808/4366 3087/4806/4366 3094/4805/4366
f 3101/4809/4353 3089/4810/4352 3100/4811/4352
f 3100/4811/4352 3102/4812/4353 3101/4809/4353
f 3100/4808/4366 3105/4813/4366 3102/4814/4366
f 3087/4775/4355 3100/4815/4355 3089/4781/4355
f 3100/4808/4366 3103/4816/4366 3105/4813/4366
f 3100/4808/4366 3104/4817/4366 3103/4816/4366
f 3100/4808/4366 3099/4807/4366 3104/4817/4366
f 3108/4818/4370 3105/4819/4370 3103/4820/4370
f 3105/4813/4366 3106/4821/4366 3102/4814/4366
f 3107/4822/4371 3106/4823/4371 3105/4819/4372
f 3105/4819/4372 3108/4818/4372 3107/4822/4371
f 3101/4824/4354 3108/4825/4354 3089/4783/4354
f 3101/4824/4354 3107/4826/4354 3108/4825/4354
f 3089/4783/4354 3108/4825/4354 3109/4827/4354
f 3103/4820/4370 3109/4828/4373 3108/4818/4370
f 3109/4827/4354 3110/4829/4354 3089/4783/4354
f 3111/4830/4354 3110/4829/4354 3109/4827/4354
f 3109/4827/4354 3112/4831/4361 3111/4830/4354
f 3113/4832/4374 3112/4833/4375 3109/4834/4374
f 3109/4834/4374 3103/4835/4376 3113/4832/4374
f 3113/4836/4366 3116/4837/4366 3114/4838/4366
f 3114/4838/4366 3115/4839/4366 3113/4836/4366
f 3112/4833/4377 3113/4832/4377 3115/4840/4377
f 3116/4837/4366 3113/4836/4366 3103/4816/4366
f 3116/4841/4378 3104/4842/4378 3110/4843/4378
f 3110/4843/4378 3111/4844/4378 3116/4841/4378
f 3114/4845/4379 3116/4841/4379 3111/4844/4379
f 3103/4816/4366 3104/4817/4366 3116/4837/4366
f 3115/4839/4366 3114/4838/4366 3117/4846/4366
f 3117/4846/4366 3118/4847/4366 3115/4839/4366
f 3119/4848/4380 3115/4840/4381 3118/4849/4380
f 3115/4840/4377 3119/4848/4377 3112/4833/4377
f 3112/4831/4361 3119/4850/4354 3120/4851/4354
f 3121/4852/4354 3120/4851/4354 3119/4850/4354
f 3119/4850/4354 3122/4853/4354 3121/4852/4354
f 3118/4849/4380 3122/4854/4380 3119/4848/4380
f 3121/4852/4354 3122/4853/4354 3123/4855/4354
f 3124/4856/4382 3123/4857/4382 3122/4854/4382
f 3122/4854/4382 3118/4849/4382 3124/4856/4382
f 3123/4857/4383 3124/4856/4383 3125/4858/4383
f 3125/4859/4366 3124/4860/4366 3126/4861/4366
f 3117/4846/4366 3126/4861/4366 3124/4860/4366
f 3124/4860/4366 3118/4847/4366 3117/4846/4366
f 3126/4862/4384 3129/4863/4385 3127/4864/4386
f 3127/4864/4386 3128/4865/4386 3126/4862/4384
f 3126/4861/4366 3128/4866/4366 3125/4859/4366
f 3129/4863/4385 3126/4862/4384 3117/4867/4387
f 3130/4868/4354 3127/4869/4354 3129/4870/4354
f 3117/4867/4387 3121/4871/4387 3129/4863/4385
f 3123/4855/4354 3129/4870/4354 3121/4852/4354
f 3129/4870/4354 3123/4855/4354 3130/4868/4354
f 3125/4858/4383 3130/4872/4383 3123/4857/4383
f 3127/4869/4354 3130/4868/4354 3131/4873/4354
f 3132/4874/4388 3131/4875/4388 3130/4872/4388
f 3130/4872/4388 3125/4858/4388 3132/4874/4388
f 3131/4875/4389 3132/4874/4389 3133/4876/4390
f 3133/4877/4366 3132/4878/4366 3134/4879/4366
f 3128/4866/4366 3134/4879/4366 3132/4878/4366
f 3132/4878/4366 3125/4859/4366 3128/4866/4366
f 3134/4880/4391 3135/4881/4391 3136/4882/4392
f 3135/4881/4393 3134/4880/4393 3128/4865/4393
f 3136/4882/4392 3137/4883/4392 3134/4880/4391
f 3134/4879/4366 3137/4884/4366 3133/4877/4366
f 3137/4883/4394 3136/4882/4395 3138/4885/4394
f 3138/4885/4394 3139/4886/4394 3137/4883/4394
f 3137/4884/4366 3139/4887/4366 3140/4888/4366
f 3140/4888/4366 3133/4877/4366 3137/4884/4366
f 3140/4886/4396 3141/4885/4396 3143/4889/4396
f 3141/4885/4397 3140/4886/4397 3142/4890/4397
f 3142/4891/4366 3140/4888/4366 3139/4887/4366
f 3143/4889/4396 3133/4876/4398 3140/4886/4396
f 3143/4892/4354 3136/4893/4354 3135/4894/4354
f 3135/4894/4354 3131/4873/4354 3143/4892/4354
f 3133/4876/4390 3143/4889/4390 3131/4875/4389
f 3136/4893/4354 3143/4892/4354 3141/4895/4354
f 3142/4890/4397 3144/4896/4397 3141/4885/4397
f 3144/4896/4399 3142/4890/4399 3145/4897/4400
f 3145/4898/4366 3142/4891/4366 3102/4814/4366
f 3142/4891/4366 3139/4887/4366 3102/4814/4366
f 3145/4897/4400 3146/4899/4401 3144/4896/4399
f 3146/4899/4401 3145/4897/4400 3147/4900/4402
f 3147/4901/4366 3145/4898/4366 3102/4814/4366
f 3147/4900/4402 3148/4902/4403 3146/4899/4401
f 3148/4902/4403 3147/4900/4402 3149/4903/4404
f 3149/4904/4366 3147/4901/4366 3102/4814/4366
f 3149/4903/4404 3150/4905/4405 3148/4902/4403
f 3150/4905/4406 3149/4903/4406 3106/4823/4406
f 3106/4821/4366 3149/4904/4366 3102/4814/4366
f 3101/4824/4354 3148/4906/4354 3150/4907/4354
f 3101/4824/4354 3150/4907/4354 3107/4826/4354
f 3106/4823/4406 3107/4822/4406 3150/4905/4406
f 3146/4908/4354 3148/4906/4354 3101/4824/4354
f 3144/4909/4354 3146/4908/4354 3101/4824/4354
f 3138/4910/4354 3141/4895/4354 3144/4909/4354
f 3138/4910/4354 3144/4909/4354 3101/4824/4354
f 3141/4895/4354 3138/4910/4354 3136/4893/4354
f 3139/4911/4407 3138/4912/4407 3151/4913/4408
f 3151/4913/4408 3152/4914/4409 3139/4911/4407
f 3139/4887/4366 3152/4915/4366 3102/4814/4366
f 3152/4914/4409 3151/4913/4408 3101/4916/4410
f 3101/4916/4410 3102/4917/4410 3152/4914/4409
f 3138/4910/4354 3101/4824/4354 3151/4918/4354
f 3128/4865/4393 3127/4864/4393 3135/4881/4393
f 3131/4873/4354 3135/4894/4354 3127/4869/4354
f 3114/4845/4411 3120/4919/4411 3121/4871/4412
f 3121/4871/4412 3117/4867/4412 3114/4845/4411
f 3120/4851/4354 3111/4830/4354 3112/4831/4361
f 3111/4844/4379 3120/4919/4379 3114/4845/4379
f 3099/4804/4413 3153/4920/4413 3110/4843/4414
f 3110/4843/4414 3104/4842/4414 3099/4804/4413
f 3110/4829/4354 3153/4921/4354 3089/4783/4354
f 3089/4783/4354 3153/4921/4354 3088/4782/4354
f 3088/4791/4369 3153/4920/4368 3099/4804/4368
f 3087/4806/4366 3085/4799/4366 3092/4803/4366
o gaz2975_nomg_turret.004
v 2.685929 54.034138 2.910764
v 2.704756 54.518490 1.737843
v 2.728656 54.028095 0.574872
v 2.743619 52.850254 0.103132
v 2.683236 52.858761 3.406545
v 2.174618 54.033993 2.910880
v 2.171902 52.858624 3.406675
v 2.217324 54.027973 0.575010
v 2.232311 52.850117 0.103253
v 2.193423 54.518337 1.737976
vn -0.0002 0.9243 0.3817
vn 0.9998 0.0054 0.0183
vn 0.0001 0.3886 0.9214
vn 0.0001 0.3887 0.9214
vn -0.9998 -0.0054 -0.0183
vn -0.0003 0.9214 -0.3885
vn -0.0004 0.9214 -0.3885
vn -0.0003 0.3718 -0.9283
vn -0.0004 0.3718 -0.9283
vt 0.449410 0.376580
vt 0.449410 0.374890
vt 0.453332 0.374890
vt 0.768272 0.550014
vt 0.760969 0.550014
vt 0.764621 0.548526
vt 0.759481 0.553631
vt 0.769759 0.553631
vt 0.445488 0.376580
vt 0.445488 0.374890
vt 0.457254 0.374890
vt 0.457254 0.376580
vt 0.453332 0.376580
vt 0.461175 0.374890
vt 0.461175 0.376580
s 1
usemtl body
f 3159/4922/4415 3154/4923/4415 3155/4924/4415
f 3154/4925/4416 3156/4926/4416 3155/4927/4416
f 3154/4925/4416 3157/4928/4416 3156/4926/4416
f 3154/4925/4416 3158/4929/4416 3157/4928/4416
f 3160/4930/4417 3158/4931/4417 3154/4923/4418
f 3154/4923/4418 3159/4922/4418 3160/4930/4417
f 3160/4929/4419 3159/4925/4419 3163/4927/4419
f 3161/4926/4419 3160/4929/4419 3163/4927/4419
f 3161/4926/4419 3162/4928/4419 3160/4929/4419
f 3156/4932/4420 3161/4933/4420 3163/4934/4421
f 3163/4934/4421 3155/4924/4421 3156/4932/4420
f 3155/4924/4415 3163/4934/4415 3159/4922/4415
f 3157/4935/4422 3162/4936/4422 3161/4933/4422
f 3161/4933/4422 3156/4932/4423 3157/4935/4422
o gaz2975_nomg_turret.005
v 8.365662 54.035725 2.909410
v 8.384478 54.520084 1.736487
v 8.408379 54.029690 0.573525
v 8.423344 52.851849 0.101778
v 8.362959 52.860355 3.405184
v 7.851635 52.860226 3.405312
v 7.854341 54.035580 2.909526
v 7.873155 54.519939 1.736614
v 7.897046 54.029552 0.573654
v 7.912033 52.851704 0.101869
vn -0.0002 0.9243 0.3817
vn 0.9998 0.0054 0.0183
vn 0.0001 0.3886 0.9214
vn 0.0001 0.3887 0.9214
vn -0.9998 -0.0054 -0.0183
vn -0.0003 0.9214 -0.3885
vn -0.0003 0.9214 -0.3886
vn -0.0004 0.9214 -0.3886
vn -0.0003 0.3718 -0.9283
vt 0.449410 0.374890
vt 0.449410 0.376580
vt 0.453332 0.376580
vt 0.768272 0.550014
vt 0.760969 0.550014
vt 0.764621 0.548526
vt 0.759481 0.553631
vt 0.769759 0.553631
vt 0.445488 0.374890
vt 0.445488 0.376580
vt 0.453332 0.374890
vt 0.457254 0.376580
vt 0.457254 0.374890
vt 0.461175 0.376580
vt 0.461175 0.374890
s 1
usemtl body
f 3170/4937/4424 3164/4938/4424 3165/4939/4424
f 3164/4940/4425 3166/4941/4425 3165/4942/4425
f 3164/4940/4425 3167/4943/4425 3166/4941/4425
f 3164/4940/4425 3168/4944/4425 3167/4943/4425
f 3169/4945/4426 3168/4946/4426 3164/4938/4427
f 3164/4938/4427 3170/4937/4427 3169/4945/4426
f 3169/4944/4428 3170/4940/4428 3171/4942/4428
f 3165/4939/4424 3171/4947/4424 3170/4937/4424
f 3166/4948/4429 3172/4949/4429 3171/4947/4430
f 3172/4941/4428 3169/4944/4428 3171/4942/4428
f 3171/4947/4430 3165/4939/4431 3166/4948/4429
f 3172/4941/4428 3173/4943/4428 3169/4944/4428
f 3167/4950/4432 3173/4951/4432 3172/4949/4432
f 3172/4949/4432 3166/4948/4432 3167/4950/4432
o gaz2975_nomg_turret.010
v 8.504831 52.206509 -8.704212
v 2.472895 52.387981 -8.391115
v 2.479573 52.204807 -8.702768
v 8.498169 52.389675 -8.392542
v 8.506737 51.841770 -8.700496
v 2.481467 51.840084 -8.699060
v 8.501972 51.660213 -8.385086
v 2.476686 51.658527 -8.383650
v 8.495258 51.843388 -8.073409
v 2.469997 51.841686 -8.071951
v 8.493387 52.208126 -8.077150
v 2.468114 52.206425 -8.075700
vn -0.0004 0.8621 -0.5067
vn -0.0002 -0.0102 -0.9999
vn 0.0001 -0.8667 -0.4989
vn 0.0004 -0.8621 0.5067
vn 0.0004 -0.8622 0.5066
vn 0.0002 0.0103 0.9999
vn -0.0001 0.8667 0.4989
vt 0.663871 0.616498
vt 0.711204 0.616498
vt 0.711204 0.614199
vt 0.663871 0.614199
vt 0.663871 0.611883
vt 0.711204 0.611883
vt 0.663871 0.609584
vt 0.711204 0.609584
s 1
usemtl body
f 3175/4952/4433 3177/4953/4433 3174/4954/4433
f 3174/4954/4433 3176/4955/4433 3175/4952/4433
f 3176/4955/4434 3174/4954/4434 3178/4953/4434
f 3178/4953/4434 3179/4952/4434 3176/4955/4434
f 3179/4956/4435 3178/4957/4435 3180/4954/4435
f 3180/4954/4435 3181/4955/4435 3179/4956/4435
f 3181/4958/4436 3180/4959/4436 3182/4957/4436
f 3182/4957/4437 3183/4956/4437 3181/4958/4437
f 3183/4956/4438 3182/4957/4438 3184/4959/4438
f 3184/4959/4438 3185/4958/4438 3183/4956/4438
f 3185/4955/4439 3184/4954/4439 3177/4957/4439
f 3177/4957/4439 3175/4956/4439 3185/4955/4439
o gaz2975_nomg_turret.011
v 2.600264 50.835201 7.256527
v 2.973163 51.180943 -13.256698
v 2.598186 51.233822 7.252450
v 2.975264 50.782307 -13.252637
v 7.815747 50.836674 7.255304
v 7.813694 51.235310 7.251196
v 8.190762 50.783772 -13.253894
v 8.188660 51.182392 -13.257946
vn -0.9998 -0.0055 -0.0183
vn -0.9998 -0.0054 -0.0183
vn 0.0002 0.0102 0.9999
vn 0.0002 0.0103 0.9999
vn 0.0003 -1.0000 0.0026
vn 0.9998 0.0053 0.0183
vn 0.9998 0.0055 0.0183
vn -0.0002 -0.0102 -0.9999
vn -0.0003 1.0000 -0.0026
vt 0.899450 0.554270
vt 0.899450 0.553052
vt 0.836295 0.553052
vt 0.836295 0.554270
vt 0.747847 0.294869
vt 0.746630 0.294869
vt 0.746630 0.310894
vt 0.836295 0.538244
vt 0.747847 0.310894
vt 0.899450 0.538244
s 1
usemtl body
f 3187/4960/4440 3189/4961/4440 3186/4962/4441
f 3186/4962/4441 3188/4963/4441 3187/4960/4440
f 3188/4964/4442 3186/4965/4442 3190/4966/4443
f 3190/4967/4444 3186/4963/4444 3189/4960/4444
f 3190/4966/4443 3191/4968/4443 3188/4964/4442
f 3191/4963/4445 3190/4962/4445 3192/4961/4446
f 3189/4960/4444 3192/4969/4444 3190/4967/4444
f 3192/4961/4446 3193/4960/4446 3191/4963/4445
f 3193/4968/4447 3192/4966/4447 3189/4965/4447
f 3193/4969/4448 3187/4960/4448 3188/4963/4448
f 3188/4963/4448 3191/4967/4448 3193/4969/4448
f 3189/4965/4447 3187/4964/4447 3193/4968/4447
o gaz2975_nomg_turret.013
v 2.953927 51.220280 1.971773
v 3.220824 53.872326 -8.644787
v 3.058295 53.895260 0.243963
v 3.178612 51.188602 -10.317816
v 3.529396 51.220440 1.971632
v 3.459291 53.895374 0.243870
v 3.754104 51.188747 -10.317955
v 3.621816 53.872456 -8.644897
vn -0.9995 0.0272 -0.0183
vn -0.9995 0.0271 -0.0183
vn 0.0001 0.5426 0.8400
vn -0.0000 0.5426 0.8400
vn 0.9991 0.0379 0.0182
vn -0.0003 0.5290 -0.8486
vn -0.0003 1.0000 -0.0026
vn -0.0002 1.0000 -0.0026
vn -0.0004 0.5290 -0.8486
vt 0.519891 0.710560
vt 0.514913 0.718301
vt 0.550728 0.718301
vt 0.545750 0.710560
vt 0.002031 0.371176
vt 0.002302 0.362554
vt 0.000476 0.362554
vt 0.000747 0.371176
vt 0.519509 0.709386
vt 0.514531 0.701645
vt 0.550346 0.701645
vt 0.545368 0.709386
vt 0.362068 0.588543
vt 0.362068 0.589834
vt 0.333262 0.589834
vt 0.333262 0.588543
s 1
usemtl body
f 3195/4970/4449 3197/4971/4449 3194/4972/4449
f 3194/4972/4450 3196/4973/4450 3195/4970/4450
f 3196/4974/4451 3194/4975/4451 3198/4976/4451
f 3198/4976/4452 3199/4977/4452 3196/4974/4452
f 3199/4978/4453 3198/4979/4453 3200/4980/4453
f 3200/4980/4453 3201/4981/4453 3199/4978/4453
f 3201/4977/4454 3200/4976/4454 3197/4975/4454
f 3201/4982/4455 3195/4983/4455 3196/4984/4456
f 3196/4984/4456 3199/4985/4456 3201/4982/4455
f 3197/4975/4457 3195/4974/4457 3201/4977/4457
